0
0.01000022
0.020000441
0.030000661
0.040000881
0.050001101
0.060001322
0.070001542
0.080001762
0.090001982
0.100002203
0.110002423
0.120002643
0.130002863
0.140003084
0.150003304
0.160003524
0.170003745
0.180003965
0.190004185
0.200004405
0.210004626
0.220004846
0.230005066
0.240005286
0.250005507
0.260005727
0.270005947
0.280006168
0.290006388
0.300006608
0.310006828
0.320007049
0.330007269
0.340007489
0.350007709
0.36000793
0.37000815
0.38000837
0.39000859
0.400008811
0.410009031
0.420009251
0.430009472
0.440009692
0.450009912
0.460010132
0.470010353
0.480010573
0.490010793
0.500011013
0.510011234
0.520011454
0.530011674
0.540011895
0.550012115
0.560012335
0.570012555
0.580012776
0.590012996
0.600013216
0.610013436
0.620013657
0.630013877
0.640014097
0.650014317
0.660014538
0.670014758
0.680014978
0.690015199
0.700015419
0.710015639
0.720015859
0.73001608
0.7400163
0.75001652
0.76001674
0.770016961
0.780017181
0.790017401
0.800017622
0.810017842
0.820018062
0.830018282
0.840018503
0.850018723
0.860018943
0.870019163
0.880019384
0.890019604
0.900019824
0.910020044
0.920020265
0.930020485
0.940020705
0.950020926
0.960021146
0.970021366
0.980021586
0.990021807
1.000022027
1.010022247
1.020022467
1.030022688
1.040022908
1.050023128
1.060023349
1.070023569
1.080023789
1.090024009
1.10002423
1.11002445
1.12002467
1.13002489
1.140025111
1.150025331
1.160025551
1.170025771
1.180025992
1.190026212
1.200026432
1.210026653
1.220026873
1.230027093
1.240027313
1.250027534
1.260027754
1.270027974
1.280028194
1.290028415
1.300028635
1.310028855
1.320029076
1.330029296
1.340029516
1.350029736
1.360029957
1.370030177
1.380030397
1.390030617
1.400030838
1.410031058
1.420031278
1.430031498
1.440031719
1.450031939
1.460032159
1.47003238
1.4800326
1.49003282
1.50003304
1.510033261
1.520033481
1.530033701
1.540033921
1.550034142
1.560034362
1.570034582
1.580034803
1.590035023
1.600035243
1.610035463
1.620035684
1.630035904
1.640036124
1.650036344
1.660036565
1.670036785
1.680037005
1.690037225
1.700037446
1.710037666
1.720037886
1.730038107
1.740038327
1.750038547
1.760038767
1.770038988
1.780039208
1.790039428
1.800039648
1.810039869
1.820040089
1.830040309
1.84004053
1.85004075
1.86004097
1.87004119
1.880041411
1.890041631
1.900041851
1.910042071
1.920042292
1.930042512
1.940042732
1.950042952
1.960043173
1.970043393
1.980043613
1.990043834
2.000044054
2.010044274
2.020044494
2.030044715
2.040044935
2.050045155
2.060045375
2.070045596
2.080045816
2.090046036
2.100046257
2.110046477
2.120046697
2.130046917
2.140047138
2.150047358
2.160047578
2.170047798
2.180048019
2.190048239
2.200048459
2.210048679
2.2200489
2.23004912
2.24004934
2.250049561
2.260049781
2.270050001
2.280050221
2.290050442
2.300050662
2.310050882
2.320051102
2.330051323
2.340051543
2.350051763
2.360051984
2.370052204
2.380052424
2.390052644
2.400052865
2.410053085
2.420053305
2.430053525
2.440053746
2.450053966
2.460054186
2.470054406
2.480054627
2.490054847
2.500055067
2.510055288
2.520055508
2.530055728
2.540055948
2.550056169
2.560056389
2.570056609
2.580056829
2.59005705
2.60005727
2.61005749
2.620057711
2.630057931
2.640058151
2.650058371
2.660058592
2.670058812
2.680059032
2.690059252
2.700059473
2.710059693
2.720059913
2.730060133
2.740060354
2.750060574
2.760060794
2.770061015
2.780061235
2.790061455
2.800061675
2.810061896
2.820062116
2.830062336
2.840062556
2.850062777
2.860062997
2.870063217
2.880063438
2.890063658
2.900063878
2.910064098
2.920064319
2.930064539
2.940064759
2.950064979
2.9600652
2.97006542
2.98006564
2.99006586
3.000066081
3.010066301
3.020066521
3.030066742
3.040066962
3.050067182
3.060067402
3.070067623
3.080067843
3.090068063
3.100068283
3.110068504
3.120068724
3.130068944
3.140069165
3.150069385
3.160069605
3.170069825
3.180070046
3.190070266
3.200070486
3.210070706
3.220070927
3.230071147
3.240071367
3.250071587
3.260071808
3.270072028
3.280072248
3.290072469
3.300072689
3.310072909
3.320073129
3.33007335
3.34007357
3.35007379
3.36007401
3.370074231
3.380074451
3.390074671
3.400074892
3.410075112
3.420075332
3.430075552
3.440075773
3.450075993
3.460076213
3.470076433
3.480076654
3.490076874
3.500077094
3.510077314
3.520077535
3.530077755
3.540077975
3.550078196
3.560078416
3.570078636
3.580078856
3.590079077
3.600079297
3.610079517
3.620079737
3.630079958
3.640080178
3.650080398
3.660080619
3.670080839
3.680081059
3.690081279
3.7000815
3.71008172
3.72008194
3.73008216
3.740082381
3.750082601
3.760082821
3.770083041
3.780083262
3.790083482
3.800083702
3.810083923
3.820084143
3.830084363
3.840084583
3.850084804
3.860085024
3.870085244
3.880085464
3.890085685
3.900085905
3.910086125
3.920086346
3.930086566
3.940086786
3.950087006
3.960087227
3.970087447
3.980087667
3.990087887
4.000088108
4.010088328
4.020088548
4.030088768
4.040088989
4.050089209
4.060089429
4.07008965
4.08008987
4.09009009
4.10009031
4.110090531
4.120090751
4.130090971
4.140091191
4.150091412
4.160091632
4.170091852
4.180092073
4.190092293
4.200092513
4.210092733
4.220092954
4.230093174
4.240093394
4.250093614
4.260093835
4.270094055
4.280094275
4.290094495
4.300094716
4.310094936
4.320095156
4.330095377
4.340095597
4.350095817
4.360096037
4.370096258
4.380096478
4.390096698
4.400096918
4.410097139
4.420097359
4.430097579
4.4400978
4.45009802
4.46009824
4.47009846
4.480098681
4.490098901
4.500099121
4.510099341
4.520099562
4.530099782
4.540100002
4.550100222
4.560100443
4.570100663
4.580100883
4.590101104
4.600101324
4.610101544
4.620101764
4.630101985
4.640102205
4.650102425
4.660102645
4.670102866
4.680103086
4.690103306
4.700103527
4.710103747
4.720103967
4.730104187
4.740104408
4.750104628
4.760104848
4.770105068
4.780105289
4.790105509
4.800105729
4.810105949
4.82010617
4.83010639
4.84010661
4.850106831
4.860107051
4.870107271
4.880107491
4.890107712
4.900107932
4.910108152
4.920108372
4.930108593
4.940108813
4.950109033
4.960109254
4.970109474
4.980109694
4.990109914
5.000110135
5.010110355
5.020110575
5.030110795
5.040111016
5.050111236
5.060111456
5.070111676
5.080111897
5.090112117
5.100112337
5.110112558
5.120112778
5.130112998
5.140113218
5.150113439
5.160113659
5.170113879
5.180114099
5.19011432
5.20011454
5.21011476
5.220114981
5.230115201
5.240115421
5.250115641
5.260115862
5.270116082
5.280116302
5.290116522
5.300116743
5.310116963
5.320117183
5.330117403
5.340117624
5.350117844
5.360118064
5.370118285
5.380118505
5.390118725
5.400118945
5.410119166
5.420119386
5.430119606
5.440119826
5.450120047
5.460120267
5.470120487
5.480120708
5.490120928
5.500121148
5.510121368
5.520121589
5.530121809
5.540122029
5.550122249
5.56012247
5.57012269
5.58012291
5.59012313
5.600123351
5.610123571
5.620123791
5.630124012
5.640124232
5.650124452
5.660124672
5.670124893
5.680125113
5.690125333
5.700125553
5.710125774
5.720125994
5.730126214
5.740126435
5.750126655
5.760126875
5.770127095
5.780127316
5.790127536
5.800127756
5.810127976
5.820128197
5.830128417
5.840128637
5.850128857
5.860129078
5.870129298
5.880129518
5.890129739
5.900129959
5.910130179
5.920130399
5.93013062
5.94013084
5.95013106
5.96013128
5.970131501
5.980131721
5.990131941
6.000132162
6.010132382
6.020132602
6.030132822
6.040133043
6.050133263
6.060133483
6.070133703
6.080133924
6.090134144
6.100134364
6.110134584
6.120134805
6.130135025
6.140135245
6.150135466
6.160135686
6.170135906
6.180136126
6.190136347
6.200136567
6.210136787
6.220137007
6.230137228
6.240137448
6.250137668
6.260137888
6.270138109
6.280138329
6.290138549
6.30013877
6.31013899
6.32013921
6.33013943
6.340139651
6.350139871
6.360140091
6.370140311
6.380140532
6.390140752
6.400140972
6.410141193
6.420141413
6.430141633
6.440141853
6.450142074
6.460142294
6.470142514
6.480142734
6.490142955
6.500143175
6.510143395
6.520143615
6.530143836
6.540144056
6.550144276
6.560144497
6.570144717
6.580144937
6.590145157
6.600145378
6.610145598
6.620145818
6.630146038
6.640146259
6.650146479
6.660146699
6.67014692
6.68014714
6.69014736
6.70014758
6.710147801
6.720148021
6.730148241
6.740148461
6.750148682
6.760148902
6.770149122
6.780149342
6.790149563
6.800149783
6.810150003
6.820150224
6.830150444
6.840150664
6.850150884
6.860151105
6.870151325
6.880151545
6.890151765
6.900151986
6.910152206
6.920152426
6.930152647
6.940152867
6.950153087
6.960153307
6.970153528
6.980153748
6.990153968
7.000154188
7.010154409
7.020154629
7.030154849
7.040155069
7.05015529
7.06015551
7.07015573
7.080155951
7.090156171
7.100156391
7.110156611
7.120156832
7.130157052
7.140157272
7.150157492
7.160157713
7.170157933
7.180158153
7.190158374
7.200158594
7.210158814
7.220159034
7.230159255
7.240159475
7.250159695
7.260159915
7.270160136
7.280160356
7.290160576
7.300160796
7.310161017
7.320161237
7.330161457
7.340161678
7.350161898
7.360162118
7.370162338
7.380162559
7.390162779
7.400162999
7.410163219
7.42016344
7.43016366
7.44016388
7.450164101
7.460164321
7.470164541
7.480164761
7.490164982
7.500165202
7.510165422
7.520165642
7.530165863
7.540166083
7.550166303
7.560166523
7.570166744
7.580166964
7.590167184
7.600167405
7.610167625
7.620167845
7.630168065
7.640168286
7.650168506
7.660168726
7.670168946
7.680169167
7.690169387
7.700169607
7.710169828
7.720170048
7.730170268
7.740170488
7.750170709
7.760170929
7.770171149
7.780171369
7.79017159
7.80017181
7.81017203
7.82017225
7.830172471
7.840172691
7.850172911
7.860173132
7.870173352
7.880173572
7.890173792
7.900174013
7.910174233
7.920174453
7.930174673
7.940174894
7.950175114
7.960175334
7.970175555
7.980175775
7.990175995
8.000176215
8.010176436
8.020176656
8.030176876
8.040177096
8.050177317
8.060177537
8.070177757
8.080177977
8.090178198
8.100178418
8.110178638
8.120178859
8.130179079
8.140179299
8.150179519
8.16017974
8.17017996
8.18018018
8.1901804
8.200180621
8.210180841
8.220181061
8.230181282
8.240181502
8.250181722
8.260181942
8.270182163
8.280182383
8.290182603
8.300182823
8.310183044
8.320183264
8.330183484
8.340183704
8.350183925
8.360184145
8.370184365
8.380184586
8.390184806
8.400185026
8.410185246
8.420185467
8.430185687
8.440185907
8.450186127
8.460186348
8.470186568
8.480186788
8.490187009
8.500187229
8.510187449
8.520187669
8.53018789
8.54018811
8.55018833
8.56018855
8.570188771
8.580188991
8.590189211
8.600189431
8.610189652
8.620189872
8.630190092
8.640190313
8.650190533
8.660190753
8.670190973
8.680191194
8.690191414
8.700191634
8.710191854
8.720192075
8.730192295
8.740192515
8.750192736
8.760192956
8.770193176
8.780193396
8.790193617
8.800193837
8.810194057
8.820194277
8.830194498
8.840194718
8.850194938
8.860195158
8.870195379
8.880195599
8.890195819
8.90019604
8.91019626
8.92019648
8.9301967
8.940196921
8.950197141
8.960197361
8.970197581
8.980197802
8.990198022
9.000198242
9.010198463
9.020198683
9.030198903
9.040199123
9.050199344
9.060199564
9.070199784
9.080200004
9.090200225
9.100200445
9.110200665
9.120200885
9.130201106
9.140201326
9.150201546
9.160201767
9.170201987
9.180202207
9.190202427
9.200202648
9.210202868
9.220203088
9.230203308
9.240203529
9.250203749
9.260203969
9.27020419
9.28020441
9.29020463
9.30020485
9.310205071
9.320205291
9.330205511
9.340205731
9.350205952
9.360206172
9.370206392
9.380206612
9.390206833
9.400207053
9.410207273
9.420207494
9.430207714
9.440207934
9.450208154
9.460208375
9.470208595
9.480208815
9.490209035
9.500209256
9.510209476
9.520209696
9.530209917
9.540210137
9.550210357
9.560210577
9.570210798
9.580211018
9.590211238
9.600211458
9.610211679
9.620211899
9.630212119
9.640212339
9.65021256
9.66021278
9.670213
9.680213221
9.690213441
9.700213661
9.710213881
9.720214102
9.730214322
9.740214542
9.750214762
9.760214983
9.770215203
9.780215423
9.790215644
9.800215864
9.810216084
9.820216304
9.830216525
9.840216745
9.850216965
9.860217185
9.870217406
9.880217626
9.890217846
9.900218066
9.910218287
9.920218507
9.930218727
9.940218948
9.950219168
9.960219388
9.970219608
9.980219829
9.990220049
10.00022027
10.01022049
10.02022071
10.03022093
10.04022115
10.05022137
10.06022159
10.07022181
10.08022203
10.09022225
10.10022247
10.11022269
10.12022291
10.13022313
10.14022335
10.15022357
10.16022379
10.17022401
10.18022423
10.19022445
10.20022467
10.21022489
10.22022512
10.23022534
10.24022556
10.25022578
10.260226
10.27022622
10.28022644
10.29022666
10.30022688
10.3102271
10.32022732
10.33022754
10.34022776
10.35022798
10.3602282
10.37022842
10.38022864
10.39022886
10.40022908
10.4102293
10.42022952
10.43022974
10.44022996
10.45023018
10.4602304
10.47023062
10.48023084
10.49023106
10.50023128
10.5102315
10.52023172
10.53023194
10.54023216
10.55023238
10.5602326
10.57023282
10.58023304
10.59023327
10.60023349
10.61023371
10.62023393
10.63023415
10.64023437
10.65023459
10.66023481
10.67023503
10.68023525
10.69023547
10.70023569
10.71023591
10.72023613
10.73023635
10.74023657
10.75023679
10.76023701
10.77023723
10.78023745
10.79023767
10.80023789
10.81023811
10.82023833
10.83023855
10.84023877
10.85023899
10.86023921
10.87023943
10.88023965
10.89023987
10.90024009
10.91024031
10.92024053
10.93024075
10.94024097
10.95024119
10.96024142
10.97024164
10.98024186
10.99024208
11.0002423
11.01024252
11.02024274
11.03024296
11.04024318
11.0502434
11.06024362
11.07024384
11.08024406
11.09024428
11.1002445
11.11024472
11.12024494
11.13024516
11.14024538
11.1502456
11.16024582
11.17024604
11.18024626
11.19024648
11.2002467
11.21024692
11.22024714
11.23024736
11.24024758
11.2502478
11.26024802
11.27024824
11.28024846
11.29024868
11.3002489
11.31024912
11.32024934
11.33024956
11.34024979
11.35025001
11.36025023
11.37025045
11.38025067
11.39025089
11.40025111
11.41025133
11.42025155
11.43025177
11.44025199
11.45025221
11.46025243
11.47025265
11.48025287
11.49025309
11.50025331
11.51025353
11.52025375
11.53025397
11.54025419
11.55025441
11.56025463
11.57025485
11.58025507
11.59025529
11.60025551
11.61025573
11.62025595
11.63025617
11.64025639
11.65025661
11.66025683
11.67025705
11.68025727
11.69025749
11.70025771
11.71025794
11.72025816
11.73025838
11.7402586
11.75025882
11.76025904
11.77025926
11.78025948
11.7902597
11.80025992
11.81026014
11.82026036
11.83026058
11.8402608
11.85026102
11.86026124
11.87026146
11.88026168
11.8902619
11.90026212
11.91026234
11.92026256
11.93026278
11.940263
11.95026322
11.96026344
11.97026366
11.98026388
11.9902641
12.00026432
12.01026454
12.02026476
12.03026498
12.0402652
12.05026542
12.06026564
12.07026586
12.08026609
12.09026631
12.10026653
12.11026675
12.12026697
12.13026719
12.14026741
12.15026763
12.16026785
12.17026807
12.18026829
12.19026851
12.20026873
12.21026895
12.22026917
12.23026939
12.24026961
12.25026983
12.26027005
12.27027027
12.28027049
12.29027071
12.30027093
12.31027115
12.32027137
12.33027159
12.34027181
12.35027203
12.36027225
12.37027247
12.38027269
12.39027291
12.40027313
12.41027335
12.42027357
12.43027379
12.44027401
12.45027424
12.46027446
12.47027468
12.4802749
12.49027512
12.50027534
12.51027556
12.52027578
12.530276
12.54027622
12.55027644
12.56027666
12.57027688
12.5802771
12.59027732
12.60027754
12.61027776
12.62027798
12.6302782
12.64027842
12.65027864
12.66027886
12.67027908
12.6802793
12.69027952
12.70027974
12.71027996
12.72028018
12.7302804
12.74028062
12.75028084
12.76028106
12.77028128
12.7802815
12.79028172
12.80028194
12.81028216
12.82028239
12.83028261
12.84028283
12.85028305
12.86028327
12.87028349
12.88028371
12.89028393
12.90028415
12.91028437
12.92028459
12.93028481
12.94028503
12.95028525
12.96028547
12.97028569
12.98028591
12.99028613
13.00028635
13.01028657
13.02028679
13.03028701
13.04028723
13.05028745
13.06028767
13.07028789
13.08028811
13.09028833
13.10028855
13.11028877
13.12028899
13.13028921
13.14028943
13.15028965
13.16028987
13.17029009
13.18029031
13.19029054
13.20029076
13.21029098
13.2202912
13.23029142
13.24029164
13.25029186
13.26029208
13.2702923
13.28029252
13.29029274
13.30029296
13.31029318
13.3202934
13.33029362
13.34029384
13.35029406
13.36029428
13.3702945
13.38029472
13.39029494
13.40029516
13.41029538
13.4202956
13.43029582
13.44029604
13.45029626
13.46029648
13.4702967
13.48029692
13.49029714
13.50029736
13.51029758
13.5202978
13.53029802
13.54029824
13.55029846
13.56029868
13.57029891
13.58029913
13.59029935
13.60029957
13.61029979
13.62030001
13.63030023
13.64030045
13.65030067
13.66030089
13.67030111
13.68030133
13.69030155
13.70030177
13.71030199
13.72030221
13.73030243
13.74030265
13.75030287
13.76030309
13.77030331
13.78030353
13.79030375
13.80030397
13.81030419
13.82030441
13.83030463
13.84030485
13.85030507
13.86030529
13.87030551
13.88030573
13.89030595
13.90030617
13.91030639
13.92030661
13.93030683
13.94030706
13.95030728
13.9603075
13.97030772
13.98030794
13.99030816
14.00030838
14.0103086
14.02030882
14.03030904
14.04030926
14.05030948
14.0603097
14.07030992
14.08031014
14.09031036
14.10031058
14.1103108
14.12031102
14.13031124
14.14031146
14.15031168
14.1603119
14.17031212
14.18031234
14.19031256
14.20031278
14.210313
14.22031322
14.23031344
14.24031366
14.25031388
14.2603141
14.27031432
14.28031454
14.29031476
14.30031498
14.31031521
14.32031543
14.33031565
14.34031587
14.35031609
14.36031631
14.37031653
14.38031675
14.39031697
14.40031719
14.41031741
14.42031763
14.43031785
14.44031807
14.45031829
14.46031851
14.47031873
14.48031895
14.49031917
14.50031939
14.51031961
14.52031983
14.53032005
14.54032027
14.55032049
14.56032071
14.57032093
14.58032115
14.59032137
14.60032159
14.61032181
14.62032203
14.63032225
14.64032247
14.65032269
14.66032291
14.67032313
14.68032336
14.69032358
14.7003238
14.71032402
14.72032424
14.73032446
14.74032468
14.7503249
14.76032512
14.77032534
14.78032556
14.79032578
14.800326
14.81032622
14.82032644
14.83032666
14.84032688
14.8503271
14.86032732
14.87032754
14.88032776
14.89032798
14.9003282
14.91032842
14.92032864
14.93032886
14.94032908
14.9503293
14.96032952
14.97032974
14.98032996
14.99033018
15.0003304
15.01033062
15.02033084
15.03033106
15.04033128
15.05033151
15.06033173
15.07033195
15.08033217
15.09033239
15.10033261
15.11033283
15.12033305
15.13033327
15.14033349
15.15033371
15.16033393
15.17033415
15.18033437
15.19033459
15.20033481
15.21033503
15.22033525
15.23033547
15.24033569
15.25033591
15.26033613
15.27033635
15.28033657
15.29033679
15.30033701
15.31033723
15.32033745
15.33033767
15.34033789
15.35033811
15.36033833
15.37033855
15.38033877
15.39033899
15.40033921
15.41033943
15.42033966
15.43033988
15.4403401
15.45034032
15.46034054
15.47034076
15.48034098
15.4903412
15.50034142
15.51034164
15.52034186
15.53034208
15.5403423
15.55034252
15.56034274
15.57034296
15.58034318
15.5903434
15.60034362
15.61034384
15.62034406
15.63034428
15.6403445
15.65034472
15.66034494
15.67034516
15.68034538
15.6903456
15.70034582
15.71034604
15.72034626
15.73034648
15.7403467
15.75034692
15.76034714
15.77034736
15.78034758
15.79034781
15.80034803
15.81034825
15.82034847
15.83034869
15.84034891
15.85034913
15.86034935
15.87034957
15.88034979
15.89035001
15.90035023
15.91035045
15.92035067
15.93035089
15.94035111
15.95035133
15.96035155
15.97035177
15.98035199
15.99035221
16.00035243
16.01035265
16.02035287
16.03035309
16.04035331
16.05035353
16.06035375
16.07035397
16.08035419
16.09035441
16.10035463
16.11035485
16.12035507
16.13035529
16.14035551
16.15035573
16.16035595
16.17035618
16.1803564
16.19035662
16.20035684
16.21035706
16.22035728
16.2303575
16.24035772
16.25035794
16.26035816
16.27035838
16.2803586
16.29035882
16.30035904
16.31035926
16.32035948
16.3303597
16.34035992
16.35036014
16.36036036
16.37036058
16.3803608
16.39036102
16.40036124
16.41036146
16.42036168
16.4303619
16.44036212
16.45036234
16.46036256
16.47036278
16.480363
16.49036322
16.50036344
16.51036366
16.52036388
16.5303641
16.54036433
16.55036455
16.56036477
16.57036499
16.58036521
16.59036543
16.60036565
16.61036587
16.62036609
16.63036631
16.64036653
16.65036675
16.66036697
16.67036719
16.68036741
16.69036763
16.70036785
16.71036807
16.72036829
16.73036851
16.74036873
16.75036895
16.76036917
16.77036939
16.78036961
16.79036983
16.80037005
16.81037027
16.82037049
16.83037071
16.84037093
16.85037115
16.86037137
16.87037159
16.88037181
16.89037203
16.90037225
16.91037248
16.9203727
16.93037292
16.94037314
16.95037336
16.96037358
16.9703738
16.98037402
16.99037424
17.00037446
17.01037468
17.0203749
17.03037512
17.04037534
17.05037556
17.06037578
17.070376
17.08037622
17.09037644
17.10037666
17.11037688
17.1203771
17.13037732
17.14037754
17.15037776
17.16037798
17.1703782
17.18037842
17.19037864
17.20037886
17.21037908
17.2203793
17.23037952
17.24037974
17.25037996
17.26038018
17.2703804
17.28038063
17.29038085
17.30038107
17.31038129
17.32038151
17.33038173
17.34038195
17.35038217
17.36038239
17.37038261
17.38038283
17.39038305
17.40038327
17.41038349
17.42038371
17.43038393
17.44038415
17.45038437
17.46038459
17.47038481
17.48038503
17.49038525
17.50038547
17.51038569
17.52038591
17.53038613
17.54038635
17.55038657
17.56038679
17.57038701
17.58038723
17.59038745
17.60038767
17.61038789
17.62038811
17.63038833
17.64038855
17.65038878
17.660389
17.67038922
17.68038944
17.69038966
17.70038988
17.7103901
17.72039032
17.73039054
17.74039076
17.75039098
17.7603912
17.77039142
17.78039164
17.79039186
17.80039208
17.8103923
17.82039252
17.83039274
17.84039296
17.85039318
17.8603934
17.87039362
17.88039384
17.89039406
17.90039428
17.9103945
17.92039472
17.93039494
17.94039516
17.95039538
17.9603956
17.97039582
17.98039604
17.99039626
18.00039648
18.0103967
18.02039693
18.03039715
18.04039737
18.05039759
18.06039781
18.07039803
18.08039825
18.09039847
18.10039869
18.11039891
18.12039913
18.13039935
18.14039957
18.15039979
18.16040001
18.17040023
18.18040045
18.19040067
18.20040089
18.21040111
18.22040133
18.23040155
18.24040177
18.25040199
18.26040221
18.27040243
18.28040265
18.29040287
18.30040309
18.31040331
18.32040353
18.33040375
18.34040397
18.35040419
18.36040441
18.37040463
18.38040485
18.39040508
18.4004053
18.41040552
18.42040574
18.43040596
18.44040618
18.4504064
18.46040662
18.47040684
18.48040706
18.49040728
18.5004075
18.51040772
18.52040794
18.53040816
18.54040838
18.5504086
18.56040882
18.57040904
18.58040926
18.59040948
18.6004097
18.61040992
18.62041014
18.63041036
18.64041058
18.6504108
18.66041102
18.67041124
18.68041146
18.69041168
18.7004119
18.71041212
18.72041234
18.73041256
18.74041278
18.750413
18.76041322
18.77041345
18.78041367
18.79041389
18.80041411
18.81041433
18.82041455
18.83041477
18.84041499
18.85041521
18.86041543
18.87041565
18.88041587
18.89041609
18.90041631
18.91041653
18.92041675
18.93041697
18.94041719
18.95041741
18.96041763
18.97041785
18.98041807
18.99041829
19.00041851
19.01041873
19.02041895
19.03041917
19.04041939
19.05041961
19.06041983
19.07042005
19.08042027
19.09042049
19.10042071
19.11042093
19.12042115
19.13042137
19.1404216
19.15042182
19.16042204
19.17042226
19.18042248
19.1904227
19.20042292
19.21042314
19.22042336
19.23042358
19.2404238
19.25042402
19.26042424
19.27042446
19.28042468
19.2904249
19.30042512
19.31042534
19.32042556
19.33042578
19.340426
19.35042622
19.36042644
19.37042666
19.38042688
19.3904271
19.40042732
19.41042754
19.42042776
19.43042798
19.4404282
19.45042842
19.46042864
19.47042886
19.48042908
19.4904293
19.50042952
19.51042975
19.52042997
19.53043019
19.54043041
19.55043063
19.56043085
19.57043107
19.58043129
19.59043151
19.60043173
19.61043195
19.62043217
19.63043239
19.64043261
19.65043283
19.66043305
19.67043327
19.68043349
19.69043371
19.70043393
19.71043415
19.72043437
19.73043459
19.74043481
19.75043503
19.76043525
19.77043547
19.78043569
19.79043591
19.80043613
19.81043635
19.82043657
19.83043679
19.84043701
19.85043723
19.86043745
19.87043767
19.8804379
19.89043812
19.90043834
19.91043856
19.92043878
19.930439
19.94043922
19.95043944
19.96043966
19.97043988
19.9804401
19.99044032
20.00044054
20.01044076
20.02044098
20.0304412
20.04044142
20.05044164
20.06044186
20.07044208
20.0804423
20.09044252
20.10044274
20.11044296
20.12044318
20.1304434
20.14044362
20.15044384
20.16044406
20.17044428
20.1804445
20.19044472
20.20044494
20.21044516
20.22044538
20.2304456
20.24044582
20.25044605
20.26044627
20.27044649
20.28044671
20.29044693
20.30044715
20.31044737
20.32044759
20.33044781
20.34044803
20.35044825
20.36044847
20.37044869
20.38044891
20.39044913
20.40044935
20.41044957
20.42044979
20.43045001
20.44045023
20.45045045
20.46045067
20.47045089
20.48045111
20.49045133
20.50045155
20.51045177
20.52045199
20.53045221
20.54045243
20.55045265
20.56045287
20.57045309
20.58045331
20.59045353
20.60045375
20.61045397
20.6204542
20.63045442
20.64045464
20.65045486
20.66045508
20.6704553
20.68045552
20.69045574
20.70045596
20.71045618
20.7204564
20.73045662
20.74045684
20.75045706
20.76045728
20.7704575
20.78045772
20.79045794
20.80045816
20.81045838
20.8204586
20.83045882
20.84045904
20.85045926
20.86045948
20.8704597
20.88045992
20.89046014
20.90046036
20.91046058
20.9204608
20.93046102
20.94046124
20.95046146
20.96046168
20.9704619
20.98046212
20.99046234
21.00046257
21.01046279
21.02046301
21.03046323
21.04046345
21.05046367
21.06046389
21.07046411
21.08046433
21.09046455
21.10046477
21.11046499
21.12046521
21.13046543
21.14046565
21.15046587
21.16046609
21.17046631
21.18046653
21.19046675
21.20046697
21.21046719
21.22046741
21.23046763
21.24046785
21.25046807
21.26046829
21.27046851
21.28046873
21.29046895
21.30046917
21.31046939
21.32046961
21.33046983
21.34047005
21.35047027
21.36047049
21.37047072
21.38047094
21.39047116
21.40047138
21.4104716
21.42047182
21.43047204
21.44047226
21.45047248
21.4604727
21.47047292
21.48047314
21.49047336
21.50047358
21.5104738
21.52047402
21.53047424
21.54047446
21.55047468
21.5604749
21.57047512
21.58047534
21.59047556
21.60047578
21.610476
21.62047622
21.63047644
21.64047666
21.65047688
21.6604771
21.67047732
21.68047754
21.69047776
21.70047798
21.7104782
21.72047842
21.73047864
21.74047887
21.75047909
21.76047931
21.77047953
21.78047975
21.79047997
21.80048019
21.81048041
21.82048063
21.83048085
21.84048107
21.85048129
21.86048151
21.87048173
21.88048195
21.89048217
21.90048239
21.91048261
21.92048283
21.93048305
21.94048327
21.95048349
21.96048371
21.97048393
21.98048415
21.99048437
22.00048459
22.01048481
22.02048503
22.03048525
22.04048547
22.05048569
22.06048591
22.07048613
22.08048635
22.09048657
22.10048679
22.11048702
22.12048724
22.13048746
22.14048768
22.1504879
22.16048812
22.17048834
22.18048856
22.19048878
22.200489
22.21048922
22.22048944
22.23048966
22.24048988
22.2504901
22.26049032
22.27049054
22.28049076
22.29049098
22.3004912
22.31049142
22.32049164
22.33049186
22.34049208
22.3504923
22.36049252
22.37049274
22.38049296
22.39049318
22.4004934
22.41049362
22.42049384
22.43049406
22.44049428
22.4504945
22.46049472
22.47049494
22.48049517
22.49049539
22.50049561
22.51049583
22.52049605
22.53049627
22.54049649
22.55049671
22.56049693
22.57049715
22.58049737
22.59049759
22.60049781
22.61049803
22.62049825
22.63049847
22.64049869
22.65049891
22.66049913
22.67049935
22.68049957
22.69049979
22.70050001
22.71050023
22.72050045
22.73050067
22.74050089
22.75050111
22.76050133
22.77050155
22.78050177
22.79050199
22.80050221
22.81050243
22.82050265
22.83050287
22.84050309
22.85050332
22.86050354
22.87050376
22.88050398
22.8905042
22.90050442
22.91050464
22.92050486
22.93050508
22.9405053
22.95050552
22.96050574
22.97050596
22.98050618
22.9905064
23.00050662
23.01050684
23.02050706
23.03050728
23.0405075
23.05050772
23.06050794
23.07050816
23.08050838
23.0905086
23.10050882
23.11050904
23.12050926
23.13050948
23.1405097
23.15050992
23.16051014
23.17051036
23.18051058
23.1905108
23.20051102
23.21051124
23.22051147
23.23051169
23.24051191
23.25051213
23.26051235
23.27051257
23.28051279
23.29051301
23.30051323
23.31051345
23.32051367
23.33051389
23.34051411
23.35051433
23.36051455
23.37051477
23.38051499
23.39051521
23.40051543
23.41051565
23.42051587
23.43051609
23.44051631
23.45051653
23.46051675
23.47051697
23.48051719
23.49051741
23.50051763
23.51051785
23.52051807
23.53051829
23.54051851
23.55051873
23.56051895
23.57051917
23.58051939
23.59051961
23.60051984
23.61052006
23.62052028
23.6305205
23.64052072
23.65052094
23.66052116
23.67052138
23.6805216
23.69052182
23.70052204
23.71052226
23.72052248
23.7305227
23.74052292
23.75052314
23.76052336
23.77052358
23.7805238
23.79052402
23.80052424
23.81052446
23.82052468
23.8305249
23.84052512
23.85052534
23.86052556
23.87052578
23.880526
23.89052622
23.90052644
23.91052666
23.92052688
23.9305271
23.94052732
23.95052754
23.96052776
23.97052799
23.98052821
23.99052843
24.00052865
24.01052887
24.02052909
24.03052931
24.04052953
24.05052975
24.06052997
24.07053019
24.08053041
24.09053063
24.10053085
24.11053107
24.12053129
24.13053151
24.14053173
24.15053195
24.16053217
24.17053239
24.18053261
24.19053283
24.20053305
24.21053327
24.22053349
24.23053371
24.24053393
24.25053415
24.26053437
24.27053459
24.28053481
24.29053503
24.30053525
24.31053547
24.32053569
24.33053591
24.34053614
24.35053636
24.36053658
24.3705368
24.38053702
24.39053724
24.40053746
24.41053768
24.4205379
24.43053812
24.44053834
24.45053856
24.46053878
24.470539
24.48053922
24.49053944
24.50053966
24.51053988
24.5205401
24.53054032
24.54054054
24.55054076
24.56054098
24.5705412
24.58054142
24.59054164
24.60054186
24.61054208
24.6205423
24.63054252
24.64054274
24.65054296
24.66054318
24.6705434
24.68054362
24.69054384
24.70054406
24.71054429
24.72054451
24.73054473
24.74054495
24.75054517
24.76054539
24.77054561
24.78054583
24.79054605
24.80054627
24.81054649
24.82054671
24.83054693
24.84054715
24.85054737
24.86054759
24.87054781
24.88054803
24.89054825
24.90054847
24.91054869
24.92054891
24.93054913
24.94054935
24.95054957
24.96054979
24.97055001
24.98055023
24.99055045
25.00055067
25.01055089
25.02055111
25.03055133
25.04055155
25.05055177
25.06055199
25.07055221
25.08055244
25.09055266
25.10055288
25.1105531
25.12055332
25.13055354
25.14055376
25.15055398
25.1605542
25.17055442
25.18055464
25.19055486
25.20055508
25.2105553
25.22055552
25.23055574
25.24055596
25.25055618
25.2605564
25.27055662
25.28055684
25.29055706
25.30055728
25.3105575
25.32055772
25.33055794
25.34055816
25.35055838
25.3605586
25.37055882
25.38055904
25.39055926
25.40055948
25.4105597
25.42055992
25.43056014
25.44056036
25.45056059
25.46056081
25.47056103
25.48056125
25.49056147
25.50056169
25.51056191
25.52056213
25.53056235
25.54056257
25.55056279
25.56056301
25.57056323
25.58056345
25.59056367
25.60056389
25.61056411
25.62056433
25.63056455
25.64056477
25.65056499
25.66056521
25.67056543
25.68056565
25.69056587
25.70056609
25.71056631
25.72056653
25.73056675
25.74056697
25.75056719
25.76056741
25.77056763
25.78056785
25.79056807
25.80056829
25.81056851
25.82056873
25.83056896
25.84056918
25.8505694
25.86056962
25.87056984
25.88057006
25.89057028
25.9005705
25.91057072
25.92057094
25.93057116
25.94057138
25.9505716
25.96057182
25.97057204
25.98057226
25.99057248
26.0005727
26.01057292
26.02057314
26.03057336
26.04057358
26.0505738
26.06057402
26.07057424
26.08057446
26.09057468
26.1005749
26.11057512
26.12057534
26.13057556
26.14057578
26.150576
26.16057622
26.17057644
26.18057666
26.19057688
26.20057711
26.21057733
26.22057755
26.23057777
26.24057799
26.25057821
26.26057843
26.27057865
26.28057887
26.29057909
26.30057931
26.31057953
26.32057975
26.33057997
26.34058019
26.35058041
26.36058063
26.37058085
26.38058107
26.39058129
26.40058151
26.41058173
26.42058195
26.43058217
26.44058239
26.45058261
26.46058283
26.47058305
26.48058327
26.49058349
26.50058371
26.51058393
26.52058415
26.53058437
26.54058459
26.55058481
26.56058503
26.57058526
26.58058548
26.5905857
26.60058592
26.61058614
26.62058636
26.63058658
26.6405868
26.65058702
26.66058724
26.67058746
26.68058768
26.6905879
26.70058812
26.71058834
26.72058856
26.73058878
26.740589
26.75058922
26.76058944
26.77058966
26.78058988
26.7905901
26.80059032
26.81059054
26.82059076
26.83059098
26.8405912
26.85059142
26.86059164
26.87059186
26.88059208
26.8905923
26.90059252
26.91059274
26.92059296
26.93059318
26.94059341
26.95059363
26.96059385
26.97059407
26.98059429
26.99059451
27.00059473
27.01059495
27.02059517
27.03059539
27.04059561
27.05059583
27.06059605
27.07059627
27.08059649
27.09059671
27.10059693
27.11059715
27.12059737
27.13059759
27.14059781
27.15059803
27.16059825
27.17059847
27.18059869
27.19059891
27.20059913
27.21059935
27.22059957
27.23059979
27.24060001
27.25060023
27.26060045
27.27060067
27.28060089
27.29060111
27.30060133
27.31060156
27.32060178
27.330602
27.34060222
27.35060244
27.36060266
27.37060288
27.3806031
27.39060332
27.40060354
27.41060376
27.42060398
27.4306042
27.44060442
27.45060464
27.46060486
27.47060508
27.4806053
27.49060552
27.50060574
27.51060596
27.52060618
27.5306064
27.54060662
27.55060684
27.56060706
27.57060728
27.5806075
27.59060772
27.60060794
27.61060816
27.62060838
27.6306086
27.64060882
27.65060904
27.66060926
27.67060948
27.68060971
27.69060993
27.70061015
27.71061037
27.72061059
27.73061081
27.74061103
27.75061125
27.76061147
27.77061169
27.78061191
27.79061213
27.80061235
27.81061257
27.82061279
27.83061301
27.84061323
27.85061345
27.86061367
27.87061389
27.88061411
27.89061433
27.90061455
27.91061477
27.92061499
27.93061521
27.94061543
27.95061565
27.96061587
27.97061609
27.98061631
27.99061653
28.00061675
28.01061697
28.02061719
28.03061741
28.04061763
28.05061786
28.06061808
28.0706183
28.08061852
28.09061874
28.10061896
28.11061918
28.1206194
28.13061962
28.14061984
28.15062006
28.16062028
28.1706205
28.18062072
28.19062094
28.20062116
28.21062138
28.2206216
28.23062182
28.24062204
28.25062226
28.26062248
28.2706227
28.28062292
28.29062314
28.30062336
28.31062358
28.3206238
28.33062402
28.34062424
28.35062446
28.36062468
28.3706249
28.38062512
28.39062534
28.40062556
28.41062578
28.420626
28.43062623
28.44062645
28.45062667
28.46062689
28.47062711
28.48062733
28.49062755
28.50062777
28.51062799
28.52062821
28.53062843
28.54062865
28.55062887
28.56062909
28.57062931
28.58062953
28.59062975
28.60062997
28.61063019
28.62063041
28.63063063
28.64063085
28.65063107
28.66063129
28.67063151
28.68063173
28.69063195
28.70063217
28.71063239
28.72063261
28.73063283
28.74063305
28.75063327
28.76063349
28.77063371
28.78063393
28.79063415
28.80063438
28.8106346
28.82063482
28.83063504
28.84063526
28.85063548
28.8606357
28.87063592
28.88063614
28.89063636
28.90063658
28.9106368
28.92063702
28.93063724
28.94063746
28.95063768
28.9606379
28.97063812
28.98063834
28.99063856
29.00063878
29.010639
29.02063922
29.03063944
29.04063966
29.05063988
29.0606401
29.07064032
29.08064054
29.09064076
29.10064098
29.1106412
29.12064142
29.13064164
29.14064186
29.15064208
29.1606423
29.17064253
29.18064275
29.19064297
29.20064319
29.21064341
29.22064363
29.23064385
29.24064407
29.25064429
29.26064451
29.27064473
29.28064495
29.29064517
29.30064539
29.31064561
29.32064583
29.33064605
29.34064627
29.35064649
29.36064671
29.37064693
29.38064715
29.39064737
29.40064759
29.41064781
29.42064803
29.43064825
29.44064847
29.45064869
29.46064891
29.47064913
29.48064935
29.49064957
29.50064979
29.51065001
29.52065023
29.53065045
29.54065068
29.5506509
29.56065112
29.57065134
29.58065156
29.59065178
29.600652
29.61065222
29.62065244
29.63065266
29.64065288
29.6506531
29.66065332
29.67065354
29.68065376
29.69065398
29.7006542
29.71065442
29.72065464
29.73065486
29.74065508
29.7506553
29.76065552
29.77065574
29.78065596
29.79065618
29.8006564
29.81065662
29.82065684
29.83065706
29.84065728
29.8506575
29.86065772
29.87065794
29.88065816
29.89065838
29.9006586
29.91065883
29.92065905
29.93065927
29.94065949
29.95065971
29.96065993
29.97066015
29.98066037
29.99066059
30.00066081
30.01066103
30.02066125
30.03066147
30.04066169
30.05066191
30.06066213
30.07066235
30.08066257
30.09066279
30.10066301
30.11066323
30.12066345
30.13066367
30.14066389
30.15066411
30.16066433
30.17066455
30.18066477
30.19066499
30.20066521
30.21066543
30.22066565
30.23066587
30.24066609
30.25066631
30.26066653
30.27066675
30.28066698
30.2906672
30.30066742
30.31066764
30.32066786
30.33066808
30.3406683
30.35066852
30.36066874
30.37066896
30.38066918
30.3906694
30.40066962
30.41066984
30.42067006
30.43067028
30.4406705
30.45067072
30.46067094
30.47067116
30.48067138
30.4906716
30.50067182
30.51067204
30.52067226
30.53067248
30.5406727
30.55067292
30.56067314
30.57067336
30.58067358
30.5906738
30.60067402
30.61067424
30.62067446
30.63067468
30.6406749
30.65067513
30.66067535
30.67067557
30.68067579
30.69067601
30.70067623
30.71067645
30.72067667
30.73067689
30.74067711
30.75067733
30.76067755
30.77067777
30.78067799
30.79067821
30.80067843
30.81067865
30.82067887
30.83067909
30.84067931
30.85067953
30.86067975
30.87067997
30.88068019
30.89068041
30.90068063
30.91068085
30.92068107
30.93068129
30.94068151
30.95068173
30.96068195
30.97068217
30.98068239
30.99068261
31.00068283
31.01068305
31.02068327
31.0306835
31.04068372
31.05068394
31.06068416
31.07068438
31.0806846
31.09068482
31.10068504
31.11068526
31.12068548
31.1306857
31.14068592
31.15068614
31.16068636
31.17068658
31.1806868
31.19068702
31.20068724
31.21068746
31.22068768
31.2306879
31.24068812
31.25068834
31.26068856
31.27068878
31.280689
31.29068922
31.30068944
31.31068966
31.32068988
31.3306901
31.34069032
31.35069054
31.36069076
31.37069098
31.3806912
31.39069142
31.40069165
31.41069187
31.42069209
31.43069231
31.44069253
31.45069275
31.46069297
31.47069319
31.48069341
31.49069363
31.50069385
31.51069407
31.52069429
31.53069451
31.54069473
31.55069495
31.56069517
31.57069539
31.58069561
31.59069583
31.60069605
31.61069627
31.62069649
31.63069671
31.64069693
31.65069715
31.66069737
31.67069759
31.68069781
31.69069803
31.70069825
31.71069847
31.72069869
31.73069891
31.74069913
31.75069935
31.76069957
31.7706998
31.78070002
31.79070024
31.80070046
31.81070068
31.8207009
31.83070112
31.84070134
31.85070156
31.86070178
31.870702
31.88070222
31.89070244
31.90070266
31.91070288
31.9207031
31.93070332
31.94070354
31.95070376
31.96070398
31.9707042
31.98070442
31.99070464
32.00070486
32.01070508
32.0207053
32.03070552
32.04070574
32.05070596
32.06070618
32.0707064
32.08070662
32.09070684
32.10070706
32.11070728
32.1207075
32.13070772
32.14070795
32.15070817
32.16070839
32.17070861
32.18070883
32.19070905
32.20070927
32.21070949
32.22070971
32.23070993
32.24071015
32.25071037
32.26071059
32.27071081
32.28071103
32.29071125
32.30071147
32.31071169
32.32071191
32.33071213
32.34071235
32.35071257
32.36071279
32.37071301
32.38071323
32.39071345
32.40071367
32.41071389
32.42071411
32.43071433
32.44071455
32.45071477
32.46071499
32.47071521
32.48071543
32.49071565
32.50071587
32.5107161
32.52071632
32.53071654
32.54071676
32.55071698
32.5607172
32.57071742
32.58071764
32.59071786
32.60071808
32.6107183
32.62071852
32.63071874
32.64071896
32.65071918
32.6607194
32.67071962
32.68071984
32.69072006
32.70072028
32.7107205
32.72072072
32.73072094
32.74072116
32.75072138
32.7607216
32.77072182
32.78072204
32.79072226
32.80072248
32.8107227
32.82072292
32.83072314
32.84072336
32.85072358
32.8607238
32.87072402
32.88072425
32.89072447
32.90072469
32.91072491
32.92072513
32.93072535
32.94072557
32.95072579
32.96072601
32.97072623
32.98072645
32.99072667
33.00072689
33.01072711
33.02072733
33.03072755
33.04072777
33.05072799
33.06072821
33.07072843
33.08072865
33.09072887
33.10072909
33.11072931
33.12072953
33.13072975
33.14072997
33.15073019
33.16073041
33.17073063
33.18073085
33.19073107
33.20073129
33.21073151
33.22073173
33.23073195
33.24073217
33.25073239
33.26073262
33.27073284
33.28073306
33.29073328
33.3007335
33.31073372
33.32073394
33.33073416
33.34073438
33.3507346
33.36073482
33.37073504
33.38073526
33.39073548
33.4007357
33.41073592
33.42073614
33.43073636
33.44073658
33.4507368
33.46073702
33.47073724
33.48073746
33.49073768
33.5007379
33.51073812
33.52073834
33.53073856
33.54073878
33.550739
33.56073922
33.57073944
33.58073966
33.59073988
33.6007401
33.61074032
33.62074054
33.63074077
33.64074099
33.65074121
33.66074143
33.67074165
33.68074187
33.69074209
33.70074231
33.71074253
33.72074275
33.73074297
33.74074319
33.75074341
33.76074363
33.77074385
33.78074407
33.79074429
33.80074451
33.81074473
33.82074495
33.83074517
33.84074539
33.85074561
33.86074583
33.87074605
33.88074627
33.89074649
33.90074671
33.91074693
33.92074715
33.93074737
33.94074759
33.95074781
33.96074803
33.97074825
33.98074847
33.99074869
34.00074892
34.01074914
34.02074936
34.03074958
34.0407498
34.05075002
34.06075024
34.07075046
34.08075068
34.0907509
34.10075112
34.11075134
34.12075156
34.13075178
34.140752
34.15075222
34.16075244
34.17075266
34.18075288
34.1907531
34.20075332
34.21075354
34.22075376
34.23075398
34.2407542
34.25075442
34.26075464
34.27075486
34.28075508
34.2907553
34.30075552
34.31075574
34.32075596
34.33075618
34.3407564
34.35075662
34.36075684
34.37075707
34.38075729
34.39075751
34.40075773
34.41075795
34.42075817
34.43075839
34.44075861
34.45075883
34.46075905
34.47075927
34.48075949
34.49075971
34.50075993
34.51076015
34.52076037
34.53076059
34.54076081
34.55076103
34.56076125
34.57076147
34.58076169
34.59076191
34.60076213
34.61076235
34.62076257
34.63076279
34.64076301
34.65076323
34.66076345
34.67076367
34.68076389
34.69076411
34.70076433
34.71076455
34.72076477
34.73076499
34.74076522
34.75076544
34.76076566
34.77076588
34.7807661
34.79076632
34.80076654
34.81076676
34.82076698
34.8307672
34.84076742
34.85076764
34.86076786
34.87076808
34.8807683
34.89076852
34.90076874
34.91076896
34.92076918
34.9307694
34.94076962
34.95076984
34.96077006
34.97077028
34.9807705
34.99077072
35.00077094
35.01077116
35.02077138
35.0307716
35.04077182
35.05077204
35.06077226
35.07077248
35.0807727
35.09077292
35.10077314
35.11077337
35.12077359
35.13077381
35.14077403
35.15077425
35.16077447
35.17077469
35.18077491
35.19077513
35.20077535
35.21077557
35.22077579
35.23077601
35.24077623
35.25077645
35.26077667
35.27077689
35.28077711
35.29077733
35.30077755
35.31077777
35.32077799
35.33077821
35.34077843
35.35077865
35.36077887
35.37077909
35.38077931
35.39077953
35.40077975
35.41077997
35.42078019
35.43078041
35.44078063
35.45078085
35.46078107
35.47078129
35.48078152
35.49078174
35.50078196
35.51078218
35.5207824
35.53078262
35.54078284
35.55078306
35.56078328
35.5707835
35.58078372
35.59078394
35.60078416
35.61078438
35.6207846
35.63078482
35.64078504
35.65078526
35.66078548
35.6707857
35.68078592
35.69078614
35.70078636
35.71078658
35.7207868
35.73078702
35.74078724
35.75078746
35.76078768
35.7707879
35.78078812
35.79078834
35.80078856
35.81078878
35.820789
35.83078922
35.84078944
35.85078966
35.86078989
35.87079011
35.88079033
35.89079055
35.90079077
35.91079099
35.92079121
35.93079143
35.94079165
35.95079187
35.96079209
35.97079231
35.98079253
35.99079275
36.00079297
36.01079319
36.02079341
36.03079363
36.04079385
36.05079407
36.06079429
36.07079451
36.08079473
36.09079495
36.10079517
36.11079539
36.12079561
36.13079583
36.14079605
36.15079627
36.16079649
36.17079671
36.18079693
36.19079715
36.20079737
36.21079759
36.22079781
36.23079804
36.24079826
36.25079848
36.2607987
36.27079892
36.28079914
36.29079936
36.30079958
36.3107998
36.32080002
36.33080024
36.34080046
36.35080068
36.3608009
36.37080112
36.38080134
36.39080156
36.40080178
36.410802
36.42080222
36.43080244
36.44080266
36.45080288
36.4608031
36.47080332
36.48080354
36.49080376
36.50080398
36.5108042
36.52080442
36.53080464
36.54080486
36.55080508
36.5608053
36.57080552
36.58080574
36.59080596
36.60080619
36.61080641
36.62080663
36.63080685
36.64080707
36.65080729
36.66080751
36.67080773
36.68080795
36.69080817
36.70080839
36.71080861
36.72080883
36.73080905
36.74080927
36.75080949
36.76080971
36.77080993
36.78081015
36.79081037
36.80081059
36.81081081
36.82081103
36.83081125
36.84081147
36.85081169
36.86081191
36.87081213
36.88081235
36.89081257
36.90081279
36.91081301
36.92081323
36.93081345
36.94081367
36.95081389
36.96081411
36.97081434
36.98081456
36.99081478
37.000815
37.01081522
37.02081544
37.03081566
37.04081588
37.0508161
37.06081632
37.07081654
37.08081676
37.09081698
37.1008172
37.11081742
37.12081764
37.13081786
37.14081808
37.1508183
37.16081852
37.17081874
37.18081896
37.19081918
37.2008194
37.21081962
37.22081984
37.23082006
37.24082028
37.2508205
37.26082072
37.27082094
37.28082116
37.29082138
37.3008216
37.31082182
37.32082204
37.33082226
37.34082249
37.35082271
37.36082293
37.37082315
37.38082337
37.39082359
37.40082381
37.41082403
37.42082425
37.43082447
37.44082469
37.45082491
37.46082513
37.47082535
37.48082557
37.49082579
37.50082601
37.51082623
37.52082645
37.53082667
37.54082689
37.55082711
37.56082733
37.57082755
37.58082777
37.59082799
37.60082821
37.61082843
37.62082865
37.63082887
37.64082909
37.65082931
37.66082953
37.67082975
37.68082997
37.69083019
37.70083041
37.71083064
37.72083086
37.73083108
37.7408313
37.75083152
37.76083174
37.77083196
37.78083218
37.7908324
37.80083262
37.81083284
37.82083306
37.83083328
37.8408335
37.85083372
37.86083394
37.87083416
37.88083438
37.8908346
37.90083482
37.91083504
37.92083526
37.93083548
37.9408357
37.95083592
37.96083614
37.97083636
37.98083658
37.9908368
38.00083702
38.01083724
38.02083746
38.03083768
38.0408379
38.05083812
38.06083834
38.07083856
38.08083878
38.09083901
38.10083923
38.11083945
38.12083967
38.13083989
38.14084011
38.15084033
38.16084055
38.17084077
38.18084099
38.19084121
38.20084143
38.21084165
38.22084187
38.23084209
38.24084231
38.25084253
38.26084275
38.27084297
38.28084319
38.29084341
38.30084363
38.31084385
38.32084407
38.33084429
38.34084451
38.35084473
38.36084495
38.37084517
38.38084539
38.39084561
38.40084583
38.41084605
38.42084627
38.43084649
38.44084671
38.45084693
38.46084716
38.47084738
38.4808476
38.49084782
38.50084804
38.51084826
38.52084848
38.5308487
38.54084892
38.55084914
38.56084936
38.57084958
38.5808498
38.59085002
38.60085024
38.61085046
38.62085068
38.6308509
38.64085112
38.65085134
38.66085156
38.67085178
38.680852
38.69085222
38.70085244
38.71085266
38.72085288
38.7308531
38.74085332
38.75085354
38.76085376
38.77085398
38.7808542
38.79085442
38.80085464
38.81085486
38.82085508
38.83085531
38.84085553
38.85085575
38.86085597
38.87085619
38.88085641
38.89085663
38.90085685
38.91085707
38.92085729
38.93085751
38.94085773
38.95085795
38.96085817
38.97085839
38.98085861
38.99085883
39.00085905
39.01085927
39.02085949
39.03085971
39.04085993
39.05086015
39.06086037
39.07086059
39.08086081
39.09086103
39.10086125
39.11086147
39.12086169
39.13086191
39.14086213
39.15086235
39.16086257
39.17086279
39.18086301
39.19086323
39.20086346
39.21086368
39.2208639
39.23086412
39.24086434
39.25086456
39.26086478
39.270865
39.28086522
39.29086544
39.30086566
39.31086588
39.3208661
39.33086632
39.34086654
39.35086676
39.36086698
39.3708672
39.38086742
39.39086764
39.40086786
39.41086808
39.4208683
39.43086852
39.44086874
39.45086896
39.46086918
39.4708694
39.48086962
39.49086984
39.50087006
39.51087028
39.5208705
39.53087072
39.54087094
39.55087116
39.56087138
39.57087161
39.58087183
39.59087205
39.60087227
39.61087249
39.62087271
39.63087293
39.64087315
39.65087337
39.66087359
39.67087381
39.68087403
39.69087425
39.70087447
39.71087469
39.72087491
39.73087513
39.74087535
39.75087557
39.76087579
39.77087601
39.78087623
39.79087645
39.80087667
39.81087689
39.82087711
39.83087733
39.84087755
39.85087777
39.86087799
39.87087821
39.88087843
39.89087865
39.90087887
39.91087909
39.92087931
39.93087953
39.94087976
39.95087998
39.9608802
39.97088042
39.98088064
39.99088086
40.00088108
40.0108813
40.02088152
40.03088174
40.04088196
40.05088218
40.0608824
40.07088262
40.08088284
40.09088306
40.10088328
40.1108835
40.12088372
40.13088394
40.14088416
40.15088438
40.1608846
40.17088482
40.18088504
40.19088526
40.20088548
40.2108857
40.22088592
40.23088614
40.24088636
40.25088658
40.2608868
40.27088702
40.28088724
40.29088746
40.30088768
40.31088791
40.32088813
40.33088835
40.34088857
40.35088879
40.36088901
40.37088923
40.38088945
40.39088967
40.40088989
40.41089011
40.42089033
40.43089055
40.44089077
40.45089099
40.46089121
40.47089143
40.48089165
40.49089187
40.50089209
40.51089231
40.52089253
40.53089275
40.54089297
40.55089319
40.56089341
40.57089363
40.58089385
40.59089407
40.60089429
40.61089451
40.62089473
40.63089495
40.64089517
40.65089539
40.66089561
40.67089583
40.68089605
40.69089628
40.7008965
40.71089672
40.72089694
40.73089716
40.74089738
40.7508976
40.76089782
40.77089804
40.78089826
40.79089848
40.8008987
40.81089892
40.82089914
40.83089936
40.84089958
40.8508998
40.86090002
40.87090024
40.88090046
40.89090068
40.9009009
40.91090112
40.92090134
40.93090156
40.94090178
40.950902
40.96090222
40.97090244
40.98090266
40.99090288
41.0009031
41.01090332
41.02090354
41.03090376
41.04090398
41.0509042
41.06090443
41.07090465
41.08090487
41.09090509
41.10090531
41.11090553
41.12090575
41.13090597
41.14090619
41.15090641
41.16090663
41.17090685
41.18090707
41.19090729
41.20090751
41.21090773
41.22090795
41.23090817
41.24090839
41.25090861
41.26090883
41.27090905
41.28090927
41.29090949
41.30090971
41.31090993
41.32091015
41.33091037
41.34091059
41.35091081
41.36091103
41.37091125
41.38091147
41.39091169
41.40091191
41.41091213
41.42091235
41.43091258
41.4409128
41.45091302
41.46091324
41.47091346
41.48091368
41.4909139
41.50091412
41.51091434
41.52091456
41.53091478
41.540915
41.55091522
41.56091544
41.57091566
41.58091588
41.5909161
41.60091632
41.61091654
41.62091676
41.63091698
41.6409172
41.65091742
41.66091764
41.67091786
41.68091808
41.6909183
41.70091852
41.71091874
41.72091896
41.73091918
41.7409194
41.75091962
41.76091984
41.77092006
41.78092028
41.7909205
41.80092073
41.81092095
41.82092117
41.83092139
41.84092161
41.85092183
41.86092205
41.87092227
41.88092249
41.89092271
41.90092293
41.91092315
41.92092337
41.93092359
41.94092381
41.95092403
41.96092425
41.97092447
41.98092469
41.99092491
42.00092513
42.01092535
42.02092557
42.03092579
42.04092601
42.05092623
42.06092645
42.07092667
42.08092689
42.09092711
42.10092733
42.11092755
42.12092777
42.13092799
42.14092821
42.15092843
42.16092865
42.17092888
42.1809291
42.19092932
42.20092954
42.21092976
42.22092998
42.2309302
42.24093042
42.25093064
42.26093086
42.27093108
42.2809313
42.29093152
42.30093174
42.31093196
42.32093218
42.3309324
42.34093262
42.35093284
42.36093306
42.37093328
42.3809335
42.39093372
42.40093394
42.41093416
42.42093438
42.4309346
42.44093482
42.45093504
42.46093526
42.47093548
42.4809357
42.49093592
42.50093614
42.51093636
42.52093658
42.5309368
42.54093703
42.55093725
42.56093747
42.57093769
42.58093791
42.59093813
42.60093835
42.61093857
42.62093879
42.63093901
42.64093923
42.65093945
42.66093967
42.67093989
42.68094011
42.69094033
42.70094055
42.71094077
42.72094099
42.73094121
42.74094143
42.75094165
42.76094187
42.77094209
42.78094231
42.79094253
42.80094275
42.81094297
42.82094319
42.83094341
42.84094363
42.85094385
42.86094407
42.87094429
42.88094451
42.89094473
42.90094495
42.91094518
42.9209454
42.93094562
42.94094584
42.95094606
42.96094628
42.9709465
42.98094672
42.99094694
43.00094716
43.01094738
43.0209476
43.03094782
43.04094804
43.05094826
43.06094848
43.0709487
43.08094892
43.09094914
43.10094936
43.11094958
43.1209498
43.13095002
43.14095024
43.15095046
43.16095068
43.1709509
43.18095112
43.19095134
43.20095156
43.21095178
43.220952
43.23095222
43.24095244
43.25095266
43.26095288
43.2709531
43.28095332
43.29095355
43.30095377
43.31095399
43.32095421
43.33095443
43.34095465
43.35095487
43.36095509
43.37095531
43.38095553
43.39095575
43.40095597
43.41095619
43.42095641
43.43095663
43.44095685
43.45095707
43.46095729
43.47095751
43.48095773
43.49095795
43.50095817
43.51095839
43.52095861
43.53095883
43.54095905
43.55095927
43.56095949
43.57095971
43.58095993
43.59096015
43.60096037
43.61096059
43.62096081
43.63096103
43.64096125
43.65096147
43.6609617
43.67096192
43.68096214
43.69096236
43.70096258
43.7109628
43.72096302
43.73096324
43.74096346
43.75096368
43.7609639
43.77096412
43.78096434
43.79096456
43.80096478
43.810965
43.82096522
43.83096544
43.84096566
43.85096588
43.8609661
43.87096632
43.88096654
43.89096676
43.90096698
43.9109672
43.92096742
43.93096764
43.94096786
43.95096808
43.9609683
43.97096852
43.98096874
43.99096896
44.00096918
44.0109694
44.02096962
44.03096985
44.04097007
44.05097029
44.06097051
44.07097073
44.08097095
44.09097117
44.10097139
44.11097161
44.12097183
44.13097205
44.14097227
44.15097249
44.16097271
44.17097293
44.18097315
44.19097337
44.20097359
44.21097381
44.22097403
44.23097425
44.24097447
44.25097469
44.26097491
44.27097513
44.28097535
44.29097557
44.30097579
44.31097601
44.32097623
44.33097645
44.34097667
44.35097689
44.36097711
44.37097733
44.38097755
44.39097777
44.400978
44.41097822
44.42097844
44.43097866
44.44097888
44.4509791
44.46097932
44.47097954
44.48097976
44.49097998
44.5009802
44.51098042
44.52098064
44.53098086
44.54098108
44.5509813
44.56098152
44.57098174
44.58098196
44.59098218
44.6009824
44.61098262
44.62098284
44.63098306
44.64098328
44.6509835
44.66098372
44.67098394
44.68098416
44.69098438
44.7009846
44.71098482
44.72098504
44.73098526
44.74098548
44.7509857
44.76098592
44.77098615
44.78098637
44.79098659
44.80098681
44.81098703
44.82098725
44.83098747
44.84098769
44.85098791
44.86098813
44.87098835
44.88098857
44.89098879
44.90098901
44.91098923
44.92098945
44.93098967
44.94098989
44.95099011
44.96099033
44.97099055
44.98099077
44.99099099
45.00099121
45.01099143
45.02099165
45.03099187
45.04099209
45.05099231
45.06099253
45.07099275
45.08099297
45.09099319
45.10099341
45.11099363
45.12099385
45.13099407
45.1409943
45.15099452
45.16099474
45.17099496
45.18099518
45.1909954
45.20099562
45.21099584
45.22099606
45.23099628
45.2409965
45.25099672
45.26099694
45.27099716
45.28099738
45.2909976
45.30099782
45.31099804
45.32099826
45.33099848
45.3409987
45.35099892
45.36099914
45.37099936
45.38099958
45.3909998
45.40100002
45.41100024
45.42100046
45.43100068
45.4410009
45.45100112
45.46100134
45.47100156
45.48100178
45.491002
45.50100222
45.51100244
45.52100267
45.53100289
45.54100311
45.55100333
45.56100355
45.57100377
45.58100399
45.59100421
45.60100443
45.61100465
45.62100487
45.63100509
45.64100531
45.65100553
45.66100575
45.67100597
45.68100619
45.69100641
45.70100663
45.71100685
45.72100707
45.73100729
45.74100751
45.75100773
45.76100795
45.77100817
45.78100839
45.79100861
45.80100883
45.81100905
45.82100927
45.83100949
45.84100971
45.85100993
45.86101015
45.87101037
45.88101059
45.89101082
45.90101104
45.91101126
45.92101148
45.9310117
45.94101192
45.95101214
45.96101236
45.97101258
45.9810128
45.99101302
46.00101324
46.01101346
46.02101368
46.0310139
46.04101412
46.05101434
46.06101456
46.07101478
46.081015
46.09101522
46.10101544
46.11101566
46.12101588
46.1310161
46.14101632
46.15101654
46.16101676
46.17101698
46.1810172
46.19101742
46.20101764
46.21101786
46.22101808
46.2310183
46.24101852
46.25101874
46.26101897
46.27101919
46.28101941
46.29101963
46.30101985
46.31102007
46.32102029
46.33102051
46.34102073
46.35102095
46.36102117
46.37102139
46.38102161
46.39102183
46.40102205
46.41102227
46.42102249
46.43102271
46.44102293
46.45102315
46.46102337
46.47102359
46.48102381
46.49102403
46.50102425
46.51102447
46.52102469
46.53102491
46.54102513
46.55102535
46.56102557
46.57102579
46.58102601
46.59102623
46.60102645
46.61102667
46.62102689
46.63102712
46.64102734
46.65102756
46.66102778
46.671028
46.68102822
46.69102844
46.70102866
46.71102888
46.7210291
46.73102932
46.74102954
46.75102976
46.76102998
46.7710302
46.78103042
46.79103064
46.80103086
46.81103108
46.8210313
46.83103152
46.84103174
46.85103196
46.86103218
46.8710324
46.88103262
46.89103284
46.90103306
46.91103328
46.9210335
46.93103372
46.94103394
46.95103416
46.96103438
46.9710346
46.98103482
46.99103504
47.00103527
47.01103549
47.02103571
47.03103593
47.04103615
47.05103637
47.06103659
47.07103681
47.08103703
47.09103725
47.10103747
47.11103769
47.12103791
47.13103813
47.14103835
47.15103857
47.16103879
47.17103901
47.18103923
47.19103945
47.20103967
47.21103989
47.22104011
47.23104033
47.24104055
47.25104077
47.26104099
47.27104121
47.28104143
47.29104165
47.30104187
47.31104209
47.32104231
47.33104253
47.34104275
47.35104297
47.36104319
47.37104342
47.38104364
47.39104386
47.40104408
47.4110443
47.42104452
47.43104474
47.44104496
47.45104518
47.4610454
47.47104562
47.48104584
47.49104606
47.50104628
47.5110465
47.52104672
47.53104694
47.54104716
47.55104738
47.5610476
47.57104782
47.58104804
47.59104826
47.60104848
47.6110487
47.62104892
47.63104914
47.64104936
47.65104958
47.6610498
47.67105002
47.68105024
47.69105046
47.70105068
47.7110509
47.72105112
47.73105134
47.74105157
47.75105179
47.76105201
47.77105223
47.78105245
47.79105267
47.80105289
47.81105311
47.82105333
47.83105355
47.84105377
47.85105399
47.86105421
47.87105443
47.88105465
47.89105487
47.90105509
47.91105531
47.92105553
47.93105575
47.94105597
47.95105619
47.96105641
47.97105663
47.98105685
47.99105707
48.00105729
48.01105751
48.02105773
48.03105795
48.04105817
48.05105839
48.06105861
48.07105883
48.08105905
48.09105927
48.10105949
48.11105971
48.12105994
48.13106016
48.14106038
48.1510606
48.16106082
48.17106104
48.18106126
48.19106148
48.2010617
48.21106192
48.22106214
48.23106236
48.24106258
48.2510628
48.26106302
48.27106324
48.28106346
48.29106368
48.3010639
48.31106412
48.32106434
48.33106456
48.34106478
48.351065
48.36106522
48.37106544
48.38106566
48.39106588
48.4010661
48.41106632
48.42106654
48.43106676
48.44106698
48.4510672
48.46106742
48.47106764
48.48106786
48.49106809
48.50106831
48.51106853
48.52106875
48.53106897
48.54106919
48.55106941
48.56106963
48.57106985
48.58107007
48.59107029
48.60107051
48.61107073
48.62107095
48.63107117
48.64107139
48.65107161
48.66107183
48.67107205
48.68107227
48.69107249
48.70107271
48.71107293
48.72107315
48.73107337
48.74107359
48.75107381
48.76107403
48.77107425
48.78107447
48.79107469
48.80107491
48.81107513
48.82107535
48.83107557
48.84107579
48.85107601
48.86107624
48.87107646
48.88107668
48.8910769
48.90107712
48.91107734
48.92107756
48.93107778
48.941078
48.95107822
48.96107844
48.97107866
48.98107888
48.9910791
49.00107932
49.01107954
49.02107976
49.03107998
49.0410802
49.05108042
49.06108064
49.07108086
49.08108108
49.0910813
49.10108152
49.11108174
49.12108196
49.13108218
49.1410824
49.15108262
49.16108284
49.17108306
49.18108328
49.1910835
49.20108372
49.21108394
49.22108416
49.23108439
49.24108461
49.25108483
49.26108505
49.27108527
49.28108549
49.29108571
49.30108593
49.31108615
49.32108637
49.33108659
49.34108681
49.35108703
49.36108725
49.37108747
49.38108769
49.39108791
49.40108813
49.41108835
49.42108857
49.43108879
49.44108901
49.45108923
49.46108945
49.47108967
49.48108989
49.49109011
49.50109033
49.51109055
49.52109077
49.53109099
49.54109121
49.55109143
49.56109165
49.57109187
49.58109209
49.59109231
49.60109254
49.61109276
49.62109298
49.6310932
49.64109342
49.65109364
49.66109386
49.67109408
49.6810943
49.69109452
49.70109474
49.71109496
49.72109518
49.7310954
49.74109562
49.75109584
49.76109606
49.77109628
49.7810965
49.79109672
49.80109694
49.81109716
49.82109738
49.8310976
49.84109782
49.85109804
49.86109826
49.87109848
49.8810987
49.89109892
49.90109914
49.91109936
49.92109958
49.9310998
49.94110002
49.95110024
49.96110046
49.97110069
49.98110091
49.99110113
50.00110135
50.01110157
50.02110179
50.03110201
50.04110223
50.05110245
50.06110267
50.07110289
50.08110311
50.09110333
50.10110355
50.11110377
50.12110399
50.13110421
50.14110443
50.15110465
50.16110487
50.17110509
50.18110531
50.19110553
50.20110575
50.21110597
50.22110619
50.23110641
50.24110663
50.25110685
50.26110707
50.27110729
50.28110751
50.29110773
50.30110795
50.31110817
50.32110839
50.33110861
50.34110883
50.35110906
50.36110928
50.3711095
50.38110972
50.39110994
50.40111016
50.41111038
50.4211106
50.43111082
50.44111104
50.45111126
50.46111148
50.4711117
50.48111192
50.49111214
50.50111236
50.51111258
50.5211128
50.53111302
50.54111324
50.55111346
50.56111368
50.5711139
50.58111412
50.59111434
50.60111456
50.61111478
50.621115
50.63111522
50.64111544
50.65111566
50.66111588
50.6711161
50.68111632
50.69111654
50.70111676
50.71111698
50.72111721
50.73111743
50.74111765
50.75111787
50.76111809
50.77111831
50.78111853
50.79111875
50.80111897
50.81111919
50.82111941
50.83111963
50.84111985
50.85112007
50.86112029
50.87112051
50.88112073
50.89112095
50.90112117
50.91112139
50.92112161
50.93112183
50.94112205
50.95112227
50.96112249
50.97112271
50.98112293
50.99112315
51.00112337
51.01112359
51.02112381
51.03112403
51.04112425
51.05112447
51.06112469
51.07112491
51.08112513
51.09112536
51.10112558
51.1111258
51.12112602
51.13112624
51.14112646
51.15112668
51.1611269
51.17112712
51.18112734
51.19112756
51.20112778
51.211128
51.22112822
51.23112844
51.24112866
51.25112888
51.2611291
51.27112932
51.28112954
51.29112976
51.30112998
51.3111302
51.32113042
51.33113064
51.34113086
51.35113108
51.3611313
51.37113152
51.38113174
51.39113196
51.40113218
51.4111324
51.42113262
51.43113284
51.44113306
51.45113328
51.46113351
51.47113373
51.48113395
51.49113417
51.50113439
51.51113461
51.52113483
51.53113505
51.54113527
51.55113549
51.56113571
51.57113593
51.58113615
51.59113637
51.60113659
51.61113681
51.62113703
51.63113725
51.64113747
51.65113769
51.66113791
51.67113813
51.68113835
51.69113857
51.70113879
51.71113901
51.72113923
51.73113945
51.74113967
51.75113989
51.76114011
51.77114033
51.78114055
51.79114077
51.80114099
51.81114121
51.82114143
51.83114166
51.84114188
51.8511421
51.86114232
51.87114254
51.88114276
51.89114298
51.9011432
51.91114342
51.92114364
51.93114386
51.94114408
51.9511443
51.96114452
51.97114474
51.98114496
51.99114518
52.0011454
52.01114562
52.02114584
52.03114606
52.04114628
52.0511465
52.06114672
52.07114694
52.08114716
52.09114738
52.1011476
52.11114782
52.12114804
52.13114826
52.14114848
52.1511487
52.16114892
52.17114914
52.18114936
52.19114958
52.20114981
52.21115003
52.22115025
52.23115047
52.24115069
52.25115091
52.26115113
52.27115135
52.28115157
52.29115179
52.30115201
52.31115223
52.32115245
52.33115267
52.34115289
52.35115311
52.36115333
52.37115355
52.38115377
52.39115399
52.40115421
52.41115443
52.42115465
52.43115487
52.44115509
52.45115531
52.46115553
52.47115575
52.48115597
52.49115619
52.50115641
52.51115663
52.52115685
52.53115707
52.54115729
52.55115751
52.56115773
52.57115796
52.58115818
52.5911584
52.60115862
52.61115884
52.62115906
52.63115928
52.6411595
52.65115972
52.66115994
52.67116016
52.68116038
52.6911606
52.70116082
52.71116104
52.72116126
52.73116148
52.7411617
52.75116192
52.76116214
52.77116236
52.78116258
52.7911628
52.80116302
52.81116324
52.82116346
52.83116368
52.8411639
52.85116412
52.86116434
52.87116456
52.88116478
52.891165
52.90116522
52.91116544
52.92116566
52.93116588
52.9411661
52.95116633
52.96116655
52.97116677
52.98116699
52.99116721
53.00116743
53.01116765
53.02116787
53.03116809
53.04116831
53.05116853
53.06116875
53.07116897
53.08116919
53.09116941
53.10116963
53.11116985
53.12117007
53.13117029
53.14117051
53.15117073
53.16117095
53.17117117
53.18117139
53.19117161
53.20117183
53.21117205
53.22117227
53.23117249
53.24117271
53.25117293
53.26117315
53.27117337
53.28117359
53.29117381
53.30117403
53.31117425
53.32117448
53.3311747
53.34117492
53.35117514
53.36117536
53.37117558
53.3811758
53.39117602
53.40117624
53.41117646
53.42117668
53.4311769
53.44117712
53.45117734
53.46117756
53.47117778
53.481178
53.49117822
53.50117844
53.51117866
53.52117888
53.5311791
53.54117932
53.55117954
53.56117976
53.57117998
53.5811802
53.59118042
53.60118064
53.61118086
53.62118108
53.6311813
53.64118152
53.65118174
53.66118196
53.67118218
53.6811824
53.69118263
53.70118285
53.71118307
53.72118329
53.73118351
53.74118373
53.75118395
53.76118417
53.77118439
53.78118461
53.79118483
53.80118505
53.81118527
53.82118549
53.83118571
53.84118593
53.85118615
53.86118637
53.87118659
53.88118681
53.89118703
53.90118725
53.91118747
53.92118769
53.93118791
53.94118813
53.95118835
53.96118857
53.97118879
53.98118901
53.99118923
54.00118945
54.01118967
54.02118989
54.03119011
54.04119033
54.05119055
54.06119078
54.071191
54.08119122
54.09119144
54.10119166
54.11119188
54.1211921
54.13119232
54.14119254
54.15119276
54.16119298
54.1711932
54.18119342
54.19119364
54.20119386
54.21119408
54.2211943
54.23119452
54.24119474
54.25119496
54.26119518
54.2711954
54.28119562
54.29119584
54.30119606
54.31119628
54.3211965
54.33119672
54.34119694
54.35119716
54.36119738
54.3711976
54.38119782
54.39119804
54.40119826
54.41119848
54.4211987
54.43119893
54.44119915
54.45119937
54.46119959
54.47119981
54.48120003
54.49120025
54.50120047
54.51120069
54.52120091
54.53120113
54.54120135
54.55120157
54.56120179
54.57120201
54.58120223
54.59120245
54.60120267
54.61120289
54.62120311
54.63120333
54.64120355
54.65120377
54.66120399
54.67120421
54.68120443
54.69120465
54.70120487
54.71120509
54.72120531
54.73120553
54.74120575
54.75120597
54.76120619
54.77120641
54.78120663
54.79120685
54.80120708
54.8112073
54.82120752
54.83120774
54.84120796
54.85120818
54.8612084
54.87120862
54.88120884
54.89120906
54.90120928
54.9112095
54.92120972
54.93120994
54.94121016
54.95121038
54.9612106
54.97121082
54.98121104
54.99121126
55.00121148
55.0112117
55.02121192
55.03121214
55.04121236
55.05121258
55.0612128
55.07121302
55.08121324
55.09121346
55.10121368
55.1112139
55.12121412
55.13121434
55.14121456
55.15121478
55.161215
55.17121523
55.18121545
55.19121567
55.20121589
55.21121611
55.22121633
55.23121655
55.24121677
55.25121699
55.26121721
55.27121743
55.28121765
55.29121787
55.30121809
55.31121831
55.32121853
55.33121875
55.34121897
55.35121919
55.36121941
55.37121963
55.38121985
55.39122007
55.40122029
55.41122051
55.42122073
55.43122095
55.44122117
55.45122139
55.46122161
55.47122183
55.48122205
55.49122227
55.50122249
55.51122271
55.52122293
55.53122315
55.54122337
55.5512236
55.56122382
55.57122404
55.58122426
55.59122448
55.6012247
55.61122492
55.62122514
55.63122536
55.64122558
55.6512258
55.66122602
55.67122624
55.68122646
55.69122668
55.7012269
55.71122712
55.72122734
55.73122756
55.74122778
55.751228
55.76122822
55.77122844
55.78122866
55.79122888
55.8012291
55.81122932
55.82122954
55.83122976
55.84122998
55.8512302
55.86123042
55.87123064
55.88123086
55.89123108
55.9012313
55.91123152
55.92123175
55.93123197
55.94123219
55.95123241
55.96123263
55.97123285
55.98123307
55.99123329
56.00123351
56.01123373
56.02123395
56.03123417
56.04123439
56.05123461
56.06123483
56.07123505
56.08123527
56.09123549
56.10123571
56.11123593
56.12123615
56.13123637
56.14123659
56.15123681
56.16123703
56.17123725
56.18123747
56.19123769
56.20123791
56.21123813
56.22123835
56.23123857
56.24123879
56.25123901
56.26123923
56.27123945
56.28123967
56.2912399
56.30124012
56.31124034
56.32124056
56.33124078
56.341241
56.35124122
56.36124144
56.37124166
56.38124188
56.3912421
56.40124232
56.41124254
56.42124276
56.43124298
56.4412432
56.45124342
56.46124364
56.47124386
56.48124408
56.4912443
56.50124452
56.51124474
56.52124496
56.53124518
56.5412454
56.55124562
56.56124584
56.57124606
56.58124628
56.5912465
56.60124672
56.61124694
56.62124716
56.63124738
56.6412476
56.65124782
56.66124805
56.67124827
56.68124849
56.69124871
56.70124893
56.71124915
56.72124937
56.73124959
56.74124981
56.75125003
56.76125025
56.77125047
56.78125069
56.79125091
56.80125113
56.81125135
56.82125157
56.83125179
56.84125201
56.85125223
56.86125245
56.87125267
56.88125289
56.89125311
56.90125333
56.91125355
56.92125377
56.93125399
56.94125421
56.95125443
56.96125465
56.97125487
56.98125509
56.99125531
57.00125553
57.01125575
57.02125597
57.0312562
57.04125642
57.05125664
57.06125686
57.07125708
57.0812573
57.09125752
57.10125774
57.11125796
57.12125818
57.1312584
57.14125862
57.15125884
57.16125906
57.17125928
57.1812595
57.19125972
57.20125994
57.21126016
57.22126038
57.2312606
57.24126082
57.25126104
57.26126126
57.27126148
57.2812617
57.29126192
57.30126214
57.31126236
57.32126258
57.3312628
57.34126302
57.35126324
57.36126346
57.37126368
57.3812639
57.39126412
57.40126435
57.41126457
57.42126479
57.43126501
57.44126523
57.45126545
57.46126567
57.47126589
57.48126611
57.49126633
57.50126655
57.51126677
57.52126699
57.53126721
57.54126743
57.55126765
57.56126787
57.57126809
57.58126831
57.59126853
57.60126875
57.61126897
57.62126919
57.63126941
57.64126963
57.65126985
57.66127007
57.67127029
57.68127051
57.69127073
57.70127095
57.71127117
57.72127139
57.73127161
57.74127183
57.75127205
57.76127227
57.77127249
57.78127272
57.79127294
57.80127316
57.81127338
57.8212736
57.83127382
57.84127404
57.85127426
57.86127448
57.8712747
57.88127492
57.89127514
57.90127536
57.91127558
57.9212758
57.93127602
57.94127624
57.95127646
57.96127668
57.9712769
57.98127712
57.99127734
58.00127756
58.01127778
58.021278
58.03127822
58.04127844
58.05127866
58.06127888
58.0712791
58.08127932
58.09127954
58.10127976
58.11127998
58.1212802
58.13128042
58.14128064
58.15128087
58.16128109
58.17128131
58.18128153
58.19128175
58.20128197
58.21128219
58.22128241
58.23128263
58.24128285
58.25128307
58.26128329
58.27128351
58.28128373
58.29128395
58.30128417
58.31128439
58.32128461
58.33128483
58.34128505
58.35128527
58.36128549
58.37128571
58.38128593
58.39128615
58.40128637
58.41128659
58.42128681
58.43128703
58.44128725
58.45128747
58.46128769
58.47128791
58.48128813
58.49128835
58.50128857
58.51128879
58.52128902
58.53128924
58.54128946
58.55128968
58.5612899
58.57129012
58.58129034
58.59129056
58.60129078
58.611291
58.62129122
58.63129144
58.64129166
58.65129188
58.6612921
58.67129232
58.68129254
58.69129276
58.70129298
58.7112932
58.72129342
58.73129364
58.74129386
58.75129408
58.7612943
58.77129452
58.78129474
58.79129496
58.80129518
58.8112954
58.82129562
58.83129584
58.84129606
58.85129628
58.8612965
58.87129672
58.88129694
58.89129717
58.90129739
58.91129761
58.92129783
58.93129805
58.94129827
58.95129849
58.96129871
58.97129893
58.98129915
58.99129937
59.00129959
59.01129981
59.02130003
59.03130025
59.04130047
59.05130069
59.06130091
59.07130113
59.08130135
59.09130157
59.10130179
59.11130201
59.12130223
59.13130245
59.14130267
59.15130289
59.16130311
59.17130333
59.18130355
59.19130377
59.20130399
59.21130421
59.22130443
59.23130465
59.24130487
59.25130509
59.26130532
59.27130554
59.28130576
59.29130598
59.3013062
59.31130642
59.32130664
59.33130686
59.34130708
59.3513073
59.36130752
59.37130774
59.38130796
59.39130818
59.4013084
59.41130862
59.42130884
59.43130906
59.44130928
59.4513095
59.46130972
59.47130994
59.48131016
59.49131038
59.5013106
59.51131082
59.52131104
59.53131126
59.54131148
59.5513117
59.56131192
59.57131214
59.58131236
59.59131258
59.6013128
59.61131302
59.62131324
59.63131347
59.64131369
59.65131391
59.66131413
59.67131435
59.68131457
59.69131479
59.70131501
59.71131523
59.72131545
59.73131567
59.74131589
59.75131611
59.76131633
59.77131655
59.78131677
59.79131699
59.80131721
59.81131743
59.82131765
59.83131787
59.84131809
59.85131831
59.86131853
59.87131875
59.88131897
59.89131919
59.90131941
59.91131963
59.92131985
59.93132007
59.94132029
59.95132051
59.96132073
59.97132095
59.98132117
59.99132139
60.00132162
60.01132184
60.02132206
60.03132228
60.0413225
60.05132272
60.06132294
60.07132316
60.08132338
60.0913236
60.10132382
60.11132404
60.12132426
60.13132448
60.1413247
60.15132492
60.16132514
60.17132536
60.18132558
60.1913258
60.20132602
60.21132624
60.22132646
60.23132668
60.2413269
60.25132712
60.26132734
60.27132756
60.28132778
60.291328
60.30132822
60.31132844
60.32132866
60.33132888
60.3413291
60.35132932
60.36132954
60.37132976
60.38132999
60.39133021
60.40133043
60.41133065
60.42133087
60.43133109
60.44133131
60.45133153
60.46133175
60.47133197
60.48133219
60.49133241
60.50133263
60.51133285
60.52133307
60.53133329
60.54133351
60.55133373
60.56133395
60.57133417
60.58133439
60.59133461
60.60133483
60.61133505
60.62133527
60.63133549
60.64133571
60.65133593
60.66133615
60.67133637
60.68133659
60.69133681
60.70133703
60.71133725
60.72133747
60.73133769
60.74133791
60.75133814
60.76133836
60.77133858
60.7813388
60.79133902
60.80133924
60.81133946
60.82133968
60.8313399
60.84134012
60.85134034
60.86134056
60.87134078
60.881341
60.89134122
60.90134144
60.91134166
60.92134188
60.9313421
60.94134232
60.95134254
60.96134276
60.97134298
60.9813432
60.99134342
61.00134364
61.01134386
61.02134408
61.0313443
61.04134452
61.05134474
61.06134496
61.07134518
61.0813454
61.09134562
61.10134584
61.11134606
61.12134629
61.13134651
61.14134673
61.15134695
61.16134717
61.17134739
61.18134761
61.19134783
61.20134805
61.21134827
61.22134849
61.23134871
61.24134893
61.25134915
61.26134937
61.27134959
61.28134981
61.29135003
61.30135025
61.31135047
61.32135069
61.33135091
61.34135113
61.35135135
61.36135157
61.37135179
61.38135201
61.39135223
61.40135245
61.41135267
61.42135289
61.43135311
61.44135333
61.45135355
61.46135377
61.47135399
61.48135421
61.49135444
61.50135466
61.51135488
61.5213551
61.53135532
61.54135554
61.55135576
61.56135598
61.5713562
61.58135642
61.59135664
61.60135686
61.61135708
61.6213573
61.63135752
61.64135774
61.65135796
61.66135818
61.6713584
61.68135862
61.69135884
61.70135906
61.71135928
61.7213595
61.73135972
61.74135994
61.75136016
61.76136038
61.7713606
61.78136082
61.79136104
61.80136126
61.81136148
61.8213617
61.83136192
61.84136214
61.85136236
61.86136259
61.87136281
61.88136303
61.89136325
61.90136347
61.91136369
61.92136391
61.93136413
61.94136435
61.95136457
61.96136479
61.97136501
61.98136523
61.99136545
62.00136567
62.01136589
62.02136611
62.03136633
62.04136655
62.05136677
62.06136699
62.07136721
62.08136743
62.09136765
62.10136787
62.11136809
62.12136831
62.13136853
62.14136875
62.15136897
62.16136919
62.17136941
62.18136963
62.19136985
62.20137007
62.21137029
62.22137051
62.23137074
62.24137096
62.25137118
62.2613714
62.27137162
62.28137184
62.29137206
62.30137228
62.3113725
62.32137272
62.33137294
62.34137316
62.35137338
62.3613736
62.37137382
62.38137404
62.39137426
62.40137448
62.4113747
62.42137492
62.43137514
62.44137536
62.45137558
62.4613758
62.47137602
62.48137624
62.49137646
62.50137668
62.5113769
62.52137712
62.53137734
62.54137756
62.55137778
62.561378
62.57137822
62.58137844
62.59137866
62.60137888
62.61137911
62.62137933
62.63137955
62.64137977
62.65137999
62.66138021
62.67138043
62.68138065
62.69138087
62.70138109
62.71138131
62.72138153
62.73138175
62.74138197
62.75138219
62.76138241
62.77138263
62.78138285
62.79138307
62.80138329
62.81138351
62.82138373
62.83138395
62.84138417
62.85138439
62.86138461
62.87138483
62.88138505
62.89138527
62.90138549
62.91138571
62.92138593
62.93138615
62.94138637
62.95138659
62.96138681
62.97138703
62.98138726
62.99138748
63.0013877
63.01138792
63.02138814
63.03138836
63.04138858
63.0513888
63.06138902
63.07138924
63.08138946
63.09138968
63.1013899
63.11139012
63.12139034
63.13139056
63.14139078
63.151391
63.16139122
63.17139144
63.18139166
63.19139188
63.2013921
63.21139232
63.22139254
63.23139276
63.24139298
63.2513932
63.26139342
63.27139364
63.28139386
63.29139408
63.3013943
63.31139452
63.32139474
63.33139496
63.34139518
63.35139541
63.36139563
63.37139585
63.38139607
63.39139629
63.40139651
63.41139673
63.42139695
63.43139717
63.44139739
63.45139761
63.46139783
63.47139805
63.48139827
63.49139849
63.50139871
63.51139893
63.52139915
63.53139937
63.54139959
63.55139981
63.56140003
63.57140025
63.58140047
63.59140069
63.60140091
63.61140113
63.62140135
63.63140157
63.64140179
63.65140201
63.66140223
63.67140245
63.68140267
63.69140289
63.70140311
63.71140333
63.72140356
63.73140378
63.741404
63.75140422
63.76140444
63.77140466
63.78140488
63.7914051
63.80140532
63.81140554
63.82140576
63.83140598
63.8414062
63.85140642
63.86140664
63.87140686
63.88140708
63.8914073
63.90140752
63.91140774
63.92140796
63.93140818
63.9414084
63.95140862
63.96140884
63.97140906
63.98140928
63.9914095
64.00140972
64.01140994
64.02141016
64.03141038
64.0414106
64.05141082
64.06141104
64.07141126
64.08141148
64.09141171
64.10141193
64.11141215
64.12141237
64.13141259
64.14141281
64.15141303
64.16141325
64.17141347
64.18141369
64.19141391
64.20141413
64.21141435
64.22141457
64.23141479
64.24141501
64.25141523
64.26141545
64.27141567
64.28141589
64.29141611
64.30141633
64.31141655
64.32141677
64.33141699
64.34141721
64.35141743
64.36141765
64.37141787
64.38141809
64.39141831
64.40141853
64.41141875
64.42141897
64.43141919
64.44141941
64.45141963
64.46141986
64.47142008
64.4814203
64.49142052
64.50142074
64.51142096
64.52142118
64.5314214
64.54142162
64.55142184
64.56142206
64.57142228
64.5814225
64.59142272
64.60142294
64.61142316
64.62142338
64.6314236
64.64142382
64.65142404
64.66142426
64.67142448
64.6814247
64.69142492
64.70142514
64.71142536
64.72142558
64.7314258
64.74142602
64.75142624
64.76142646
64.77142668
64.7814269
64.79142712
64.80142734
64.81142756
64.82142778
64.83142801
64.84142823
64.85142845
64.86142867
64.87142889
64.88142911
64.89142933
64.90142955
64.91142977
64.92142999
64.93143021
64.94143043
64.95143065
64.96143087
64.97143109
64.98143131
64.99143153
65.00143175
65.01143197
65.02143219
65.03143241
65.04143263
65.05143285
65.06143307
65.07143329
65.08143351
65.09143373
65.10143395
65.11143417
65.12143439
65.13143461
65.14143483
65.15143505
65.16143527
65.17143549
65.18143571
65.19143593
65.20143615
65.21143638
65.2214366
65.23143682
65.24143704
65.25143726
65.26143748
65.2714377
65.28143792
65.29143814
65.30143836
65.31143858
65.3214388
65.33143902
65.34143924
65.35143946
65.36143968
65.3714399
65.38144012
65.39144034
65.40144056
65.41144078
65.421441
65.43144122
65.44144144
65.45144166
65.46144188
65.4714421
65.48144232
65.49144254
65.50144276
65.51144298
65.5214432
65.53144342
65.54144364
65.55144386
65.56144408
65.5714443
65.58144453
65.59144475
65.60144497
65.61144519
65.62144541
65.63144563
65.64144585
65.65144607
65.66144629
65.67144651
65.68144673
65.69144695
65.70144717
65.71144739
65.72144761
65.73144783
65.74144805
65.75144827
65.76144849
65.77144871
65.78144893
65.79144915
65.80144937
65.81144959
65.82144981
65.83145003
65.84145025
65.85145047
65.86145069
65.87145091
65.88145113
65.89145135
65.90145157
65.91145179
65.92145201
65.93145223
65.94145245
65.95145268
65.9614529
65.97145312
65.98145334
65.99145356
66.00145378
66.011454
66.02145422
66.03145444
66.04145466
66.05145488
66.0614551
66.07145532
66.08145554
66.09145576
66.10145598
66.1114562
66.12145642
66.13145664
66.14145686
66.15145708
66.1614573
66.17145752
66.18145774
66.19145796
66.20145818
66.2114584
66.22145862
66.23145884
66.24145906
66.25145928
66.2614595
66.27145972
66.28145994
66.29146016
66.30146038
66.3114606
66.32146083
66.33146105
66.34146127
66.35146149
66.36146171
66.37146193
66.38146215
66.39146237
66.40146259
66.41146281
66.42146303
66.43146325
66.44146347
66.45146369
66.46146391
66.47146413
66.48146435
66.49146457
66.50146479
66.51146501
66.52146523
66.53146545
66.54146567
66.55146589
66.56146611
66.57146633
66.58146655
66.59146677
66.60146699
66.61146721
66.62146743
66.63146765
66.64146787
66.65146809
66.66146831
66.67146853
66.68146875
66.69146898
66.7014692
66.71146942
66.72146964
66.73146986
66.74147008
66.7514703
66.76147052
66.77147074
66.78147096
66.79147118
66.8014714
66.81147162
66.82147184
66.83147206
66.84147228
66.8514725
66.86147272
66.87147294
66.88147316
66.89147338
66.9014736
66.91147382
66.92147404
66.93147426
66.94147448
66.9514747
66.96147492
66.97147514
66.98147536
66.99147558
67.0014758
67.01147602
67.02147624
67.03147646
67.04147668
67.0514769
67.06147713
67.07147735
67.08147757
67.09147779
67.10147801
67.11147823
67.12147845
67.13147867
67.14147889
67.15147911
67.16147933
67.17147955
67.18147977
67.19147999
67.20148021
67.21148043
67.22148065
67.23148087
67.24148109
67.25148131
67.26148153
67.27148175
67.28148197
67.29148219
67.30148241
67.31148263
67.32148285
67.33148307
67.34148329
67.35148351
67.36148373
67.37148395
67.38148417
67.39148439
67.40148461
67.41148483
67.42148505
67.43148528
67.4414855
67.45148572
67.46148594
67.47148616
67.48148638
67.4914866
67.50148682
67.51148704
67.52148726
67.53148748
67.5414877
67.55148792
67.56148814
67.57148836
67.58148858
67.5914888
67.60148902
67.61148924
67.62148946
67.63148968
67.6414899
67.65149012
67.66149034
67.67149056
67.68149078
67.691491
67.70149122
67.71149144
67.72149166
67.73149188
67.7414921
67.75149232
67.76149254
67.77149276
67.78149298
67.7914932
67.80149342
67.81149365
67.82149387
67.83149409
67.84149431
67.85149453
67.86149475
67.87149497
67.88149519
67.89149541
67.90149563
67.91149585
67.92149607
67.93149629
67.94149651
67.95149673
67.96149695
67.97149717
67.98149739
67.99149761
68.00149783
68.01149805
68.02149827
68.03149849
68.04149871
68.05149893
68.06149915
68.07149937
68.08149959
68.09149981
68.10150003
68.11150025
68.12150047
68.13150069
68.14150091
68.15150113
68.16150135
68.17150157
68.1815018
68.19150202
68.20150224
68.21150246
68.22150268
68.2315029
68.24150312
68.25150334
68.26150356
68.27150378
68.281504
68.29150422
68.30150444
68.31150466
68.32150488
68.3315051
68.34150532
68.35150554
68.36150576
68.37150598
68.3815062
68.39150642
68.40150664
68.41150686
68.42150708
68.4315073
68.44150752
68.45150774
68.46150796
68.47150818
68.4815084
68.49150862
68.50150884
68.51150906
68.52150928
68.5315095
68.54150972
68.55150995
68.56151017
68.57151039
68.58151061
68.59151083
68.60151105
68.61151127
68.62151149
68.63151171
68.64151193
68.65151215
68.66151237
68.67151259
68.68151281
68.69151303
68.70151325
68.71151347
68.72151369
68.73151391
68.74151413
68.75151435
68.76151457
68.77151479
68.78151501
68.79151523
68.80151545
68.81151567
68.82151589
68.83151611
68.84151633
68.85151655
68.86151677
68.87151699
68.88151721
68.89151743
68.90151765
68.91151787
68.9215181
68.93151832
68.94151854
68.95151876
68.96151898
68.9715192
68.98151942
68.99151964
69.00151986
69.01152008
69.0215203
69.03152052
69.04152074
69.05152096
69.06152118
69.0715214
69.08152162
69.09152184
69.10152206
69.11152228
69.1215225
69.13152272
69.14152294
69.15152316
69.16152338
69.1715236
69.18152382
69.19152404
69.20152426
69.21152448
69.2215247
69.23152492
69.24152514
69.25152536
69.26152558
69.2715258
69.28152602
69.29152625
69.30152647
69.31152669
69.32152691
69.33152713
69.34152735
69.35152757
69.36152779
69.37152801
69.38152823
69.39152845
69.40152867
69.41152889
69.42152911
69.43152933
69.44152955
69.45152977
69.46152999
69.47153021
69.48153043
69.49153065
69.50153087
69.51153109
69.52153131
69.53153153
69.54153175
69.55153197
69.56153219
69.57153241
69.58153263
69.59153285
69.60153307
69.61153329
69.62153351
69.63153373
69.64153395
69.65153417
69.6615344
69.67153462
69.68153484
69.69153506
69.70153528
69.7115355
69.72153572
69.73153594
69.74153616
69.75153638
69.7615366
69.77153682
69.78153704
69.79153726
69.80153748
69.8115377
69.82153792
69.83153814
69.84153836
69.85153858
69.8615388
69.87153902
69.88153924
69.89153946
69.90153968
69.9115399
69.92154012
69.93154034
69.94154056
69.95154078
69.961541
69.97154122
69.98154144
69.99154166
70.00154188
70.0115421
70.02154232
70.03154254
70.04154277
70.05154299
70.06154321
70.07154343
70.08154365
70.09154387
70.10154409
70.11154431
70.12154453
70.13154475
70.14154497
70.15154519
70.16154541
70.17154563
70.18154585
70.19154607
70.20154629
70.21154651
70.22154673
70.23154695
70.24154717
70.25154739
70.26154761
70.27154783
70.28154805
70.29154827
70.30154849
70.31154871
70.32154893
70.33154915
70.34154937
70.35154959
70.36154981
70.37155003
70.38155025
70.39155047
70.40155069
70.41155092
70.42155114
70.43155136
70.44155158
70.4515518
70.46155202
70.47155224
70.48155246
70.49155268
70.5015529
70.51155312
70.52155334
70.53155356
70.54155378
70.551554
70.56155422
70.57155444
70.58155466
70.59155488
70.6015551
70.61155532
70.62155554
70.63155576
70.64155598
70.6515562
70.66155642
70.67155664
70.68155686
70.69155708
70.7015573
70.71155752
70.72155774
70.73155796
70.74155818
70.7515584
70.76155862
70.77155884
70.78155907
70.79155929
70.80155951
70.81155973
70.82155995
70.83156017
70.84156039
70.85156061
70.86156083
70.87156105
70.88156127
70.89156149
70.90156171
70.91156193
70.92156215
70.93156237
70.94156259
70.95156281
70.96156303
70.97156325
70.98156347
70.99156369
71.00156391
71.01156413
71.02156435
71.03156457
71.04156479
71.05156501
71.06156523
71.07156545
71.08156567
71.09156589
71.10156611
71.11156633
71.12156655
71.13156677
71.14156699
71.15156722
71.16156744
71.17156766
71.18156788
71.1915681
71.20156832
71.21156854
71.22156876
71.23156898
71.2415692
71.25156942
71.26156964
71.27156986
71.28157008
71.2915703
71.30157052
71.31157074
71.32157096
71.33157118
71.3415714
71.35157162
71.36157184
71.37157206
71.38157228
71.3915725
71.40157272
71.41157294
71.42157316
71.43157338
71.4415736
71.45157382
71.46157404
71.47157426
71.48157448
71.4915747
71.50157492
71.51157514
71.52157537
71.53157559
71.54157581
71.55157603
71.56157625
71.57157647
71.58157669
71.59157691
71.60157713
71.61157735
71.62157757
71.63157779
71.64157801
71.65157823
71.66157845
71.67157867
71.68157889
71.69157911
71.70157933
71.71157955
71.72157977
71.73157999
71.74158021
71.75158043
71.76158065
71.77158087
71.78158109
71.79158131
71.80158153
71.81158175
71.82158197
71.83158219
71.84158241
71.85158263
71.86158285
71.87158307
71.88158329
71.89158352
71.90158374
71.91158396
71.92158418
71.9315844
71.94158462
71.95158484
71.96158506
71.97158528
71.9815855
71.99158572
72.00158594
72.01158616
72.02158638
72.0315866
72.04158682
72.05158704
72.06158726
72.07158748
72.0815877
72.09158792
72.10158814
72.11158836
72.12158858
72.1315888
72.14158902
72.15158924
72.16158946
72.17158968
72.1815899
72.19159012
72.20159034
72.21159056
72.22159078
72.231591
72.24159122
72.25159144
72.26159167
72.27159189
72.28159211
72.29159233
72.30159255
72.31159277
72.32159299
72.33159321
72.34159343
72.35159365
72.36159387
72.37159409
72.38159431
72.39159453
72.40159475
72.41159497
72.42159519
72.43159541
72.44159563
72.45159585
72.46159607
72.47159629
72.48159651
72.49159673
72.50159695
72.51159717
72.52159739
72.53159761
72.54159783
72.55159805
72.56159827
72.57159849
72.58159871
72.59159893
72.60159915
72.61159937
72.62159959
72.63159981
72.64160004
72.65160026
72.66160048
72.6716007
72.68160092
72.69160114
72.70160136
72.71160158
72.7216018
72.73160202
72.74160224
72.75160246
72.76160268
72.7716029
72.78160312
72.79160334
72.80160356
72.81160378
72.821604
72.83160422
72.84160444
72.85160466
72.86160488
72.8716051
72.88160532
72.89160554
72.90160576
72.91160598
72.9216062
72.93160642
72.94160664
72.95160686
72.96160708
72.9716073
72.98160752
72.99160774
73.00160796
73.01160819
73.02160841
73.03160863
73.04160885
73.05160907
73.06160929
73.07160951
73.08160973
73.09160995
73.10161017
73.11161039
73.12161061
73.13161083
73.14161105
73.15161127
73.16161149
73.17161171
73.18161193
73.19161215
73.20161237
73.21161259
73.22161281
73.23161303
73.24161325
73.25161347
73.26161369
73.27161391
73.28161413
73.29161435
73.30161457
73.31161479
73.32161501
73.33161523
73.34161545
73.35161567
73.36161589
73.37161611
73.38161634
73.39161656
73.40161678
73.411617
73.42161722
73.43161744
73.44161766
73.45161788
73.4616181
73.47161832
73.48161854
73.49161876
73.50161898
73.5116192
73.52161942
73.53161964
73.54161986
73.55162008
73.5616203
73.57162052
73.58162074
73.59162096
73.60162118
73.6116214
73.62162162
73.63162184
73.64162206
73.65162228
73.6616225
73.67162272
73.68162294
73.69162316
73.70162338
73.7116236
73.72162382
73.73162404
73.74162426
73.75162449
73.76162471
73.77162493
73.78162515
73.79162537
73.80162559
73.81162581
73.82162603
73.83162625
73.84162647
73.85162669
73.86162691
73.87162713
73.88162735
73.89162757
73.90162779
73.91162801
73.92162823
73.93162845
73.94162867
73.95162889
73.96162911
73.97162933
73.98162955
73.99162977
74.00162999
74.01163021
74.02163043
74.03163065
74.04163087
74.05163109
74.06163131
74.07163153
74.08163175
74.09163197
74.10163219
74.11163241
74.12163264
74.13163286
74.14163308
74.1516333
74.16163352
74.17163374
74.18163396
74.19163418
74.2016344
74.21163462
74.22163484
74.23163506
74.24163528
74.2516355
74.26163572
74.27163594
74.28163616
74.29163638
74.3016366
74.31163682
74.32163704
74.33163726
74.34163748
74.3516377
74.36163792
74.37163814
74.38163836
74.39163858
74.4016388
74.41163902
74.42163924
74.43163946
74.44163968
74.4516399
74.46164012
74.47164034
74.48164056
74.49164079
74.50164101
74.51164123
74.52164145
74.53164167
74.54164189
74.55164211
74.56164233
74.57164255
74.58164277
74.59164299
74.60164321
74.61164343
74.62164365
74.63164387
74.64164409
74.65164431
74.66164453
74.67164475
74.68164497
74.69164519
74.70164541
74.71164563
74.72164585
74.73164607
74.74164629
74.75164651
74.76164673
74.77164695
74.78164717
74.79164739
74.80164761
74.81164783
74.82164805
74.83164827
74.84164849
74.85164871
74.86164893
74.87164916
74.88164938
74.8916496
74.90164982
74.91165004
74.92165026
74.93165048
74.9416507
74.95165092
74.96165114
74.97165136
74.98165158
74.9916518
75.00165202
75.01165224
75.02165246
75.03165268
75.0416529
75.05165312
75.06165334
75.07165356
75.08165378
75.091654
75.10165422
75.11165444
75.12165466
75.13165488
75.1416551
75.15165532
75.16165554
75.17165576
75.18165598
75.1916562
75.20165642
75.21165664
75.22165686
75.23165708
75.24165731
75.25165753
75.26165775
75.27165797
75.28165819
75.29165841
75.30165863
75.31165885
75.32165907
75.33165929
75.34165951
75.35165973
75.36165995
75.37166017
75.38166039
75.39166061
75.40166083
75.41166105
75.42166127
75.43166149
75.44166171
75.45166193
75.46166215
75.47166237
75.48166259
75.49166281
75.50166303
75.51166325
75.52166347
75.53166369
75.54166391
75.55166413
75.56166435
75.57166457
75.58166479
75.59166501
75.60166523
75.61166546
75.62166568
75.6316659
75.64166612
75.65166634
75.66166656
75.67166678
75.681667
75.69166722
75.70166744
75.71166766
75.72166788
75.7316681
75.74166832
75.75166854
75.76166876
75.77166898
75.7816692
75.79166942
75.80166964
75.81166986
75.82167008
75.8316703
75.84167052
75.85167074
75.86167096
75.87167118
75.8816714
75.89167162
75.90167184
75.91167206
75.92167228
75.9316725
75.94167272
75.95167294
75.96167316
75.97167338
75.98167361
75.99167383
76.00167405
76.01167427
76.02167449
76.03167471
76.04167493
76.05167515
76.06167537
76.07167559
76.08167581
76.09167603
76.10167625
76.11167647
76.12167669
76.13167691
76.14167713
76.15167735
76.16167757
76.17167779
76.18167801
76.19167823
76.20167845
76.21167867
76.22167889
76.23167911
76.24167933
76.25167955
76.26167977
76.27167999
76.28168021
76.29168043
76.30168065
76.31168087
76.32168109
76.33168131
76.34168153
76.35168176
76.36168198
76.3716822
76.38168242
76.39168264
76.40168286
76.41168308
76.4216833
76.43168352
76.44168374
76.45168396
76.46168418
76.4716844
76.48168462
76.49168484
76.50168506
76.51168528
76.5216855
76.53168572
76.54168594
76.55168616
76.56168638
76.5716866
76.58168682
76.59168704
76.60168726
76.61168748
76.6216877
76.63168792
76.64168814
76.65168836
76.66168858
76.6716888
76.68168902
76.69168924
76.70168946
76.71168968
76.72168991
76.73169013
76.74169035
76.75169057
76.76169079
76.77169101
76.78169123
76.79169145
76.80169167
76.81169189
76.82169211
76.83169233
76.84169255
76.85169277
76.86169299
76.87169321
76.88169343
76.89169365
76.90169387
76.91169409
76.92169431
76.93169453
76.94169475
76.95169497
76.96169519
76.97169541
76.98169563
76.99169585
77.00169607
77.01169629
77.02169651
77.03169673
77.04169695
77.05169717
77.06169739
77.07169761
77.08169783
77.09169806
77.10169828
77.1116985
77.12169872
77.13169894
77.14169916
77.15169938
77.1616996
77.17169982
77.18170004
77.19170026
77.20170048
77.2117007
77.22170092
77.23170114
77.24170136
77.25170158
77.2617018
77.27170202
77.28170224
77.29170246
77.30170268
77.3117029
77.32170312
77.33170334
77.34170356
77.35170378
77.361704
77.37170422
77.38170444
77.39170466
77.40170488
77.4117051
77.42170532
77.43170554
77.44170576
77.45170598
77.4617062
77.47170643
77.48170665
77.49170687
77.50170709
77.51170731
77.52170753
77.53170775
77.54170797
77.55170819
77.56170841
77.57170863
77.58170885
77.59170907
77.60170929
77.61170951
77.62170973
77.63170995
77.64171017
77.65171039
77.66171061
77.67171083
77.68171105
77.69171127
77.70171149
77.71171171
77.72171193
77.73171215
77.74171237
77.75171259
77.76171281
77.77171303
77.78171325
77.79171347
77.80171369
77.81171391
77.82171413
77.83171435
77.84171458
77.8517148
77.86171502
77.87171524
77.88171546
77.89171568
77.9017159
77.91171612
77.92171634
77.93171656
77.94171678
77.951717
77.96171722
77.97171744
77.98171766
77.99171788
78.0017181
78.01171832
78.02171854
78.03171876
78.04171898
78.0517192
78.06171942
78.07171964
78.08171986
78.09172008
78.1017203
78.11172052
78.12172074
78.13172096
78.14172118
78.1517214
78.16172162
78.17172184
78.18172206
78.19172228
78.2017225
78.21172273
78.22172295
78.23172317
78.24172339
78.25172361
78.26172383
78.27172405
78.28172427
78.29172449
78.30172471
78.31172493
78.32172515
78.33172537
78.34172559
78.35172581
78.36172603
78.37172625
78.38172647
78.39172669
78.40172691
78.41172713
78.42172735
78.43172757
78.44172779
78.45172801
78.46172823
78.47172845
78.48172867
78.49172889
78.50172911
78.51172933
78.52172955
78.53172977
78.54172999
78.55173021
78.56173043
78.57173065
78.58173088
78.5917311
78.60173132
78.61173154
78.62173176
78.63173198
78.6417322
78.65173242
78.66173264
78.67173286
78.68173308
78.6917333
78.70173352
78.71173374
78.72173396
78.73173418
78.7417344
78.75173462
78.76173484
78.77173506
78.78173528
78.7917355
78.80173572
78.81173594
78.82173616
78.83173638
78.8417366
78.85173682
78.86173704
78.87173726
78.88173748
78.8917377
78.90173792
78.91173814
78.92173836
78.93173858
78.9417388
78.95173903
78.96173925
78.97173947
78.98173969
78.99173991
79.00174013
79.01174035
79.02174057
79.03174079
79.04174101
79.05174123
79.06174145
79.07174167
79.08174189
79.09174211
79.10174233
79.11174255
79.12174277
79.13174299
79.14174321
79.15174343
79.16174365
79.17174387
79.18174409
79.19174431
79.20174453
79.21174475
79.22174497
79.23174519
79.24174541
79.25174563
79.26174585
79.27174607
79.28174629
79.29174651
79.30174673
79.31174695
79.32174718
79.3317474
79.34174762
79.35174784
79.36174806
79.37174828
79.3817485
79.39174872
79.40174894
79.41174916
79.42174938
79.4317496
79.44174982
79.45175004
79.46175026
79.47175048
79.4817507
79.49175092
79.50175114
79.51175136
79.52175158
79.5317518
79.54175202
79.55175224
79.56175246
79.57175268
79.5817529
79.59175312
79.60175334
79.61175356
79.62175378
79.631754
79.64175422
79.65175444
79.66175466
79.67175488
79.6817551
79.69175533
79.70175555
79.71175577
79.72175599
79.73175621
79.74175643
79.75175665
79.76175687
79.77175709
79.78175731
79.79175753
79.80175775
79.81175797
79.82175819
79.83175841
79.84175863
79.85175885
79.86175907
79.87175929
79.88175951
79.89175973
79.90175995
79.91176017
79.92176039
79.93176061
79.94176083
79.95176105
79.96176127
79.97176149
79.98176171
79.99176193
80.00176215
80.01176237
80.02176259
80.03176281
80.04176303
80.05176325
80.06176347
80.0717637
80.08176392
80.09176414
80.10176436
80.11176458
80.1217648
80.13176502
80.14176524
80.15176546
80.16176568
80.1717659
80.18176612
80.19176634
80.20176656
80.21176678
80.221767
80.23176722
80.24176744
80.25176766
80.26176788
80.2717681
80.28176832
80.29176854
80.30176876
80.31176898
80.3217692
80.33176942
80.34176964
80.35176986
80.36177008
80.3717703
80.38177052
80.39177074
80.40177096
80.41177118
80.4217714
80.43177162
80.44177185
80.45177207
80.46177229
80.47177251
80.48177273
80.49177295
80.50177317
80.51177339
80.52177361
80.53177383
80.54177405
80.55177427
80.56177449
80.57177471
80.58177493
80.59177515
80.60177537
80.61177559
80.62177581
80.63177603
80.64177625
80.65177647
80.66177669
80.67177691
80.68177713
80.69177735
80.70177757
80.71177779
80.72177801
80.73177823
80.74177845
80.75177867
80.76177889
80.77177911
80.78177933
80.79177955
80.80177977
80.81178
80.82178022
80.83178044
80.84178066
80.85178088
80.8617811
80.87178132
80.88178154
80.89178176
80.90178198
80.9117822
80.92178242
80.93178264
80.94178286
80.95178308
80.9617833
80.97178352
80.98178374
80.99178396
81.00178418
81.0117844
81.02178462
81.03178484
81.04178506
81.05178528
81.0617855
81.07178572
81.08178594
81.09178616
81.10178638
81.1117866
81.12178682
81.13178704
81.14178726
81.15178748
81.1617877
81.17178792
81.18178815
81.19178837
81.20178859
81.21178881
81.22178903
81.23178925
81.24178947
81.25178969
81.26178991
81.27179013
81.28179035
81.29179057
81.30179079
81.31179101
81.32179123
81.33179145
81.34179167
81.35179189
81.36179211
81.37179233
81.38179255
81.39179277
81.40179299
81.41179321
81.42179343
81.43179365
81.44179387
81.45179409
81.46179431
81.47179453
81.48179475
81.49179497
81.50179519
81.51179541
81.52179563
81.53179585
81.54179607
81.5517963
81.56179652
81.57179674
81.58179696
81.59179718
81.6017974
81.61179762
81.62179784
81.63179806
81.64179828
81.6517985
81.66179872
81.67179894
81.68179916
81.69179938
81.7017996
81.71179982
81.72180004
81.73180026
81.74180048
81.7518007
81.76180092
81.77180114
81.78180136
81.79180158
81.8018018
81.81180202
81.82180224
81.83180246
81.84180268
81.8518029
81.86180312
81.87180334
81.88180356
81.89180378
81.901804
81.91180422
81.92180445
81.93180467
81.94180489
81.95180511
81.96180533
81.97180555
81.98180577
81.99180599
82.00180621
82.01180643
82.02180665
82.03180687
82.04180709
82.05180731
82.06180753
82.07180775
82.08180797
82.09180819
82.10180841
82.11180863
82.12180885
82.13180907
82.14180929
82.15180951
82.16180973
82.17180995
82.18181017
82.19181039
82.20181061
82.21181083
82.22181105
82.23181127
82.24181149
82.25181171
82.26181193
82.27181215
82.28181237
82.29181259
82.30181282
82.31181304
82.32181326
82.33181348
82.3418137
82.35181392
82.36181414
82.37181436
82.38181458
82.3918148
82.40181502
82.41181524
82.42181546
82.43181568
82.4418159
82.45181612
82.46181634
82.47181656
82.48181678
82.491817
82.50181722
82.51181744
82.52181766
82.53181788
82.5418181
82.55181832
82.56181854
82.57181876
82.58181898
82.5918192
82.60181942
82.61181964
82.62181986
82.63182008
82.6418203
82.65182052
82.66182074
82.67182097
82.68182119
82.69182141
82.70182163
82.71182185
82.72182207
82.73182229
82.74182251
82.75182273
82.76182295
82.77182317
82.78182339
82.79182361
82.80182383
82.81182405
82.82182427
82.83182449
82.84182471
82.85182493
82.86182515
82.87182537
82.88182559
82.89182581
82.90182603
82.91182625
82.92182647
82.93182669
82.94182691
82.95182713
82.96182735
82.97182757
82.98182779
82.99182801
83.00182823
83.01182845
83.02182867
83.03182889
83.04182912
83.05182934
83.06182956
83.07182978
83.08183
83.09183022
83.10183044
83.11183066
83.12183088
83.1318311
83.14183132
83.15183154
83.16183176
83.17183198
83.1818322
83.19183242
83.20183264
83.21183286
83.22183308
83.2318333
83.24183352
83.25183374
83.26183396
83.27183418
83.2818344
83.29183462
83.30183484
83.31183506
83.32183528
83.3318355
83.34183572
83.35183594
83.36183616
83.37183638
83.3818366
83.39183682
83.40183704
83.41183727
83.42183749
83.43183771
83.44183793
83.45183815
83.46183837
83.47183859
83.48183881
83.49183903
83.50183925
83.51183947
83.52183969
83.53183991
83.54184013
83.55184035
83.56184057
83.57184079
83.58184101
83.59184123
83.60184145
83.61184167
83.62184189
83.63184211
83.64184233
83.65184255
83.66184277
83.67184299
83.68184321
83.69184343
83.70184365
83.71184387
83.72184409
83.73184431
83.74184453
83.75184475
83.76184497
83.77184519
83.78184542
83.79184564
83.80184586
83.81184608
83.8218463
83.83184652
83.84184674
83.85184696
83.86184718
83.8718474
83.88184762
83.89184784
83.90184806
83.91184828
83.9218485
83.93184872
83.94184894
83.95184916
83.96184938
83.9718496
83.98184982
83.99185004
84.00185026
84.01185048
84.0218507
84.03185092
84.04185114
84.05185136
84.06185158
84.0718518
84.08185202
84.09185224
84.10185246
84.11185268
84.1218529
84.13185312
84.14185334
84.15185357
84.16185379
84.17185401
84.18185423
84.19185445
84.20185467
84.21185489
84.22185511
84.23185533
84.24185555
84.25185577
84.26185599
84.27185621
84.28185643
84.29185665
84.30185687
84.31185709
84.32185731
84.33185753
84.34185775
84.35185797
84.36185819
84.37185841
84.38185863
84.39185885
84.40185907
84.41185929
84.42185951
84.43185973
84.44185995
84.45186017
84.46186039
84.47186061
84.48186083
84.49186105
84.50186127
84.51186149
84.52186172
84.53186194
84.54186216
84.55186238
84.5618626
84.57186282
84.58186304
84.59186326
84.60186348
84.6118637
84.62186392
84.63186414
84.64186436
84.65186458
84.6618648
84.67186502
84.68186524
84.69186546
84.70186568
84.7118659
84.72186612
84.73186634
84.74186656
84.75186678
84.761867
84.77186722
84.78186744
84.79186766
84.80186788
84.8118681
84.82186832
84.83186854
84.84186876
84.85186898
84.8618692
84.87186942
84.88186964
84.89186986
84.90187009
84.91187031
84.92187053
84.93187075
84.94187097
84.95187119
84.96187141
84.97187163
84.98187185
84.99187207
85.00187229
85.01187251
85.02187273
85.03187295
85.04187317
85.05187339
85.06187361
85.07187383
85.08187405
85.09187427
85.10187449
85.11187471
85.12187493
85.13187515
85.14187537
85.15187559
85.16187581
85.17187603
85.18187625
85.19187647
85.20187669
85.21187691
85.22187713
85.23187735
85.24187757
85.25187779
85.26187801
85.27187824
85.28187846
85.29187868
85.3018789
85.31187912
85.32187934
85.33187956
85.34187978
85.35188
85.36188022
85.37188044
85.38188066
85.39188088
85.4018811
85.41188132
85.42188154
85.43188176
85.44188198
85.4518822
85.46188242
85.47188264
85.48188286
85.49188308
85.5018833
85.51188352
85.52188374
85.53188396
85.54188418
85.5518844
85.56188462
85.57188484
85.58188506
85.59188528
85.6018855
85.61188572
85.62188594
85.63188616
85.64188639
85.65188661
85.66188683
85.67188705
85.68188727
85.69188749
85.70188771
85.71188793
85.72188815
85.73188837
85.74188859
85.75188881
85.76188903
85.77188925
85.78188947
85.79188969
85.80188991
85.81189013
85.82189035
85.83189057
85.84189079
85.85189101
85.86189123
85.87189145
85.88189167
85.89189189
85.90189211
85.91189233
85.92189255
85.93189277
85.94189299
85.95189321
85.96189343
85.97189365
85.98189387
85.99189409
86.00189431
86.01189454
86.02189476
86.03189498
86.0418952
86.05189542
86.06189564
86.07189586
86.08189608
86.0918963
86.10189652
86.11189674
86.12189696
86.13189718
86.1418974
86.15189762
86.16189784
86.17189806
86.18189828
86.1918985
86.20189872
86.21189894
86.22189916
86.23189938
86.2418996
86.25189982
86.26190004
86.27190026
86.28190048
86.2919007
86.30190092
86.31190114
86.32190136
86.33190158
86.3419018
86.35190202
86.36190224
86.37190246
86.38190269
86.39190291
86.40190313
86.41190335
86.42190357
86.43190379
86.44190401
86.45190423
86.46190445
86.47190467
86.48190489
86.49190511
86.50190533
86.51190555
86.52190577
86.53190599
86.54190621
86.55190643
86.56190665
86.57190687
86.58190709
86.59190731
86.60190753
86.61190775
86.62190797
86.63190819
86.64190841
86.65190863
86.66190885
86.67190907
86.68190929
86.69190951
86.70190973
86.71190995
86.72191017
86.73191039
86.74191061
86.75191084
86.76191106
86.77191128
86.7819115
86.79191172
86.80191194
86.81191216
86.82191238
86.8319126
86.84191282
86.85191304
86.86191326
86.87191348
86.8819137
86.89191392
86.90191414
86.91191436
86.92191458
86.9319148
86.94191502
86.95191524
86.96191546
86.97191568
86.9819159
86.99191612
87.00191634
87.01191656
87.02191678
87.031917
87.04191722
87.05191744
87.06191766
87.07191788
87.0819181
87.09191832
87.10191854
87.11191876
87.12191898
87.13191921
87.14191943
87.15191965
87.16191987
87.17192009
87.18192031
87.19192053
87.20192075
87.21192097
87.22192119
87.23192141
87.24192163
87.25192185
87.26192207
87.27192229
87.28192251
87.29192273
87.30192295
87.31192317
87.32192339
87.33192361
87.34192383
87.35192405
87.36192427
87.37192449
87.38192471
87.39192493
87.40192515
87.41192537
87.42192559
87.43192581
87.44192603
87.45192625
87.46192647
87.47192669
87.48192691
87.49192713
87.50192736
87.51192758
87.5219278
87.53192802
87.54192824
87.55192846
87.56192868
87.5719289
87.58192912
87.59192934
87.60192956
87.61192978
87.62193
87.63193022
87.64193044
87.65193066
87.66193088
87.6719311
87.68193132
87.69193154
87.70193176
87.71193198
87.7219322
87.73193242
87.74193264
87.75193286
87.76193308
87.7719333
87.78193352
87.79193374
87.80193396
87.81193418
87.8219344
87.83193462
87.84193484
87.85193506
87.86193528
87.87193551
87.88193573
87.89193595
87.90193617
87.91193639
87.92193661
87.93193683
87.94193705
87.95193727
87.96193749
87.97193771
87.98193793
87.99193815
88.00193837
88.01193859
88.02193881
88.03193903
88.04193925
88.05193947
88.06193969
88.07193991
88.08194013
88.09194035
88.10194057
88.11194079
88.12194101
88.13194123
88.14194145
88.15194167
88.16194189
88.17194211
88.18194233
88.19194255
88.20194277
88.21194299
88.22194321
88.23194343
88.24194366
88.25194388
88.2619441
88.27194432
88.28194454
88.29194476
88.30194498
88.3119452
88.32194542
88.33194564
88.34194586
88.35194608
88.3619463
88.37194652
88.38194674
88.39194696
88.40194718
88.4119474
88.42194762
88.43194784
88.44194806
88.45194828
88.4619485
88.47194872
88.48194894
88.49194916
88.50194938
88.5119496
88.52194982
88.53195004
88.54195026
88.55195048
88.5619507
88.57195092
88.58195114
88.59195136
88.60195158
88.61195181
88.62195203
88.63195225
88.64195247
88.65195269
88.66195291
88.67195313
88.68195335
88.69195357
88.70195379
88.71195401
88.72195423
88.73195445
88.74195467
88.75195489
88.76195511
88.77195533
88.78195555
88.79195577
88.80195599
88.81195621
88.82195643
88.83195665
88.84195687
88.85195709
88.86195731
88.87195753
88.88195775
88.89195797
88.90195819
88.91195841
88.92195863
88.93195885
88.94195907
88.95195929
88.96195951
88.97195973
88.98195996
88.99196018
89.0019604
89.01196062
89.02196084
89.03196106
89.04196128
89.0519615
89.06196172
89.07196194
89.08196216
89.09196238
89.1019626
89.11196282
89.12196304
89.13196326
89.14196348
89.1519637
89.16196392
89.17196414
89.18196436
89.19196458
89.2019648
89.21196502
89.22196524
89.23196546
89.24196568
89.2519659
89.26196612
89.27196634
89.28196656
89.29196678
89.301967
89.31196722
89.32196744
89.33196766
89.34196788
89.35196811
89.36196833
89.37196855
89.38196877
89.39196899
89.40196921
89.41196943
89.42196965
89.43196987
89.44197009
89.45197031
89.46197053
89.47197075
89.48197097
89.49197119
89.50197141
89.51197163
89.52197185
89.53197207
89.54197229
89.55197251
89.56197273
89.57197295
89.58197317
89.59197339
89.60197361
89.61197383
89.62197405
89.63197427
89.64197449
89.65197471
89.66197493
89.67197515
89.68197537
89.69197559
89.70197581
89.71197603
89.72197625
89.73197648
89.7419767
89.75197692
89.76197714
89.77197736
89.78197758
89.7919778
89.80197802
89.81197824
89.82197846
89.83197868
89.8419789
89.85197912
89.86197934
89.87197956
89.88197978
89.89198
89.90198022
89.91198044
89.92198066
89.93198088
89.9419811
89.95198132
89.96198154
89.97198176
89.98198198
89.9919822
90.00198242
90.01198264
90.02198286
90.03198308
90.0419833
90.05198352
90.06198374
90.07198396
90.08198418
90.0919844
90.10198463
90.11198485
90.12198507
90.13198529
90.14198551
90.15198573
90.16198595
90.17198617
90.18198639
90.19198661
90.20198683
90.21198705
90.22198727
90.23198749
90.24198771
90.25198793
90.26198815
90.27198837
90.28198859
90.29198881
90.30198903
90.31198925
90.32198947
90.33198969
90.34198991
90.35199013
90.36199035
90.37199057
90.38199079
90.39199101
90.40199123
90.41199145
90.42199167
90.43199189
90.44199211
90.45199233
90.46199255
90.47199278
90.481993
90.49199322
90.50199344
90.51199366
90.52199388
90.5319941
90.54199432
90.55199454
90.56199476
90.57199498
90.5819952
90.59199542
90.60199564
90.61199586
90.62199608
90.6319963
90.64199652
90.65199674
90.66199696
90.67199718
90.6819974
90.69199762
90.70199784
90.71199806
90.72199828
90.7319985
90.74199872
90.75199894
90.76199916
90.77199938
90.7819996
90.79199982
90.80200004
90.81200026
90.82200048
90.8320007
90.84200093
90.85200115
90.86200137
90.87200159
90.88200181
90.89200203
90.90200225
90.91200247
90.92200269
90.93200291
90.94200313
90.95200335
90.96200357
90.97200379
90.98200401
90.99200423
91.00200445
91.01200467
91.02200489
91.03200511
91.04200533
91.05200555
91.06200577
91.07200599
91.08200621
91.09200643
91.10200665
91.11200687
91.12200709
91.13200731
91.14200753
91.15200775
91.16200797
91.17200819
91.18200841
91.19200863
91.20200885
91.21200908
91.2220093
91.23200952
91.24200974
91.25200996
91.26201018
91.2720104
91.28201062
91.29201084
91.30201106
91.31201128
91.3220115
91.33201172
91.34201194
91.35201216
91.36201238
91.3720126
91.38201282
91.39201304
91.40201326
91.41201348
91.4220137
91.43201392
91.44201414
91.45201436
91.46201458
91.4720148
91.48201502
91.49201524
91.50201546
91.51201568
91.5220159
91.53201612
91.54201634
91.55201656
91.56201678
91.572017
91.58201723
91.59201745
91.60201767
91.61201789
91.62201811
91.63201833
91.64201855
91.65201877
91.66201899
91.67201921
91.68201943
91.69201965
91.70201987
91.71202009
91.72202031
91.73202053
91.74202075
91.75202097
91.76202119
91.77202141
91.78202163
91.79202185
91.80202207
91.81202229
91.82202251
91.83202273
91.84202295
91.85202317
91.86202339
91.87202361
91.88202383
91.89202405
91.90202427
91.91202449
91.92202471
91.93202493
91.94202515
91.95202538
91.9620256
91.97202582
91.98202604
91.99202626
92.00202648
92.0120267
92.02202692
92.03202714
92.04202736
92.05202758
92.0620278
92.07202802
92.08202824
92.09202846
92.10202868
92.1120289
92.12202912
92.13202934
92.14202956
92.15202978
92.16203
92.17203022
92.18203044
92.19203066
92.20203088
92.2120311
92.22203132
92.23203154
92.24203176
92.25203198
92.2620322
92.27203242
92.28203264
92.29203286
92.30203308
92.3120333
92.32203352
92.33203375
92.34203397
92.35203419
92.36203441
92.37203463
92.38203485
92.39203507
92.40203529
92.41203551
92.42203573
92.43203595
92.44203617
92.45203639
92.46203661
92.47203683
92.48203705
92.49203727
92.50203749
92.51203771
92.52203793
92.53203815
92.54203837
92.55203859
92.56203881
92.57203903
92.58203925
92.59203947
92.60203969
92.61203991
92.62204013
92.63204035
92.64204057
92.65204079
92.66204101
92.67204123
92.68204145
92.69204167
92.7020419
92.71204212
92.72204234
92.73204256
92.74204278
92.752043
92.76204322
92.77204344
92.78204366
92.79204388
92.8020441
92.81204432
92.82204454
92.83204476
92.84204498
92.8520452
92.86204542
92.87204564
92.88204586
92.89204608
92.9020463
92.91204652
92.92204674
92.93204696
92.94204718
92.9520474
92.96204762
92.97204784
92.98204806
92.99204828
93.0020485
93.01204872
93.02204894
93.03204916
93.04204938
93.0520496
93.06204982
93.07205005
93.08205027
93.09205049
93.10205071
93.11205093
93.12205115
93.13205137
93.14205159
93.15205181
93.16205203
93.17205225
93.18205247
93.19205269
93.20205291
93.21205313
93.22205335
93.23205357
93.24205379
93.25205401
93.26205423
93.27205445
93.28205467
93.29205489
93.30205511
93.31205533
93.32205555
93.33205577
93.34205599
93.35205621
93.36205643
93.37205665
93.38205687
93.39205709
93.40205731
93.41205753
93.42205775
93.43205797
93.4420582
93.45205842
93.46205864
93.47205886
93.48205908
93.4920593
93.50205952
93.51205974
93.52205996
93.53206018
93.5420604
93.55206062
93.56206084
93.57206106
93.58206128
93.5920615
93.60206172
93.61206194
93.62206216
93.63206238
93.6420626
93.65206282
93.66206304
93.67206326
93.68206348
93.6920637
93.70206392
93.71206414
93.72206436
93.73206458
93.7420648
93.75206502
93.76206524
93.77206546
93.78206568
93.7920659
93.80206612
93.81206635
93.82206657
93.83206679
93.84206701
93.85206723
93.86206745
93.87206767
93.88206789
93.89206811
93.90206833
93.91206855
93.92206877
93.93206899
93.94206921
93.95206943
93.96206965
93.97206987
93.98207009
93.99207031
94.00207053
94.01207075
94.02207097
94.03207119
94.04207141
94.05207163
94.06207185
94.07207207
94.08207229
94.09207251
94.10207273
94.11207295
94.12207317
94.13207339
94.14207361
94.15207383
94.16207405
94.17207427
94.1820745
94.19207472
94.20207494
94.21207516
94.22207538
94.2320756
94.24207582
94.25207604
94.26207626
94.27207648
94.2820767
94.29207692
94.30207714
94.31207736
94.32207758
94.3320778
94.34207802
94.35207824
94.36207846
94.37207868
94.3820789
94.39207912
94.40207934
94.41207956
94.42207978
94.43208
94.44208022
94.45208044
94.46208066
94.47208088
94.4820811
94.49208132
94.50208154
94.51208176
94.52208198
94.5320822
94.54208242
94.55208264
94.56208287
94.57208309
94.58208331
94.59208353
94.60208375
94.61208397
94.62208419
94.63208441
94.64208463
94.65208485
94.66208507
94.67208529
94.68208551
94.69208573
94.70208595
94.71208617
94.72208639
94.73208661
94.74208683
94.75208705
94.76208727
94.77208749
94.78208771
94.79208793
94.80208815
94.81208837
94.82208859
94.83208881
94.84208903
94.85208925
94.86208947
94.87208969
94.88208991
94.89209013
94.90209035
94.91209057
94.92209079
94.93209102
94.94209124
94.95209146
94.96209168
94.9720919
94.98209212
94.99209234
95.00209256
95.01209278
95.022093
95.03209322
95.04209344
95.05209366
95.06209388
95.0720941
95.08209432
95.09209454
95.10209476
95.11209498
95.1220952
95.13209542
95.14209564
95.15209586
95.16209608
95.1720963
95.18209652
95.19209674
95.20209696
95.21209718
95.2220974
95.23209762
95.24209784
95.25209806
95.26209828
95.2720985
95.28209872
95.29209894
95.30209917
95.31209939
95.32209961
95.33209983
95.34210005
95.35210027
95.36210049
95.37210071
95.38210093
95.39210115
95.40210137
95.41210159
95.42210181
95.43210203
95.44210225
95.45210247
95.46210269
95.47210291
95.48210313
95.49210335
95.50210357
95.51210379
95.52210401
95.53210423
95.54210445
95.55210467
95.56210489
95.57210511
95.58210533
95.59210555
95.60210577
95.61210599
95.62210621
95.63210643
95.64210665
95.65210687
95.66210709
95.67210732
95.68210754
95.69210776
95.70210798
95.7121082
95.72210842
95.73210864
95.74210886
95.75210908
95.7621093
95.77210952
95.78210974
95.79210996
95.80211018
95.8121104
95.82211062
95.83211084
95.84211106
95.85211128
95.8621115
95.87211172
95.88211194
95.89211216
95.90211238
95.9121126
95.92211282
95.93211304
95.94211326
95.95211348
95.9621137
95.97211392
95.98211414
95.99211436
96.00211458
96.0121148
96.02211502
96.03211524
96.04211547
96.05211569
96.06211591
96.07211613
96.08211635
96.09211657
96.10211679
96.11211701
96.12211723
96.13211745
96.14211767
96.15211789
96.16211811
96.17211833
96.18211855
96.19211877
96.20211899
96.21211921
96.22211943
96.23211965
96.24211987
96.25212009
96.26212031
96.27212053
96.28212075
96.29212097
96.30212119
96.31212141
96.32212163
96.33212185
96.34212207
96.35212229
96.36212251
96.37212273
96.38212295
96.39212317
96.40212339
96.41212362
96.42212384
96.43212406
96.44212428
96.4521245
96.46212472
96.47212494
96.48212516
96.49212538
96.5021256
96.51212582
96.52212604
96.53212626
96.54212648
96.5521267
96.56212692
96.57212714
96.58212736
96.59212758
96.6021278
96.61212802
96.62212824
96.63212846
96.64212868
96.6521289
96.66212912
96.67212934
96.68212956
96.69212978
96.70213
96.71213022
96.72213044
96.73213066
96.74213088
96.7521311
96.76213132
96.77213154
96.78213177
96.79213199
96.80213221
96.81213243
96.82213265
96.83213287
96.84213309
96.85213331
96.86213353
96.87213375
96.88213397
96.89213419
96.90213441
96.91213463
96.92213485
96.93213507
96.94213529
96.95213551
96.96213573
96.97213595
96.98213617
96.99213639
97.00213661
97.01213683
97.02213705
97.03213727
97.04213749
97.05213771
97.06213793
97.07213815
97.08213837
97.09213859
97.10213881
97.11213903
97.12213925
97.13213947
97.14213969
97.15213991
97.16214014
97.17214036
97.18214058
97.1921408
97.20214102
97.21214124
97.22214146
97.23214168
97.2421419
97.25214212
97.26214234
97.27214256
97.28214278
97.292143
97.30214322
97.31214344
97.32214366
97.33214388
97.3421441
97.35214432
97.36214454
97.37214476
97.38214498
97.3921452
97.40214542
97.41214564
97.42214586
97.43214608
97.4421463
97.45214652
97.46214674
97.47214696
97.48214718
97.4921474
97.50214762
97.51214784
97.52214806
97.53214829
97.54214851
97.55214873
97.56214895
97.57214917
97.58214939
97.59214961
97.60214983
97.61215005
97.62215027
97.63215049
97.64215071
97.65215093
97.66215115
97.67215137
97.68215159
97.69215181
97.70215203
97.71215225
97.72215247
97.73215269
97.74215291
97.75215313
97.76215335
97.77215357
97.78215379
97.79215401
97.80215423
97.81215445
97.82215467
97.83215489
97.84215511
97.85215533
97.86215555
97.87215577
97.88215599
97.89215621
97.90215644
97.91215666
97.92215688
97.9321571
97.94215732
97.95215754
97.96215776
97.97215798
97.9821582
97.99215842
98.00215864
98.01215886
98.02215908
98.0321593
98.04215952
98.05215974
98.06215996
98.07216018
98.0821604
98.09216062
98.10216084
98.11216106
98.12216128
98.1321615
98.14216172
98.15216194
98.16216216
98.17216238
98.1821626
98.19216282
98.20216304
98.21216326
98.22216348
98.2321637
98.24216392
98.25216414
98.26216436
98.27216459
98.28216481
98.29216503
98.30216525
98.31216547
98.32216569
98.33216591
98.34216613
98.35216635
98.36216657
98.37216679
98.38216701
98.39216723
98.40216745
98.41216767
98.42216789
98.43216811
98.44216833
98.45216855
98.46216877
98.47216899
98.48216921
98.49216943
98.50216965
98.51216987
98.52217009
98.53217031
98.54217053
98.55217075
98.56217097
98.57217119
98.58217141
98.59217163
98.60217185
98.61217207
98.62217229
98.63217251
98.64217274
98.65217296
98.66217318
98.6721734
98.68217362
98.69217384
98.70217406
98.71217428
98.7221745
98.73217472
98.74217494
98.75217516
98.76217538
98.7721756
98.78217582
98.79217604
98.80217626
98.81217648
98.8221767
98.83217692
98.84217714
98.85217736
98.86217758
98.8721778
98.88217802
98.89217824
98.90217846
98.91217868
98.9221789
98.93217912
98.94217934
98.95217956
98.96217978
98.97218
98.98218022
98.99218044
99.00218066
99.01218089
99.02218111
99.03218133
99.04218155
99.05218177
99.06218199
99.07218221
99.08218243
99.09218265
99.10218287
99.11218309
99.12218331
99.13218353
99.14218375
99.15218397
99.16218419
99.17218441
99.18218463
99.19218485
99.20218507
99.21218529
99.22218551
99.23218573
99.24218595
99.25218617
99.26218639
99.27218661
99.28218683
99.29218705
99.30218727
99.31218749
99.32218771
99.33218793
99.34218815
99.35218837
99.36218859
99.37218881
99.38218904
99.39218926
99.40218948
99.4121897
99.42218992
99.43219014
99.44219036
99.45219058
99.4621908
99.47219102
99.48219124
99.49219146
99.50219168
99.5121919
99.52219212
99.53219234
99.54219256
99.55219278
99.562193
99.57219322
99.58219344
99.59219366
99.60219388
99.6121941
99.62219432
99.63219454
99.64219476
99.65219498
99.6621952
99.67219542
99.68219564
99.69219586
99.70219608
99.7121963
99.72219652
99.73219674
99.74219696
99.75219718
99.76219741
99.77219763
99.78219785
99.79219807
99.80219829
99.81219851
99.82219873
99.83219895
99.84219917
99.85219939
99.86219961
99.87219983
99.88220005
99.89220027
99.90220049
99.91220071
99.92220093
99.93220115
99.94220137
99.95220159
99.96220181
99.97220203
99.98220225
99.99220247
100.0022027
100.0122029
100.0222031
100.0322034
100.0422036
100.0522038
100.062204
100.0722042
100.0822045
100.0922047
100.1022049
100.1122051
100.1222053
100.1322056
100.1422058
100.152206
100.1622062
100.1722064
100.1822067
100.1922069
100.2022071
100.2122073
100.2222075
100.2322078
100.242208
100.2522082
100.2622084
100.2722086
100.2822089
100.2922091
100.3022093
100.3122095
100.3222097
100.33221
100.3422102
100.3522104
100.3622106
100.3722108
100.3822111
100.3922113
100.4022115
100.4122117
100.4222119
100.4322122
100.4422124
100.4522126
100.4622128
100.472213
100.4822133
100.4922135
100.5022137
100.5122139
100.5222141
100.5322144
100.5422146
100.5522148
100.562215
100.5722152
100.5822155
100.5922157
100.6022159
100.6122161
100.6222163
100.6322166
100.6422168
100.652217
100.6622172
100.6722174
100.6822177
100.6922179
100.7022181
100.7122183
100.7222186
100.7322188
100.742219
100.7522192
100.7622194
100.7722197
100.7822199
100.7922201
100.8022203
100.8122205
100.8222208
100.832221
100.8422212
100.8522214
100.8622216
100.8722219
100.8822221
100.8922223
100.9022225
100.9122227
100.922223
100.9322232
100.9422234
100.9522236
100.9622238
100.9722241
100.9822243
100.9922245
101.0022247
101.0122249
101.0222252
101.0322254
101.0422256
101.0522258
101.062226
101.0722263
101.0822265
101.0922267
101.1022269
101.1122271
101.1222274
101.1322276
101.1422278
101.152228
101.1622282
101.1722285
101.1822287
101.1922289
101.2022291
101.2122293
101.2222296
101.2322298
101.24223
101.2522302
101.2622304
101.2722307
101.2822309
101.2922311
101.3022313
101.3122315
101.3222318
101.332232
101.3422322
101.3522324
101.3622326
101.3722329
101.3822331
101.3922333
101.4022335
101.4122337
101.422234
101.4322342
101.4422344
101.4522346
101.4622349
101.4722351
101.4822353
101.4922355
101.5022357
101.512236
101.5222362
101.5322364
101.5422366
101.5522368
101.5622371
101.5722373
101.5822375
101.5922377
101.6022379
101.6122382
101.6222384
101.6322386
101.6422388
101.652239
101.6622393
101.6722395
101.6822397
101.6922399
101.7022401
101.7122404
101.7222406
101.7322408
101.742241
101.7522412
101.7622415
101.7722417
101.7822419
101.7922421
101.8022423
101.8122426
101.8222428
101.832243
101.8422432
101.8522434
101.8622437
101.8722439
101.8822441
101.8922443
101.9022445
101.9122448
101.922245
101.9322452
101.9422454
101.9522456
101.9622459
101.9722461
101.9822463
101.9922465
102.0022467
102.012247
102.0222472
102.0322474
102.0422476
102.0522478
102.0622481
102.0722483
102.0822485
102.0922487
102.1022489
102.1122492
102.1222494
102.1322496
102.1422498
102.15225
102.1622503
102.1722505
102.1822507
102.1922509
102.2022512
102.2122514
102.2222516
102.2322518
102.242252
102.2522523
102.2622525
102.2722527
102.2822529
102.2922531
102.3022534
102.3122536
102.3222538
102.332254
102.3422542
102.3522545
102.3622547
102.3722549
102.3822551
102.3922553
102.4022556
102.4122558
102.422256
102.4322562
102.4422564
102.4522567
102.4622569
102.4722571
102.4822573
102.4922575
102.5022578
102.512258
102.5222582
102.5322584
102.5422586
102.5522589
102.5622591
102.5722593
102.5822595
102.5922597
102.60226
102.6122602
102.6222604
102.6322606
102.6422608
102.6522611
102.6622613
102.6722615
102.6822617
102.6922619
102.7022622
102.7122624
102.7222626
102.7322628
102.742263
102.7522633
102.7622635
102.7722637
102.7822639
102.7922641
102.8022644
102.8122646
102.8222648
102.832265
102.8422652
102.8522655
102.8622657
102.8722659
102.8822661
102.8922663
102.9022666
102.9122668
102.922267
102.9322672
102.9422675
102.9522677
102.9622679
102.9722681
102.9822683
102.9922686
103.0022688
103.012269
103.0222692
103.0322694
103.0422697
103.0522699
103.0622701
103.0722703
103.0822705
103.0922708
103.102271
103.1122712
103.1222714
103.1322716
103.1422719
103.1522721
103.1622723
103.1722725
103.1822727
103.192273
103.2022732
103.2122734
103.2222736
103.2322738
103.2422741
103.2522743
103.2622745
103.2722747
103.2822749
103.2922752
103.3022754
103.3122756
103.3222758
103.332276
103.3422763
103.3522765
103.3622767
103.3722769
103.3822771
103.3922774
103.4022776
103.4122778
103.422278
103.4322782
103.4422785
103.4522787
103.4622789
103.4722791
103.4822793
103.4922796
103.5022798
103.51228
103.5222802
103.5322804
103.5422807
103.5522809
103.5622811
103.5722813
103.5822815
103.5922818
103.602282
103.6122822
103.6222824
103.6322826
103.6422829
103.6522831
103.6622833
103.6722835
103.6822838
103.692284
103.7022842
103.7122844
103.7222846
103.7322849
103.7422851
103.7522853
103.7622855
103.7722857
103.782286
103.7922862
103.8022864
103.8122866
103.8222868
103.8322871
103.8422873
103.8522875
103.8622877
103.8722879
103.8822882
103.8922884
103.9022886
103.9122888
103.922289
103.9322893
103.9422895
103.9522897
103.9622899
103.9722901
103.9822904
103.9922906
104.0022908
104.012291
104.0222912
104.0322915
104.0422917
104.0522919
104.0622921
104.0722923
104.0822926
104.0922928
104.102293
104.1122932
104.1222934
104.1322937
104.1422939
104.1522941
104.1622943
104.1722945
104.1822948
104.192295
104.2022952
104.2122954
104.2222956
104.2322959
104.2422961
104.2522963
104.2622965
104.2722967
104.282297
104.2922972
104.3022974
104.3122976
104.3222978
104.3322981
104.3422983
104.3522985
104.3622987
104.3722989
104.3822992
104.3922994
104.4022996
104.4122998
104.4223001
104.4323003
104.4423005
104.4523007
104.4623009
104.4723012
104.4823014
104.4923016
104.5023018
104.512302
104.5223023
104.5323025
104.5423027
104.5523029
104.5623031
104.5723034
104.5823036
104.5923038
104.602304
104.6123042
104.6223045
104.6323047
104.6423049
104.6523051
104.6623053
104.6723056
104.6823058
104.692306
104.7023062
104.7123064
104.7223067
104.7323069
104.7423071
104.7523073
104.7623075
104.7723078
104.782308
104.7923082
104.8023084
104.8123086
104.8223089
104.8323091
104.8423093
104.8523095
104.8623097
104.87231
104.8823102
104.8923104
104.9023106
104.9123108
104.9223111
104.9323113
104.9423115
104.9523117
104.9623119
104.9723122
104.9823124
104.9923126
105.0023128
105.012313
105.0223133
105.0323135
105.0423137
105.0523139
105.0623141
105.0723144
105.0823146
105.0923148
105.102315
105.1123152
105.1223155
105.1323157
105.1423159
105.1523161
105.1623164
105.1723166
105.1823168
105.192317
105.2023172
105.2123175
105.2223177
105.2323179
105.2423181
105.2523183
105.2623186
105.2723188
105.282319
105.2923192
105.3023194
105.3123197
105.3223199
105.3323201
105.3423203
105.3523205
105.3623208
105.372321
105.3823212
105.3923214
105.4023216
105.4123219
105.4223221
105.4323223
105.4423225
105.4523227
105.462323
105.4723232
105.4823234
105.4923236
105.5023238
105.5123241
105.5223243
105.5323245
105.5423247
105.5523249
105.5623252
105.5723254
105.5823256
105.5923258
105.602326
105.6123263
105.6223265
105.6323267
105.6423269
105.6523271
105.6623274
105.6723276
105.6823278
105.692328
105.7023282
105.7123285
105.7223287
105.7323289
105.7423291
105.7523293
105.7623296
105.7723298
105.78233
105.7923302
105.8023304
105.8123307
105.8223309
105.8323311
105.8423313
105.8523315
105.8623318
105.872332
105.8823322
105.8923324
105.9023327
105.9123329
105.9223331
105.9323333
105.9423335
105.9523338
105.962334
105.9723342
105.9823344
105.9923346
106.0023349
106.0123351
106.0223353
106.0323355
106.0423357
106.052336
106.0623362
106.0723364
106.0823366
106.0923368
106.1023371
106.1123373
106.1223375
106.1323377
106.1423379
106.1523382
106.1623384
106.1723386
106.1823388
106.192339
106.2023393
106.2123395
106.2223397
106.2323399
106.2423401
106.2523404
106.2623406
106.2723408
106.282341
106.2923412
106.3023415
106.3123417
106.3223419
106.3323421
106.3423423
106.3523426
106.3623428
106.372343
106.3823432
106.3923434
106.4023437
106.4123439
106.4223441
106.4323443
106.4423445
106.4523448
106.462345
106.4723452
106.4823454
106.4923456
106.5023459
106.5123461
106.5223463
106.5323465
106.5423467
106.552347
106.5623472
106.5723474
106.5823476
106.5923478
106.6023481
106.6123483
106.6223485
106.6323487
106.642349
106.6523492
106.6623494
106.6723496
106.6823498
106.6923501
106.7023503
106.7123505
106.7223507
106.7323509
106.7423512
106.7523514
106.7623516
106.7723518
106.782352
106.7923523
106.8023525
106.8123527
106.8223529
106.8323531
106.8423534
106.8523536
106.8623538
106.872354
106.8823542
106.8923545
106.9023547
106.9123549
106.9223551
106.9323553
106.9423556
106.9523558
106.962356
106.9723562
106.9823564
106.9923567
107.0023569
107.0123571
107.0223573
107.0323575
107.0423578
107.052358
107.0623582
107.0723584
107.0823586
107.0923589
107.1023591
107.1123593
107.1223595
107.1323597
107.14236
107.1523602
107.1623604
107.1723606
107.1823608
107.1923611
107.2023613
107.2123615
107.2223617
107.2323619
107.2423622
107.2523624
107.2623626
107.2723628
107.282363
107.2923633
107.3023635
107.3123637
107.3223639
107.3323641
107.3423644
107.3523646
107.3623648
107.372365
107.3823653
107.3923655
107.4023657
107.4123659
107.4223661
107.4323664
107.4423666
107.4523668
107.462367
107.4723672
107.4823675
107.4923677
107.5023679
107.5123681
107.5223683
107.5323686
107.5423688
107.552369
107.5623692
107.5723694
107.5823697
107.5923699
107.6023701
107.6123703
107.6223705
107.6323708
107.642371
107.6523712
107.6623714
107.6723716
107.6823719
107.6923721
107.7023723
107.7123725
107.7223727
107.732373
107.7423732
107.7523734
107.7623736
107.7723738
107.7823741
107.7923743
107.8023745
107.8123747
107.8223749
107.8323752
107.8423754
107.8523756
107.8623758
107.872376
107.8823763
107.8923765
107.9023767
107.9123769
107.9223771
107.9323774
107.9423776
107.9523778
107.962378
107.9723782
107.9823785
107.9923787
108.0023789
108.0123791
108.0223793
108.0323796
108.0423798
108.05238
108.0623802
108.0723804
108.0823807
108.0923809
108.1023811
108.1123813
108.1223816
108.1323818
108.142382
108.1523822
108.1623824
108.1723827
108.1823829
108.1923831
108.2023833
108.2123835
108.2223838
108.232384
108.2423842
108.2523844
108.2623846
108.2723849
108.2823851
108.2923853
108.3023855
108.3123857
108.322386
108.3323862
108.3423864
108.3523866
108.3623868
108.3723871
108.3823873
108.3923875
108.4023877
108.4123879
108.4223882
108.4323884
108.4423886
108.4523888
108.462389
108.4723893
108.4823895
108.4923897
108.5023899
108.5123901
108.5223904
108.5323906
108.5423908
108.552391
108.5623912
108.5723915
108.5823917
108.5923919
108.6023921
108.6123923
108.6223926
108.6323928
108.642393
108.6523932
108.6623934
108.6723937
108.6823939
108.6923941
108.7023943
108.7123945
108.7223948
108.732395
108.7423952
108.7523954
108.7623956
108.7723959
108.7823961
108.7923963
108.8023965
108.8123967
108.822397
108.8323972
108.8423974
108.8523976
108.8623979
108.8723981
108.8823983
108.8923985
108.9023987
108.912399
108.9223992
108.9323994
108.9423996
108.9523998
108.9624001
108.9724003
108.9824005
108.9924007
109.0024009
109.0124012
109.0224014
109.0324016
109.0424018
109.052402
109.0624023
109.0724025
109.0824027
109.0924029
109.1024031
109.1124034
109.1224036
109.1324038
109.142404
109.1524042
109.1624045
109.1724047
109.1824049
109.1924051
109.2024053
109.2124056
109.2224058
109.232406
109.2424062
109.2524064
109.2624067
109.2724069
109.2824071
109.2924073
109.3024075
109.3124078
109.322408
109.3324082
109.3424084
109.3524086
109.3624089
109.3724091
109.3824093
109.3924095
109.4024097
109.41241
109.4224102
109.4324104
109.4424106
109.4524108
109.4624111
109.4724113
109.4824115
109.4924117
109.5024119
109.5124122
109.5224124
109.5324126
109.5424128
109.552413
109.5624133
109.5724135
109.5824137
109.5924139
109.6024142
109.6124144
109.6224146
109.6324148
109.642415
109.6524153
109.6624155
109.6724157
109.6824159
109.6924161
109.7024164
109.7124166
109.7224168
109.732417
109.7424172
109.7524175
109.7624177
109.7724179
109.7824181
109.7924183
109.8024186
109.8124188
109.822419
109.8324192
109.8424194
109.8524197
109.8624199
109.8724201
109.8824203
109.8924205
109.9024208
109.912421
109.9224212
109.9324214
109.9424216
109.9524219
109.9624221
109.9724223
109.9824225
109.9924227
110.002423
110.0124232
110.0224234
110.0324236
110.0424238
110.0524241
110.0624243
110.0724245
110.0824247
110.0924249
110.1024252
110.1124254
110.1224256
110.1324258
110.142426
110.1524263
110.1624265
110.1724267
110.1824269
110.1924271
110.2024274
110.2124276
110.2224278
110.232428
110.2424282
110.2524285
110.2624287
110.2724289
110.2824291
110.2924293
110.3024296
110.3124298
110.32243
110.3324302
110.3424305
110.3524307
110.3624309
110.3724311
110.3824313
110.3924316
110.4024318
110.412432
110.4224322
110.4324324
110.4424327
110.4524329
110.4624331
110.4724333
110.4824335
110.4924338
110.502434
110.5124342
110.5224344
110.5324346
110.5424349
110.5524351
110.5624353
110.5724355
110.5824357
110.592436
110.6024362
110.6124364
110.6224366
110.6324368
110.6424371
110.6524373
110.6624375
110.6724377
110.6824379
110.6924382
110.7024384
110.7124386
110.7224388
110.732439
110.7424393
110.7524395
110.7624397
110.7724399
110.7824401
110.7924404
110.8024406
110.8124408
110.822441
110.8324412
110.8424415
110.8524417
110.8624419
110.8724421
110.8824423
110.8924426
110.9024428
110.912443
110.9224432
110.9324434
110.9424437
110.9524439
110.9624441
110.9724443
110.9824445
110.9924448
111.002445
111.0124452
111.0224454
111.0324456
111.0424459
111.0524461
111.0624463
111.0724465
111.0824467
111.092447
111.1024472
111.1124474
111.1224476
111.1324479
111.1424481
111.1524483
111.1624485
111.1724487
111.182449
111.1924492
111.2024494
111.2124496
111.2224498
111.2324501
111.2424503
111.2524505
111.2624507
111.2724509
111.2824512
111.2924514
111.3024516
111.3124518
111.322452
111.3324523
111.3424525
111.3524527
111.3624529
111.3724531
111.3824534
111.3924536
111.4024538
111.412454
111.4224542
111.4324545
111.4424547
111.4524549
111.4624551
111.4724553
111.4824556
111.4924558
111.502456
111.5124562
111.5224564
111.5324567
111.5424569
111.5524571
111.5624573
111.5724575
111.5824578
111.592458
111.6024582
111.6124584
111.6224586
111.6324589
111.6424591
111.6524593
111.6624595
111.6724597
111.68246
111.6924602
111.7024604
111.7124606
111.7224608
111.7324611
111.7424613
111.7524615
111.7624617
111.7724619
111.7824622
111.7924624
111.8024626
111.8124628
111.822463
111.8324633
111.8424635
111.8524637
111.8624639
111.8724642
111.8824644
111.8924646
111.9024648
111.912465
111.9224653
111.9324655
111.9424657
111.9524659
111.9624661
111.9724664
111.9824666
111.9924668
112.002467
112.0124672
112.0224675
112.0324677
112.0424679
112.0524681
112.0624683
112.0724686
112.0824688
112.092469
112.1024692
112.1124694
112.1224697
112.1324699
112.1424701
112.1524703
112.1624705
112.1724708
112.182471
112.1924712
112.2024714
112.2124716
112.2224719
112.2324721
112.2424723
112.2524725
112.2624727
112.272473
112.2824732
112.2924734
112.3024736
112.3124738
112.3224741
112.3324743
112.3424745
112.3524747
112.3624749
112.3724752
112.3824754
112.3924756
112.4024758
112.412476
112.4224763
112.4324765
112.4424767
112.4524769
112.4624771
112.4724774
112.4824776
112.4924778
112.502478
112.5124782
112.5224785
112.5324787
112.5424789
112.5524791
112.5624793
112.5724796
112.5824798
112.59248
112.6024802
112.6124805
112.6224807
112.6324809
112.6424811
112.6524813
112.6624816
112.6724818
112.682482
112.6924822
112.7024824
112.7124827
112.7224829
112.7324831
112.7424833
112.7524835
112.7624838
112.772484
112.7824842
112.7924844
112.8024846
112.8124849
112.8224851
112.8324853
112.8424855
112.8524857
112.862486
112.8724862
112.8824864
112.8924866
112.9024868
112.9124871
112.9224873
112.9324875
112.9424877
112.9524879
112.9624882
112.9724884
112.9824886
112.9924888
113.002489
113.0124893
113.0224895
113.0324897
113.0424899
113.0524901
113.0624904
113.0724906
113.0824908
113.092491
113.1024912
113.1124915
113.1224917
113.1324919
113.1424921
113.1524923
113.1624926
113.1724928
113.182493
113.1924932
113.2024934
113.2124937
113.2224939
113.2324941
113.2424943
113.2524945
113.2624948
113.272495
113.2824952
113.2924954
113.3024956
113.3124959
113.3224961
113.3324963
113.3424965
113.3524968
113.362497
113.3724972
113.3824974
113.3924976
113.4024979
113.4124981
113.4224983
113.4324985
113.4424987
113.452499
113.4624992
113.4724994
113.4824996
113.4924998
113.5025001
113.5125003
113.5225005
113.5325007
113.5425009
113.5525012
113.5625014
113.5725016
113.5825018
113.592502
113.6025023
113.6125025
113.6225027
113.6325029
113.6425031
113.6525034
113.6625036
113.6725038
113.682504
113.6925042
113.7025045
113.7125047
113.7225049
113.7325051
113.7425053
113.7525056
113.7625058
113.772506
113.7825062
113.7925064
113.8025067
113.8125069
113.8225071
113.8325073
113.8425075
113.8525078
113.862508
113.8725082
113.8825084
113.8925086
113.9025089
113.9125091
113.9225093
113.9325095
113.9425097
113.95251
113.9625102
113.9725104
113.9825106
113.9925108
114.0025111
114.0125113
114.0225115
114.0325117
114.0425119
114.0525122
114.0625124
114.0725126
114.0825128
114.0925131
114.1025133
114.1125135
114.1225137
114.1325139
114.1425142
114.1525144
114.1625146
114.1725148
114.182515
114.1925153
114.2025155
114.2125157
114.2225159
114.2325161
114.2425164
114.2525166
114.2625168
114.272517
114.2825172
114.2925175
114.3025177
114.3125179
114.3225181
114.3325183
114.3425186
114.3525188
114.362519
114.3725192
114.3825194
114.3925197
114.4025199
114.4125201
114.4225203
114.4325205
114.4425208
114.452521
114.4625212
114.4725214
114.4825216
114.4925219
114.5025221
114.5125223
114.5225225
114.5325227
114.542523
114.5525232
114.5625234
114.5725236
114.5825238
114.5925241
114.6025243
114.6125245
114.6225247
114.6325249
114.6425252
114.6525254
114.6625256
114.6725258
114.682526
114.6925263
114.7025265
114.7125267
114.7225269
114.7325271
114.7425274
114.7525276
114.7625278
114.772528
114.7825282
114.7925285
114.8025287
114.8125289
114.8225291
114.8325294
114.8425296
114.8525298
114.86253
114.8725302
114.8825305
114.8925307
114.9025309
114.9125311
114.9225313
114.9325316
114.9425318
114.952532
114.9625322
114.9725324
114.9825327
114.9925329
115.0025331
115.0125333
115.0225335
115.0325338
115.042534
115.0525342
115.0625344
115.0725346
115.0825349
115.0925351
115.1025353
115.1125355
115.1225357
115.132536
115.1425362
115.1525364
115.1625366
115.1725368
115.1825371
115.1925373
115.2025375
115.2125377
115.2225379
115.2325382
115.2425384
115.2525386
115.2625388
115.272539
115.2825393
115.2925395
115.3025397
115.3125399
115.3225401
115.3325404
115.3425406
115.3525408
115.362541
115.3725412
115.3825415
115.3925417
115.4025419
115.4125421
115.4225423
115.4325426
115.4425428
115.452543
115.4625432
115.4725434
115.4825437
115.4925439
115.5025441
115.5125443
115.5225445
115.5325448
115.542545
115.5525452
115.5625454
115.5725457
115.5825459
115.5925461
115.6025463
115.6125465
115.6225468
115.632547
115.6425472
115.6525474
115.6625476
115.6725479
115.6825481
115.6925483
115.7025485
115.7125487
115.722549
115.7325492
115.7425494
115.7525496
115.7625498
115.7725501
115.7825503
115.7925505
115.8025507
115.8125509
115.8225512
115.8325514
115.8425516
115.8525518
115.862552
115.8725523
115.8825525
115.8925527
115.9025529
115.9125531
115.9225534
115.9325536
115.9425538
115.952554
115.9625542
115.9725545
115.9825547
115.9925549
116.0025551
116.0125553
116.0225556
116.0325558
116.042556
116.0525562
116.0625564
116.0725567
116.0825569
116.0925571
116.1025573
116.1125575
116.1225578
116.132558
116.1425582
116.1525584
116.1625586
116.1725589
116.1825591
116.1925593
116.2025595
116.2125597
116.22256
116.2325602
116.2425604
116.2525606
116.2625608
116.2725611
116.2825613
116.2925615
116.3025617
116.312562
116.3225622
116.3325624
116.3425626
116.3525628
116.3625631
116.3725633
116.3825635
116.3925637
116.4025639
116.4125642
116.4225644
116.4325646
116.4425648
116.452565
116.4625653
116.4725655
116.4825657
116.4925659
116.5025661
116.5125664
116.5225666
116.5325668
116.542567
116.5525672
116.5625675
116.5725677
116.5825679
116.5925681
116.6025683
116.6125686
116.6225688
116.632569
116.6425692
116.6525694
116.6625697
116.6725699
116.6825701
116.6925703
116.7025705
116.7125708
116.722571
116.7325712
116.7425714
116.7525716
116.7625719
116.7725721
116.7825723
116.7925725
116.8025727
116.812573
116.8225732
116.8325734
116.8425736
116.8525738
116.8625741
116.8725743
116.8825745
116.8925747
116.9025749
116.9125752
116.9225754
116.9325756
116.9425758
116.952576
116.9625763
116.9725765
116.9825767
116.9925769
117.0025771
117.0125774
117.0225776
117.0325778
117.042578
117.0525783
117.0625785
117.0725787
117.0825789
117.0925791
117.1025794
117.1125796
117.1225798
117.13258
117.1425802
117.1525805
117.1625807
117.1725809
117.1825811
117.1925813
117.2025816
117.2125818
117.222582
117.2325822
117.2425824
117.2525827
117.2625829
117.2725831
117.2825833
117.2925835
117.3025838
117.312584
117.3225842
117.3325844
117.3425846
117.3525849
117.3625851
117.3725853
117.3825855
117.3925857
117.402586
117.4125862
117.4225864
117.4325866
117.4425868
117.4525871
117.4625873
117.4725875
117.4825877
117.4925879
117.5025882
117.5125884
117.5225886
117.5325888
117.542589
117.5525893
117.5625895
117.5725897
117.5825899
117.5925901
117.6025904
117.6125906
117.6225908
117.632591
117.6425912
117.6525915
117.6625917
117.6725919
117.6825921
117.6925923
117.7025926
117.7125928
117.722593
117.7325932
117.7425934
117.7525937
117.7625939
117.7725941
117.7825943
117.7925946
117.8025948
117.812595
117.8225952
117.8325954
117.8425957
117.8525959
117.8625961
117.8725963
117.8825965
117.8925968
117.902597
117.9125972
117.9225974
117.9325976
117.9425979
117.9525981
117.9625983
117.9725985
117.9825987
117.992599
118.0025992
118.0125994
118.0225996
118.0325998
118.0426001
118.0526003
118.0626005
118.0726007
118.0826009
118.0926012
118.1026014
118.1126016
118.1226018
118.132602
118.1426023
118.1526025
118.1626027
118.1726029
118.1826031
118.1926034
118.2026036
118.2126038
118.222604
118.2326042
118.2426045
118.2526047
118.2626049
118.2726051
118.2826053
118.2926056
118.3026058
118.312606
118.3226062
118.3326064
118.3426067
118.3526069
118.3626071
118.3726073
118.3826075
118.3926078
118.402608
118.4126082
118.4226084
118.4326086
118.4426089
118.4526091
118.4626093
118.4726095
118.4826097
118.49261
118.5026102
118.5126104
118.5226106
118.5326109
118.5426111
118.5526113
118.5626115
118.5726117
118.582612
118.5926122
118.6026124
118.6126126
118.6226128
118.6326131
118.6426133
118.6526135
118.6626137
118.6726139
118.6826142
118.6926144
118.7026146
118.7126148
118.722615
118.7326153
118.7426155
118.7526157
118.7626159
118.7726161
118.7826164
118.7926166
118.8026168
118.812617
118.8226172
118.8326175
118.8426177
118.8526179
118.8626181
118.8726183
118.8826186
118.8926188
118.902619
118.9126192
118.9226194
118.9326197
118.9426199
118.9526201
118.9626203
118.9726205
118.9826208
118.992621
119.0026212
119.0126214
119.0226216
119.0326219
119.0426221
119.0526223
119.0626225
119.0726227
119.082623
119.0926232
119.1026234
119.1126236
119.1226238
119.1326241
119.1426243
119.1526245
119.1626247
119.1726249
119.1826252
119.1926254
119.2026256
119.2126258
119.222626
119.2326263
119.2426265
119.2526267
119.2626269
119.2726272
119.2826274
119.2926276
119.3026278
119.312628
119.3226283
119.3326285
119.3426287
119.3526289
119.3626291
119.3726294
119.3826296
119.3926298
119.40263
119.4126302
119.4226305
119.4326307
119.4426309
119.4526311
119.4626313
119.4726316
119.4826318
119.492632
119.5026322
119.5126324
119.5226327
119.5326329
119.5426331
119.5526333
119.5626335
119.5726338
119.582634
119.5926342
119.6026344
119.6126346
119.6226349
119.6326351
119.6426353
119.6526355
119.6626357
119.672636
119.6826362
119.6926364
119.7026366
119.7126368
119.7226371
119.7326373
119.7426375
119.7526377
119.7626379
119.7726382
119.7826384
119.7926386
119.8026388
119.812639
119.8226393
119.8326395
119.8426397
119.8526399
119.8626401
119.8726404
119.8826406
119.8926408
119.902641
119.9126412
119.9226415
119.9326417
119.9426419
119.9526421
119.9626423
119.9726426
119.9826428
119.992643
120.0026432
120.0126435
120.0226437
120.0326439
120.0426441
120.0526443
120.0626446
120.0726448
120.082645
120.0926452
120.1026454
120.1126457
120.1226459
120.1326461
120.1426463
120.1526465
120.1626468
120.172647
120.1826472
120.1926474
120.2026476
120.2126479
120.2226481
120.2326483
120.2426485
120.2526487
120.262649
120.2726492
120.2826494
120.2926496
120.3026498
120.3126501
120.3226503
120.3326505
120.3426507
120.3526509
120.3626512
120.3726514
120.3826516
120.3926518
120.402652
120.4126523
120.4226525
120.4326527
120.4426529
120.4526531
120.4626534
120.4726536
120.4826538
120.492654
120.5026542
120.5126545
120.5226547
120.5326549
120.5426551
120.5526553
120.5626556
120.5726558
120.582656
120.5926562
120.6026564
120.6126567
120.6226569
120.6326571
120.6426573
120.6526575
120.6626578
120.672658
120.6826582
120.6926584
120.7026586
120.7126589
120.7226591
120.7326593
120.7426595
120.7526598
120.76266
120.7726602
120.7826604
120.7926606
120.8026609
120.8126611
120.8226613
120.8326615
120.8426617
120.852662
120.8626622
120.8726624
120.8826626
120.8926628
120.9026631
120.9126633
120.9226635
120.9326637
120.9426639
120.9526642
120.9626644
120.9726646
120.9826648
120.992665
121.0026653
121.0126655
121.0226657
121.0326659
121.0426661
121.0526664
121.0626666
121.0726668
121.082667
121.0926672
121.1026675
121.1126677
121.1226679
121.1326681
121.1426683
121.1526686
121.1626688
121.172669
121.1826692
121.1926694
121.2026697
121.2126699
121.2226701
121.2326703
121.2426705
121.2526708
121.262671
121.2726712
121.2826714
121.2926716
121.3026719
121.3126721
121.3226723
121.3326725
121.3426727
121.352673
121.3626732
121.3726734
121.3826736
121.3926738
121.4026741
121.4126743
121.4226745
121.4326747
121.4426749
121.4526752
121.4626754
121.4726756
121.4826758
121.4926761
121.5026763
121.5126765
121.5226767
121.5326769
121.5426772
121.5526774
121.5626776
121.5726778
121.582678
121.5926783
121.6026785
121.6126787
121.6226789
121.6326791
121.6426794
121.6526796
121.6626798
121.67268
121.6826802
121.6926805
121.7026807
121.7126809
121.7226811
121.7326813
121.7426816
121.7526818
121.762682
121.7726822
121.7826824
121.7926827
121.8026829
121.8126831
121.8226833
121.8326835
121.8426838
121.852684
121.8626842
121.8726844
121.8826846
121.8926849
121.9026851
121.9126853
121.9226855
121.9326857
121.942686
121.9526862
121.9626864
121.9726866
121.9826868
121.9926871
122.0026873
122.0126875
122.0226877
122.0326879
122.0426882
122.0526884
122.0626886
122.0726888
122.082689
122.0926893
122.1026895
122.1126897
122.1226899
122.1326901
122.1426904
122.1526906
122.1626908
122.172691
122.1826912
122.1926915
122.2026917
122.2126919
122.2226921
122.2326924
122.2426926
122.2526928
122.262693
122.2726932
122.2826935
122.2926937
122.3026939
122.3126941
122.3226943
122.3326946
122.3426948
122.352695
122.3626952
122.3726954
122.3826957
122.3926959
122.4026961
122.4126963
122.4226965
122.4326968
122.442697
122.4526972
122.4626974
122.4726976
122.4826979
122.4926981
122.5026983
122.5126985
122.5226987
122.532699
122.5426992
122.5526994
122.5626996
122.5726998
122.5827001
122.5927003
122.6027005
122.6127007
122.6227009
122.6327012
122.6427014
122.6527016
122.6627018
122.672702
122.6827023
122.6927025
122.7027027
122.7127029
122.7227031
122.7327034
122.7427036
122.7527038
122.762704
122.7727042
122.7827045
122.7927047
122.8027049
122.8127051
122.8227053
122.8327056
122.8427058
122.852706
122.8627062
122.8727064
122.8827067
122.8927069
122.9027071
122.9127073
122.9227075
122.9327078
122.942708
122.9527082
122.9627084
122.9727086
122.9827089
122.9927091
123.0027093
123.0127095
123.0227098
123.03271
123.0427102
123.0527104
123.0627106
123.0727109
123.0827111
123.0927113
123.1027115
123.1127117
123.122712
123.1327122
123.1427124
123.1527126
123.1627128
123.1727131
123.1827133
123.1927135
123.2027137
123.2127139
123.2227142
123.2327144
123.2427146
123.2527148
123.262715
123.2727153
123.2827155
123.2927157
123.3027159
123.3127161
123.3227164
123.3327166
123.3427168
123.352717
123.3627172
123.3727175
123.3827177
123.3927179
123.4027181
123.4127183
123.4227186
123.4327188
123.442719
123.4527192
123.4627194
123.4727197
123.4827199
123.4927201
123.5027203
123.5127205
123.5227208
123.532721
123.5427212
123.5527214
123.5627216
123.5727219
123.5827221
123.5927223
123.6027225
123.6127227
123.622723
123.6327232
123.6427234
123.6527236
123.6627238
123.6727241
123.6827243
123.6927245
123.7027247
123.7127249
123.7227252
123.7327254
123.7427256
123.7527258
123.7627261
123.7727263
123.7827265
123.7927267
123.8027269
123.8127272
123.8227274
123.8327276
123.8427278
123.852728
123.8627283
123.8727285
123.8827287
123.8927289
123.9027291
123.9127294
123.9227296
123.9327298
123.94273
123.9527302
123.9627305
123.9727307
123.9827309
123.9927311
124.0027313
124.0127316
124.0227318
124.032732
124.0427322
124.0527324
124.0627327
124.0727329
124.0827331
124.0927333
124.1027335
124.1127338
124.122734
124.1327342
124.1427344
124.1527346
124.1627349
124.1727351
124.1827353
124.1927355
124.2027357
124.212736
124.2227362
124.2327364
124.2427366
124.2527368
124.2627371
124.2727373
124.2827375
124.2927377
124.3027379
124.3127382
124.3227384
124.3327386
124.3427388
124.352739
124.3627393
124.3727395
124.3827397
124.3927399
124.4027401
124.4127404
124.4227406
124.4327408
124.442741
124.4527412
124.4627415
124.4727417
124.4827419
124.4927421
124.5027424
124.5127426
124.5227428
124.532743
124.5427432
124.5527435
124.5627437
124.5727439
124.5827441
124.5927443
124.6027446
124.6127448
124.622745
124.6327452
124.6427454
124.6527457
124.6627459
124.6727461
124.6827463
124.6927465
124.7027468
124.712747
124.7227472
124.7327474
124.7427476
124.7527479
124.7627481
124.7727483
124.7827485
124.7927487
124.802749
124.8127492
124.8227494
124.8327496
124.8427498
124.8527501
124.8627503
124.8727505
124.8827507
124.8927509
124.9027512
124.9127514
124.9227516
124.9327518
124.942752
124.9527523
124.9627525
124.9727527
124.9827529
124.9927531
125.0027534
125.0127536
125.0227538
125.032754
125.0427542
125.0527545
125.0627547
125.0727549
125.0827551
125.0927553
125.1027556
125.1127558
125.122756
125.1327562
125.1427564
125.1527567
125.1627569
125.1727571
125.1827573
125.1927575
125.2027578
125.212758
125.2227582
125.2327584
125.2427587
125.2527589
125.2627591
125.2727593
125.2827595
125.2927598
125.30276
125.3127602
125.3227604
125.3327606
125.3427609
125.3527611
125.3627613
125.3727615
125.3827617
125.392762
125.4027622
125.4127624
125.4227626
125.4327628
125.4427631
125.4527633
125.4627635
125.4727637
125.4827639
125.4927642
125.5027644
125.5127646
125.5227648
125.532765
125.5427653
125.5527655
125.5627657
125.5727659
125.5827661
125.5927664
125.6027666
125.6127668
125.622767
125.6327672
125.6427675
125.6527677
125.6627679
125.6727681
125.6827683
125.6927686
125.7027688
125.712769
125.7227692
125.7327694
125.7427697
125.7527699
125.7627701
125.7727703
125.7827705
125.7927708
125.802771
125.8127712
125.8227714
125.8327716
125.8427719
125.8527721
125.8627723
125.8727725
125.8827727
125.892773
125.9027732
125.9127734
125.9227736
125.9327738
125.9427741
125.9527743
125.9627745
125.9727747
125.982775
125.9927752
126.0027754
126.0127756
126.0227758
126.0327761
126.0427763
126.0527765
126.0627767
126.0727769
126.0827772
126.0927774
126.1027776
126.1127778
126.122778
126.1327783
126.1427785
126.1527787
126.1627789
126.1727791
126.1827794
126.1927796
126.2027798
126.21278
126.2227802
126.2327805
126.2427807
126.2527809
126.2627811
126.2727813
126.2827816
126.2927818
126.302782
126.3127822
126.3227824
126.3327827
126.3427829
126.3527831
126.3627833
126.3727835
126.3827838
126.392784
126.4027842
126.4127844
126.4227846
126.4327849
126.4427851
126.4527853
126.4627855
126.4727857
126.482786
126.4927862
126.5027864
126.5127866
126.5227868
126.5327871
126.5427873
126.5527875
126.5627877
126.5727879
126.5827882
126.5927884
126.6027886
126.6127888
126.622789
126.6327893
126.6427895
126.6527897
126.6627899
126.6727901
126.6827904
126.6927906
126.7027908
126.712791
126.7227913
126.7327915
126.7427917
126.7527919
126.7627921
126.7727924
126.7827926
126.7927928
126.802793
126.8127932
126.8227935
126.8327937
126.8427939
126.8527941
126.8627943
126.8727946
126.8827948
126.892795
126.9027952
126.9127954
126.9227957
126.9327959
126.9427961
126.9527963
126.9627965
126.9727968
126.982797
126.9927972
127.0027974
127.0127976
127.0227979
127.0327981
127.0427983
127.0527985
127.0627987
127.072799
127.0827992
127.0927994
127.1027996
127.1127998
127.1228001
127.1328003
127.1428005
127.1528007
127.1628009
127.1728012
127.1828014
127.1928016
127.2028018
127.212802
127.2228023
127.2328025
127.2428027
127.2528029
127.2628031
127.2728034
127.2828036
127.2928038
127.302804
127.3128042
127.3228045
127.3328047
127.3428049
127.3528051
127.3628053
127.3728056
127.3828058
127.392806
127.4028062
127.4128064
127.4228067
127.4328069
127.4428071
127.4528073
127.4628076
127.4728078
127.482808
127.4928082
127.5028084
127.5128087
127.5228089
127.5328091
127.5428093
127.5528095
127.5628098
127.57281
127.5828102
127.5928104
127.6028106
127.6128109
127.6228111
127.6328113
127.6428115
127.6528117
127.662812
127.6728122
127.6828124
127.6928126
127.7028128
127.7128131
127.7228133
127.7328135
127.7428137
127.7528139
127.7628142
127.7728144
127.7828146
127.7928148
127.802815
127.8128153
127.8228155
127.8328157
127.8428159
127.8528161
127.8628164
127.8728166
127.8828168
127.892817
127.9028172
127.9128175
127.9228177
127.9328179
127.9428181
127.9528183
127.9628186
127.9728188
127.982819
127.9928192
128.0028194
128.0128197
128.0228199
128.0328201
128.0428203
128.0528205
128.0628208
128.072821
128.0828212
128.0928214
128.1028216
128.1128219
128.1228221
128.1328223
128.1428225
128.1528227
128.162823
128.1728232
128.1828234
128.1928236
128.2028239
128.2128241
128.2228243
128.2328245
128.2428247
128.252825
128.2628252
128.2728254
128.2828256
128.2928258
128.3028261
128.3128263
128.3228265
128.3328267
128.3428269
128.3528272
128.3628274
128.3728276
128.3828278
128.392828
128.4028283
128.4128285
128.4228287
128.4328289
128.4428291
128.4528294
128.4628296
128.4728298
128.48283
128.4928302
128.5028305
128.5128307
128.5228309
128.5328311
128.5428313
128.5528316
128.5628318
128.572832
128.5828322
128.5928324
128.6028327
128.6128329
128.6228331
128.6328333
128.6428335
128.6528338
128.662834
128.6728342
128.6828344
128.6928346
128.7028349
128.7128351
128.7228353
128.7328355
128.7428357
128.752836
128.7628362
128.7728364
128.7828366
128.7928368
128.8028371
128.8128373
128.8228375
128.8328377
128.8428379
128.8528382
128.8628384
128.8728386
128.8828388
128.892839
128.9028393
128.9128395
128.9228397
128.9328399
128.9428402
128.9528404
128.9628406
128.9728408
128.982841
128.9928413
129.0028415
129.0128417
129.0228419
129.0328421
129.0428424
129.0528426
129.0628428
129.072843
129.0828432
129.0928435
129.1028437
129.1128439
129.1228441
129.1328443
129.1428446
129.1528448
129.162845
129.1728452
129.1828454
129.1928457
129.2028459
129.2128461
129.2228463
129.2328465
129.2428468
129.252847
129.2628472
129.2728474
129.2828476
129.2928479
129.3028481
129.3128483
129.3228485
129.3328487
129.342849
129.3528492
129.3628494
129.3728496
129.3828498
129.3928501
129.4028503
129.4128505
129.4228507
129.4328509
129.4428512
129.4528514
129.4628516
129.4728518
129.482852
129.4928523
129.5028525
129.5128527
129.5228529
129.5328531
129.5428534
129.5528536
129.5628538
129.572854
129.5828542
129.5928545
129.6028547
129.6128549
129.6228551
129.6328553
129.6428556
129.6528558
129.662856
129.6728562
129.6828565
129.6928567
129.7028569
129.7128571
129.7228573
129.7328576
129.7428578
129.752858
129.7628582
129.7728584
129.7828587
129.7928589
129.8028591
129.8128593
129.8228595
129.8328598
129.84286
129.8528602
129.8628604
129.8728606
129.8828609
129.8928611
129.9028613
129.9128615
129.9228617
129.932862
129.9428622
129.9528624
129.9628626
129.9728628
129.9828631
129.9928633
130.0028635
130.0128637
130.0228639
130.0328642
130.0428644
130.0528646
130.0628648
130.072865
130.0828653
130.0928655
130.1028657
130.1128659
130.1228661
130.1328664
130.1428666
130.1528668
130.162867
130.1728672
130.1828675
130.1928677
130.2028679
130.2128681
130.2228683
130.2328686
130.2428688
130.252869
130.2628692
130.2728694
130.2828697
130.2928699
130.3028701
130.3128703
130.3228705
130.3328708
130.342871
130.3528712
130.3628714
130.3728716
130.3828719
130.3928721
130.4028723
130.4128725
130.4228728
130.432873
130.4428732
130.4528734
130.4628736
130.4728739
130.4828741
130.4928743
130.5028745
130.5128747
130.522875
130.5328752
130.5428754
130.5528756
130.5628758
130.5728761
130.5828763
130.5928765
130.6028767
130.6128769
130.6228772
130.6328774
130.6428776
130.6528778
130.662878
130.6728783
130.6828785
130.6928787
130.7028789
130.7128791
130.7228794
130.7328796
130.7428798
130.75288
130.7628802
130.7728805
130.7828807
130.7928809
130.8028811
130.8128813
130.8228816
130.8328818
130.842882
130.8528822
130.8628824
130.8728827
130.8828829
130.8928831
130.9028833
130.9128835
130.9228838
130.932884
130.9428842
130.9528844
130.9628846
130.9728849
130.9828851
130.9928853
131.0028855
131.0128857
131.022886
131.0328862
131.0428864
131.0528866
131.0628868
131.0728871
131.0828873
131.0928875
131.1028877
131.1128879
131.1228882
131.1328884
131.1428886
131.1528888
131.1628891
131.1728893
131.1828895
131.1928897
131.2028899
131.2128902
131.2228904
131.2328906
131.2428908
131.252891
131.2628913
131.2728915
131.2828917
131.2928919
131.3028921
131.3128924
131.3228926
131.3328928
131.342893
131.3528932
131.3628935
131.3728937
131.3828939
131.3928941
131.4028943
131.4128946
131.4228948
131.432895
131.4428952
131.4528954
131.4628957
131.4728959
131.4828961
131.4928963
131.5028965
131.5128968
131.522897
131.5328972
131.5428974
131.5528976
131.5628979
131.5728981
131.5828983
131.5928985
131.6028987
131.612899
131.6228992
131.6328994
131.6428996
131.6528998
131.6629001
131.6729003
131.6829005
131.6929007
131.7029009
131.7129012
131.7229014
131.7329016
131.7429018
131.752902
131.7629023
131.7729025
131.7829027
131.7929029
131.8029031
131.8129034
131.8229036
131.8329038
131.842904
131.8529042
131.8629045
131.8729047
131.8829049
131.8929051
131.9029054
131.9129056
131.9229058
131.932906
131.9429062
131.9529065
131.9629067
131.9729069
131.9829071
131.9929073
132.0029076
132.0129078
132.022908
132.0329082
132.0429084
132.0529087
132.0629089
132.0729091
132.0829093
132.0929095
132.1029098
132.11291
132.1229102
132.1329104
132.1429106
132.1529109
132.1629111
132.1729113
132.1829115
132.1929117
132.202912
132.2129122
132.2229124
132.2329126
132.2429128
132.2529131
132.2629133
132.2729135
132.2829137
132.2929139
132.3029142
132.3129144
132.3229146
132.3329148
132.342915
132.3529153
132.3629155
132.3729157
132.3829159
132.3929161
132.4029164
132.4129166
132.4229168
132.432917
132.4429172
132.4529175
132.4629177
132.4729179
132.4829181
132.4929183
132.5029186
132.5129188
132.522919
132.5329192
132.5429194
132.5529197
132.5629199
132.5729201
132.5829203
132.5929205
132.6029208
132.612921
132.6229212
132.6329214
132.6429217
132.6529219
132.6629221
132.6729223
132.6829225
132.6929228
132.702923
132.7129232
132.7229234
132.7329236
132.7429239
132.7529241
132.7629243
132.7729245
132.7829247
132.792925
132.8029252
132.8129254
132.8229256
132.8329258
132.8429261
132.8529263
132.8629265
132.8729267
132.8829269
132.8929272
132.9029274
132.9129276
132.9229278
132.932928
132.9429283
132.9529285
132.9629287
132.9729289
132.9829291
132.9929294
133.0029296
133.0129298
133.02293
133.0329302
133.0429305
133.0529307
133.0629309
133.0729311
133.0829313
133.0929316
133.1029318
133.112932
133.1229322
133.1329324
133.1429327
133.1529329
133.1629331
133.1729333
133.1829335
133.1929338
133.202934
133.2129342
133.2229344
133.2329346
133.2429349
133.2529351
133.2629353
133.2729355
133.2829357
133.292936
133.3029362
133.3129364
133.3229366
133.3329368
133.3429371
133.3529373
133.3629375
133.3729377
133.382938
133.3929382
133.4029384
133.4129386
133.4229388
133.4329391
133.4429393
133.4529395
133.4629397
133.4729399
133.4829402
133.4929404
133.5029406
133.5129408
133.522941
133.5329413
133.5429415
133.5529417
133.5629419
133.5729421
133.5829424
133.5929426
133.6029428
133.612943
133.6229432
133.6329435
133.6429437
133.6529439
133.6629441
133.6729443
133.6829446
133.6929448
133.702945
133.7129452
133.7229454
133.7329457
133.7429459
133.7529461
133.7629463
133.7729465
133.7829468
133.792947
133.8029472
133.8129474
133.8229476
133.8329479
133.8429481
133.8529483
133.8629485
133.8729487
133.882949
133.8929492
133.9029494
133.9129496
133.9229498
133.9329501
133.9429503
133.9529505
133.9629507
133.9729509
133.9829512
133.9929514
134.0029516
134.0129518
134.022952
134.0329523
134.0429525
134.0529527
134.0629529
134.0729531
134.0829534
134.0929536
134.1029538
134.112954
134.1229543
134.1329545
134.1429547
134.1529549
134.1629551
134.1729554
134.1829556
134.1929558
134.202956
134.2129562
134.2229565
134.2329567
134.2429569
134.2529571
134.2629573
134.2729576
134.2829578
134.292958
134.3029582
134.3129584
134.3229587
134.3329589
134.3429591
134.3529593
134.3629595
134.3729598
134.38296
134.3929602
134.4029604
134.4129606
134.4229609
134.4329611
134.4429613
134.4529615
134.4629617
134.472962
134.4829622
134.4929624
134.5029626
134.5129628
134.5229631
134.5329633
134.5429635
134.5529637
134.5629639
134.5729642
134.5829644
134.5929646
134.6029648
134.612965
134.6229653
134.6329655
134.6429657
134.6529659
134.6629661
134.6729664
134.6829666
134.6929668
134.702967
134.7129672
134.7229675
134.7329677
134.7429679
134.7529681
134.7629683
134.7729686
134.7829688
134.792969
134.8029692
134.8129694
134.8229697
134.8329699
134.8429701
134.8529703
134.8629706
134.8729708
134.882971
134.8929712
134.9029714
134.9129717
134.9229719
134.9329721
134.9429723
134.9529725
134.9629728
134.972973
134.9829732
134.9929734
135.0029736
135.0129739
135.0229741
135.0329743
135.0429745
135.0529747
135.062975
135.0729752
135.0829754
135.0929756
135.1029758
135.1129761
135.1229763
135.1329765
135.1429767
135.1529769
135.1629772
135.1729774
135.1829776
135.1929778
135.202978
135.2129783
135.2229785
135.2329787
135.2429789
135.2529791
135.2629794
135.2729796
135.2829798
135.29298
135.3029802
135.3129805
135.3229807
135.3329809
135.3429811
135.3529813
135.3629816
135.3729818
135.382982
135.3929822
135.4029824
135.4129827
135.4229829
135.4329831
135.4429833
135.4529835
135.4629838
135.472984
135.4829842
135.4929844
135.5029846
135.5129849
135.5229851
135.5329853
135.5429855
135.5529857
135.562986
135.5729862
135.5829864
135.5929866
135.6029868
135.6129871
135.6229873
135.6329875
135.6429877
135.652988
135.6629882
135.6729884
135.6829886
135.6929888
135.7029891
135.7129893
135.7229895
135.7329897
135.7429899
135.7529902
135.7629904
135.7729906
135.7829908
135.792991
135.8029913
135.8129915
135.8229917
135.8329919
135.8429921
135.8529924
135.8629926
135.8729928
135.882993
135.8929932
135.9029935
135.9129937
135.9229939
135.9329941
135.9429943
135.9529946
135.9629948
135.972995
135.9829952
135.9929954
136.0029957
136.0129959
136.0229961
136.0329963
136.0429965
136.0529968
136.062997
136.0729972
136.0829974
136.0929976
136.1029979
136.1129981
136.1229983
136.1329985
136.1429987
136.152999
136.1629992
136.1729994
136.1829996
136.1929998
136.2030001
136.2130003
136.2230005
136.2330007
136.2430009
136.2530012
136.2630014
136.2730016
136.2830018
136.293002
136.3030023
136.3130025
136.3230027
136.3330029
136.3430031
136.3530034
136.3630036
136.3730038
136.383004
136.3930043
136.4030045
136.4130047
136.4230049
136.4330051
136.4430054
136.4530056
136.4630058
136.473006
136.4830062
136.4930065
136.5030067
136.5130069
136.5230071
136.5330073
136.5430076
136.5530078
136.563008
136.5730082
136.5830084
136.5930087
136.6030089
136.6130091
136.6230093
136.6330095
136.6430098
136.65301
136.6630102
136.6730104
136.6830106
136.6930109
136.7030111
136.7130113
136.7230115
136.7330117
136.743012
136.7530122
136.7630124
136.7730126
136.7830128
136.7930131
136.8030133
136.8130135
136.8230137
136.8330139
136.8430142
136.8530144
136.8630146
136.8730148
136.883015
136.8930153
136.9030155
136.9130157
136.9230159
136.9330161
136.9430164
136.9530166
136.9630168
136.973017
136.9830172
136.9930175
137.0030177
137.0130179
137.0230181
137.0330183
137.0430186
137.0530188
137.063019
137.0730192
137.0830194
137.0930197
137.1030199
137.1130201
137.1230203
137.1330206
137.1430208
137.153021
137.1630212
137.1730214
137.1830217
137.1930219
137.2030221
137.2130223
137.2230225
137.2330228
137.243023
137.2530232
137.2630234
137.2730236
137.2830239
137.2930241
137.3030243
137.3130245
137.3230247
137.333025
137.3430252
137.3530254
137.3630256
137.3730258
137.3830261
137.3930263
137.4030265
137.4130267
137.4230269
137.4330272
137.4430274
137.4530276
137.4630278
137.473028
137.4830283
137.4930285
137.5030287
137.5130289
137.5230291
137.5330294
137.5430296
137.5530298
137.56303
137.5730302
137.5830305
137.5930307
137.6030309
137.6130311
137.6230313
137.6330316
137.6430318
137.653032
137.6630322
137.6730324
137.6830327
137.6930329
137.7030331
137.7130333
137.7230335
137.7330338
137.743034
137.7530342
137.7630344
137.7730346
137.7830349
137.7930351
137.8030353
137.8130355
137.8230357
137.833036
137.8430362
137.8530364
137.8630366
137.8730369
137.8830371
137.8930373
137.9030375
137.9130377
137.923038
137.9330382
137.9430384
137.9530386
137.9630388
137.9730391
137.9830393
137.9930395
138.0030397
138.0130399
138.0230402
138.0330404
138.0430406
138.0530408
138.063041
138.0730413
138.0830415
138.0930417
138.1030419
138.1130421
138.1230424
138.1330426
138.1430428
138.153043
138.1630432
138.1730435
138.1830437
138.1930439
138.2030441
138.2130443
138.2230446
138.2330448
138.243045
138.2530452
138.2630454
138.2730457
138.2830459
138.2930461
138.3030463
138.3130465
138.3230468
138.333047
138.3430472
138.3530474
138.3630476
138.3730479
138.3830481
138.3930483
138.4030485
138.4130487
138.423049
138.4330492
138.4430494
138.4530496
138.4630498
138.4730501
138.4830503
138.4930505
138.5030507
138.5130509
138.5230512
138.5330514
138.5430516
138.5530518
138.563052
138.5730523
138.5830525
138.5930527
138.6030529
138.6130532
138.6230534
138.6330536
138.6430538
138.653054
138.6630543
138.6730545
138.6830547
138.6930549
138.7030551
138.7130554
138.7230556
138.7330558
138.743056
138.7530562
138.7630565
138.7730567
138.7830569
138.7930571
138.8030573
138.8130576
138.8230578
138.833058
138.8430582
138.8530584
138.8630587
138.8730589
138.8830591
138.8930593
138.9030595
138.9130598
138.92306
138.9330602
138.9430604
138.9530606
138.9630609
138.9730611
138.9830613
138.9930615
139.0030617
139.013062
139.0230622
139.0330624
139.0430626
139.0530628
139.0630631
139.0730633
139.0830635
139.0930637
139.1030639
139.1130642
139.1230644
139.1330646
139.1430648
139.153065
139.1630653
139.1730655
139.1830657
139.1930659
139.2030661
139.2130664
139.2230666
139.2330668
139.243067
139.2530672
139.2630675
139.2730677
139.2830679
139.2930681
139.3030683
139.3130686
139.3230688
139.333069
139.3430692
139.3530695
139.3630697
139.3730699
139.3830701
139.3930703
139.4030706
139.4130708
139.423071
139.4330712
139.4430714
139.4530717
139.4630719
139.4730721
139.4830723
139.4930725
139.5030728
139.513073
139.5230732
139.5330734
139.5430736
139.5530739
139.5630741
139.5730743
139.5830745
139.5930747
139.603075
139.6130752
139.6230754
139.6330756
139.6430758
139.6530761
139.6630763
139.6730765
139.6830767
139.6930769
139.7030772
139.7130774
139.7230776
139.7330778
139.743078
139.7530783
139.7630785
139.7730787
139.7830789
139.7930791
139.8030794
139.8130796
139.8230798
139.83308
139.8430802
139.8530805
139.8630807
139.8730809
139.8830811
139.8930813
139.9030816
139.9130818
139.923082
139.9330822
139.9430824
139.9530827
139.9630829
139.9730831
139.9830833
139.9930835
140.0030838
140.013084
140.0230842
140.0330844
140.0430846
140.0530849
140.0630851
140.0730853
140.0830855
140.0930858
140.103086
140.1130862
140.1230864
140.1330866
140.1430869
140.1530871
140.1630873
140.1730875
140.1830877
140.193088
140.2030882
140.2130884
140.2230886
140.2330888
140.2430891
140.2530893
140.2630895
140.2730897
140.2830899
140.2930902
140.3030904
140.3130906
140.3230908
140.333091
140.3430913
140.3530915
140.3630917
140.3730919
140.3830921
140.3930924
140.4030926
140.4130928
140.423093
140.4330932
140.4430935
140.4530937
140.4630939
140.4730941
140.4830943
140.4930946
140.5030948
140.513095
140.5230952
140.5330954
140.5430957
140.5530959
140.5630961
140.5730963
140.5830965
140.5930968
140.603097
140.6130972
140.6230974
140.6330976
140.6430979
140.6530981
140.6630983
140.6730985
140.6830987
140.693099
140.7030992
140.7130994
140.7230996
140.7330998
140.7431001
140.7531003
140.7631005
140.7731007
140.7831009
140.7931012
140.8031014
140.8131016
140.8231018
140.8331021
140.8431023
140.8531025
140.8631027
140.8731029
140.8831032
140.8931034
140.9031036
140.9131038
140.923104
140.9331043
140.9431045
140.9531047
140.9631049
140.9731051
140.9831054
140.9931056
141.0031058
141.013106
141.0231062
141.0331065
141.0431067
141.0531069
141.0631071
141.0731073
141.0831076
141.0931078
141.103108
141.1131082
141.1231084
141.1331087
141.1431089
141.1531091
141.1631093
141.1731095
141.1831098
141.19311
141.2031102
141.2131104
141.2231106
141.2331109
141.2431111
141.2531113
141.2631115
141.2731117
141.283112
141.2931122
141.3031124
141.3131126
141.3231128
141.3331131
141.3431133
141.3531135
141.3631137
141.3731139
141.3831142
141.3931144
141.4031146
141.4131148
141.423115
141.4331153
141.4431155
141.4531157
141.4631159
141.4731161
141.4831164
141.4931166
141.5031168
141.513117
141.5231172
141.5331175
141.5431177
141.5531179
141.5631181
141.5731184
141.5831186
141.5931188
141.603119
141.6131192
141.6231195
141.6331197
141.6431199
141.6531201
141.6631203
141.6731206
141.6831208
141.693121
141.7031212
141.7131214
141.7231217
141.7331219
141.7431221
141.7531223
141.7631225
141.7731228
141.783123
141.7931232
141.8031234
141.8131236
141.8231239
141.8331241
141.8431243
141.8531245
141.8631247
141.873125
141.8831252
141.8931254
141.9031256
141.9131258
141.9231261
141.9331263
141.9431265
141.9531267
141.9631269
141.9731272
141.9831274
141.9931276
142.0031278
142.013128
142.0231283
142.0331285
142.0431287
142.0531289
142.0631291
142.0731294
142.0831296
142.0931298
142.10313
142.1131302
142.1231305
142.1331307
142.1431309
142.1531311
142.1631313
142.1731316
142.1831318
142.193132
142.2031322
142.2131324
142.2231327
142.2331329
142.2431331
142.2531333
142.2631335
142.2731338
142.283134
142.2931342
142.3031344
142.3131347
142.3231349
142.3331351
142.3431353
142.3531355
142.3631358
142.373136
142.3831362
142.3931364
142.4031366
142.4131369
142.4231371
142.4331373
142.4431375
142.4531377
142.463138
142.4731382
142.4831384
142.4931386
142.5031388
142.5131391
142.5231393
142.5331395
142.5431397
142.5531399
142.5631402
142.5731404
142.5831406
142.5931408
142.603141
142.6131413
142.6231415
142.6331417
142.6431419
142.6531421
142.6631424
142.6731426
142.6831428
142.693143
142.7031432
142.7131435
142.7231437
142.7331439
142.7431441
142.7531443
142.7631446
142.7731448
142.783145
142.7931452
142.8031454
142.8131457
142.8231459
142.8331461
142.8431463
142.8531465
142.8631468
142.873147
142.8831472
142.8931474
142.9031476
142.9131479
142.9231481
142.9331483
142.9431485
142.9531487
142.963149
142.9731492
142.9831494
142.9931496
143.0031498
143.0131501
143.0231503
143.0331505
143.0431507
143.053151
143.0631512
143.0731514
143.0831516
143.0931518
143.1031521
143.1131523
143.1231525
143.1331527
143.1431529
143.1531532
143.1631534
143.1731536
143.1831538
143.193154
143.2031543
143.2131545
143.2231547
143.2331549
143.2431551
143.2531554
143.2631556
143.2731558
143.283156
143.2931562
143.3031565
143.3131567
143.3231569
143.3331571
143.3431573
143.3531576
143.3631578
143.373158
143.3831582
143.3931584
143.4031587
143.4131589
143.4231591
143.4331593
143.4431595
143.4531598
143.46316
143.4731602
143.4831604
143.4931606
143.5031609
143.5131611
143.5231613
143.5331615
143.5431617
143.553162
143.5631622
143.5731624
143.5831626
143.5931628
143.6031631
143.6131633
143.6231635
143.6331637
143.6431639
143.6531642
143.6631644
143.6731646
143.6831648
143.693165
143.7031653
143.7131655
143.7231657
143.7331659
143.7431661
143.7531664
143.7631666
143.7731668
143.783167
143.7931673
143.8031675
143.8131677
143.8231679
143.8331681
143.8431684
143.8531686
143.8631688
143.873169
143.8831692
143.8931695
143.9031697
143.9131699
143.9231701
143.9331703
143.9431706
143.9531708
143.963171
143.9731712
143.9831714
143.9931717
144.0031719
144.0131721
144.0231723
144.0331725
144.0431728
144.053173
144.0631732
144.0731734
144.0831736
144.0931739
144.1031741
144.1131743
144.1231745
144.1331747
144.143175
144.1531752
144.1631754
144.1731756
144.1831758
144.1931761
144.2031763
144.2131765
144.2231767
144.2331769
144.2431772
144.2531774
144.2631776
144.2731778
144.283178
144.2931783
144.3031785
144.3131787
144.3231789
144.3331791
144.3431794
144.3531796
144.3631798
144.37318
144.3831802
144.3931805
144.4031807
144.4131809
144.4231811
144.4331813
144.4431816
144.4531818
144.463182
144.4731822
144.4831824
144.4931827
144.5031829
144.5131831
144.5231833
144.5331836
144.5431838
144.553184
144.5631842
144.5731844
144.5831847
144.5931849
144.6031851
144.6131853
144.6231855
144.6331858
144.643186
144.6531862
144.6631864
144.6731866
144.6831869
144.6931871
144.7031873
144.7131875
144.7231877
144.733188
144.7431882
144.7531884
144.7631886
144.7731888
144.7831891
144.7931893
144.8031895
144.8131897
144.8231899
144.8331902
144.8431904
144.8531906
144.8631908
144.873191
144.8831913
144.8931915
144.9031917
144.9131919
144.9231921
144.9331924
144.9431926
144.9531928
144.963193
144.9731932
144.9831935
144.9931937
145.0031939
145.0131941
145.0231943
145.0331946
145.0431948
145.053195
145.0631952
145.0731954
145.0831957
145.0931959
145.1031961
145.1131963
145.1231965
145.1331968
145.143197
145.1531972
145.1631974
145.1731976
145.1831979
145.1931981
145.2031983
145.2131985
145.2231987
145.233199
145.2431992
145.2531994
145.2631996
145.2731999
145.2832001
145.2932003
145.3032005
145.3132007
145.323201
145.3332012
145.3432014
145.3532016
145.3632018
145.3732021
145.3832023
145.3932025
145.4032027
145.4132029
145.4232032
145.4332034
145.4432036
145.4532038
145.463204
145.4732043
145.4832045
145.4932047
145.5032049
145.5132051
145.5232054
145.5332056
145.5432058
145.553206
145.5632062
145.5732065
145.5832067
145.5932069
145.6032071
145.6132073
145.6232076
145.6332078
145.643208
145.6532082
145.6632084
145.6732087
145.6832089
145.6932091
145.7032093
145.7132095
145.7232098
145.73321
145.7432102
145.7532104
145.7632106
145.7732109
145.7832111
145.7932113
145.8032115
145.8132117
145.823212
145.8332122
145.8432124
145.8532126
145.8632128
145.8732131
145.8832133
145.8932135
145.9032137
145.9132139
145.9232142
145.9332144
145.9432146
145.9532148
145.963215
145.9732153
145.9832155
145.9932157
146.0032159
146.0132162
146.0232164
146.0332166
146.0432168
146.053217
146.0632173
146.0732175
146.0832177
146.0932179
146.1032181
146.1132184
146.1232186
146.1332188
146.143219
146.1532192
146.1632195
146.1732197
146.1832199
146.1932201
146.2032203
146.2132206
146.2232208
146.233221
146.2432212
146.2532214
146.2632217
146.2732219
146.2832221
146.2932223
146.3032225
146.3132228
146.323223
146.3332232
146.3432234
146.3532236
146.3632239
146.3732241
146.3832243
146.3932245
146.4032247
146.413225
146.4232252
146.4332254
146.4432256
146.4532258
146.4632261
146.4732263
146.4832265
146.4932267
146.5032269
146.5132272
146.5232274
146.5332276
146.5432278
146.553228
146.5632283
146.5732285
146.5832287
146.5932289
146.6032291
146.6132294
146.6232296
146.6332298
146.64323
146.6532302
146.6632305
146.6732307
146.6832309
146.6932311
146.7032313
146.7132316
146.7232318
146.733232
146.7432322
146.7532325
146.7632327
146.7732329
146.7832331
146.7932333
146.8032336
146.8132338
146.823234
146.8332342
146.8432344
146.8532347
146.8632349
146.8732351
146.8832353
146.8932355
146.9032358
146.913236
146.9232362
146.9332364
146.9432366
146.9532369
146.9632371
146.9732373
146.9832375
146.9932377
147.003238
147.0132382
147.0232384
147.0332386
147.0432388
147.0532391
147.0632393
147.0732395
147.0832397
147.0932399
147.1032402
147.1132404
147.1232406
147.1332408
147.143241
147.1532413
147.1632415
147.1732417
147.1832419
147.1932421
147.2032424
147.2132426
147.2232428
147.233243
147.2432432
147.2532435
147.2632437
147.2732439
147.2832441
147.2932443
147.3032446
147.3132448
147.323245
147.3332452
147.3432454
147.3532457
147.3632459
147.3732461
147.3832463
147.3932465
147.4032468
147.413247
147.4232472
147.4332474
147.4432476
147.4532479
147.4632481
147.4732483
147.4832485
147.4932487
147.503249
147.5132492
147.5232494
147.5332496
147.5432499
147.5532501
147.5632503
147.5732505
147.5832507
147.593251
147.6032512
147.6132514
147.6232516
147.6332518
147.6432521
147.6532523
147.6632525
147.6732527
147.6832529
147.6932532
147.7032534
147.7132536
147.7232538
147.733254
147.7432543
147.7532545
147.7632547
147.7732549
147.7832551
147.7932554
147.8032556
147.8132558
147.823256
147.8332562
147.8432565
147.8532567
147.8632569
147.8732571
147.8832573
147.8932576
147.9032578
147.913258
147.9232582
147.9332584
147.9432587
147.9532589
147.9632591
147.9732593
147.9832595
147.9932598
148.00326
148.0132602
148.0232604
148.0332606
148.0432609
148.0532611
148.0632613
148.0732615
148.0832617
148.093262
148.1032622
148.1132624
148.1232626
148.1332628
148.1432631
148.1532633
148.1632635
148.1732637
148.1832639
148.1932642
148.2032644
148.2132646
148.2232648
148.233265
148.2432653
148.2532655
148.2632657
148.2732659
148.2832662
148.2932664
148.3032666
148.3132668
148.323267
148.3332673
148.3432675
148.3532677
148.3632679
148.3732681
148.3832684
148.3932686
148.4032688
148.413269
148.4232692
148.4332695
148.4432697
148.4532699
148.4632701
148.4732703
148.4832706
148.4932708
148.503271
148.5132712
148.5232714
148.5332717
148.5432719
148.5532721
148.5632723
148.5732725
148.5832728
148.593273
148.6032732
148.6132734
148.6232736
148.6332739
148.6432741
148.6532743
148.6632745
148.6732747
148.683275
148.6932752
148.7032754
148.7132756
148.7232758
148.7332761
148.7432763
148.7532765
148.7632767
148.7732769
148.7832772
148.7932774
148.8032776
148.8132778
148.823278
148.8332783
148.8432785
148.8532787
148.8632789
148.8732791
148.8832794
148.8932796
148.9032798
148.91328
148.9232802
148.9332805
148.9432807
148.9532809
148.9632811
148.9732813
148.9832816
148.9932818
149.003282
149.0132822
149.0232825
149.0332827
149.0432829
149.0532831
149.0632833
149.0732836
149.0832838
149.093284
149.1032842
149.1132844
149.1232847
149.1332849
149.1432851
149.1532853
149.1632855
149.1732858
149.183286
149.1932862
149.2032864
149.2132866
149.2232869
149.2332871
149.2432873
149.2532875
149.2632877
149.273288
149.2832882
149.2932884
149.3032886
149.3132888
149.3232891
149.3332893
149.3432895
149.3532897
149.3632899
149.3732902
149.3832904
149.3932906
149.4032908
149.413291
149.4232913
149.4332915
149.4432917
149.4532919
149.4632921
149.4732924
149.4832926
149.4932928
149.503293
149.5132932
149.5232935
149.5332937
149.5432939
149.5532941
149.5632943
149.5732946
149.5832948
149.593295
149.6032952
149.6132954
149.6232957
149.6332959
149.6432961
149.6532963
149.6632965
149.6732968
149.683297
149.6932972
149.7032974
149.7132976
149.7232979
149.7332981
149.7432983
149.7532985
149.7632988
149.773299
149.7832992
149.7932994
149.8032996
149.8132999
149.8233001
149.8333003
149.8433005
149.8533007
149.863301
149.8733012
149.8833014
149.8933016
149.9033018
149.9133021
149.9233023
149.9333025
149.9433027
149.9533029
149.9633032
149.9733034
149.9833036
149.9933038
150.003304
150.0133043
150.0233045
150.0333047
150.0433049
150.0533051
150.0633054
150.0733056
150.0833058
150.093306
150.1033062
150.1133065
150.1233067
150.1333069
150.1433071
150.1533073
150.1633076
150.1733078
150.183308
150.1933082
150.2033084
150.2133087
150.2233089
150.2333091
150.2433093
150.2533095
150.2633098
150.27331
150.2833102
150.2933104
150.3033106
150.3133109
150.3233111
150.3333113
150.3433115
150.3533117
150.363312
150.3733122
150.3833124
150.3933126
150.4033128
150.4133131
150.4233133
150.4333135
150.4433137
150.4533139
150.4633142
150.4733144
150.4833146
150.4933148
150.5033151
150.5133153
150.5233155
150.5333157
150.5433159
150.5533162
150.5633164
150.5733166
150.5833168
150.593317
150.6033173
150.6133175
150.6233177
150.6333179
150.6433181
150.6533184
150.6633186
150.6733188
150.683319
150.6933192
150.7033195
150.7133197
150.7233199
150.7333201
150.7433203
150.7533206
150.7633208
150.773321
150.7833212
150.7933214
150.8033217
150.8133219
150.8233221
150.8333223
150.8433225
150.8533228
150.863323
150.8733232
150.8833234
150.8933236
150.9033239
150.9133241
150.9233243
150.9333245
150.9433247
150.953325
150.9633252
150.9733254
150.9833256
150.9933258
151.0033261
151.0133263
151.0233265
151.0333267
151.0433269
151.0533272
151.0633274
151.0733276
151.0833278
151.093328
151.1033283
151.1133285
151.1233287
151.1333289
151.1433291
151.1533294
151.1633296
151.1733298
151.18333
151.1933302
151.2033305
151.2133307
151.2233309
151.2333311
151.2433314
151.2533316
151.2633318
151.273332
151.2833322
151.2933325
151.3033327
151.3133329
151.3233331
151.3333333
151.3433336
151.3533338
151.363334
151.3733342
151.3833344
151.3933347
151.4033349
151.4133351
151.4233353
151.4333355
151.4433358
151.453336
151.4633362
151.4733364
151.4833366
151.4933369
151.5033371
151.5133373
151.5233375
151.5333377
151.543338
151.5533382
151.5633384
151.5733386
151.5833388
151.5933391
151.6033393
151.6133395
151.6233397
151.6333399
151.6433402
151.6533404
151.6633406
151.6733408
151.683341
151.6933413
151.7033415
151.7133417
151.7233419
151.7333421
151.7433424
151.7533426
151.7633428
151.773343
151.7833432
151.7933435
151.8033437
151.8133439
151.8233441
151.8333443
151.8433446
151.8533448
151.863345
151.8733452
151.8833454
151.8933457
151.9033459
151.9133461
151.9233463
151.9333465
151.9433468
151.953347
151.9633472
151.9733474
151.9833477
151.9933479
152.0033481
152.0133483
152.0233485
152.0333488
152.043349
152.0533492
152.0633494
152.0733496
152.0833499
152.0933501
152.1033503
152.1133505
152.1233507
152.133351
152.1433512
152.1533514
152.1633516
152.1733518
152.1833521
152.1933523
152.2033525
152.2133527
152.2233529
152.2333532
152.2433534
152.2533536
152.2633538
152.273354
152.2833543
152.2933545
152.3033547
152.3133549
152.3233551
152.3333554
152.3433556
152.3533558
152.363356
152.3733562
152.3833565
152.3933567
152.4033569
152.4133571
152.4233573
152.4333576
152.4433578
152.453358
152.4633582
152.4733584
152.4833587
152.4933589
152.5033591
152.5133593
152.5233595
152.5333598
152.54336
152.5533602
152.5633604
152.5733606
152.5833609
152.5933611
152.6033613
152.6133615
152.6233617
152.633362
152.6433622
152.6533624
152.6633626
152.6733628
152.6833631
152.6933633
152.7033635
152.7133637
152.723364
152.7333642
152.7433644
152.7533646
152.7633648
152.7733651
152.7833653
152.7933655
152.8033657
152.8133659
152.8233662
152.8333664
152.8433666
152.8533668
152.863367
152.8733673
152.8833675
152.8933677
152.9033679
152.9133681
152.9233684
152.9333686
152.9433688
152.953369
152.9633692
152.9733695
152.9833697
152.9933699
153.0033701
153.0133703
153.0233706
153.0333708
153.043371
153.0533712
153.0633714
153.0733717
153.0833719
153.0933721
153.1033723
153.1133725
153.1233728
153.133373
153.1433732
153.1533734
153.1633736
153.1733739
153.1833741
153.1933743
153.2033745
153.2133747
153.223375
153.2333752
153.2433754
153.2533756
153.2633758
153.2733761
153.2833763
153.2933765
153.3033767
153.3133769
153.3233772
153.3333774
153.3433776
153.3533778
153.363378
153.3733783
153.3833785
153.3933787
153.4033789
153.4133791
153.4233794
153.4333796
153.4433798
153.45338
153.4633803
153.4733805
153.4833807
153.4933809
153.5033811
153.5133814
153.5233816
153.5333818
153.543382
153.5533822
153.5633825
153.5733827
153.5833829
153.5933831
153.6033833
153.6133836
153.6233838
153.633384
153.6433842
153.6533844
153.6633847
153.6733849
153.6833851
153.6933853
153.7033855
153.7133858
153.723386
153.7333862
153.7433864
153.7533866
153.7633869
153.7733871
153.7833873
153.7933875
153.8033877
153.813388
153.8233882
153.8333884
153.8433886
153.8533888
153.8633891
153.8733893
153.8833895
153.8933897
153.9033899
153.9133902
153.9233904
153.9333906
153.9433908
153.953391
153.9633913
153.9733915
153.9833917
153.9933919
154.0033921
154.0133924
154.0233926
154.0333928
154.043393
154.0533932
154.0633935
154.0733937
154.0833939
154.0933941
154.1033943
154.1133946
154.1233948
154.133395
154.1433952
154.1533954
154.1633957
154.1733959
154.1833961
154.1933963
154.2033966
154.2133968
154.223397
154.2333972
154.2433974
154.2533977
154.2633979
154.2733981
154.2833983
154.2933985
154.3033988
154.313399
154.3233992
154.3333994
154.3433996
154.3533999
154.3634001
154.3734003
154.3834005
154.3934007
154.403401
154.4134012
154.4234014
154.4334016
154.4434018
154.4534021
154.4634023
154.4734025
154.4834027
154.4934029
154.5034032
154.5134034
154.5234036
154.5334038
154.543404
154.5534043
154.5634045
154.5734047
154.5834049
154.5934051
154.6034054
154.6134056
154.6234058
154.633406
154.6434062
154.6534065
154.6634067
154.6734069
154.6834071
154.6934073
154.7034076
154.7134078
154.723408
154.7334082
154.7434084
154.7534087
154.7634089
154.7734091
154.7834093
154.7934095
154.8034098
154.81341
154.8234102
154.8334104
154.8434106
154.8534109
154.8634111
154.8734113
154.8834115
154.8934117
154.903412
154.9134122
154.9234124
154.9334126
154.9434129
154.9534131
154.9634133
154.9734135
154.9834137
154.993414
155.0034142
155.0134144
155.0234146
155.0334148
155.0434151
155.0534153
155.0634155
155.0734157
155.0834159
155.0934162
155.1034164
155.1134166
155.1234168
155.133417
155.1434173
155.1534175
155.1634177
155.1734179
155.1834181
155.1934184
155.2034186
155.2134188
155.223419
155.2334192
155.2434195
155.2534197
155.2634199
155.2734201
155.2834203
155.2934206
155.3034208
155.313421
155.3234212
155.3334214
155.3434217
155.3534219
155.3634221
155.3734223
155.3834225
155.3934228
155.403423
155.4134232
155.4234234
155.4334236
155.4434239
155.4534241
155.4634243
155.4734245
155.4834247
155.493425
155.5034252
155.5134254
155.5234256
155.5334258
155.5434261
155.5534263
155.5634265
155.5734267
155.5834269
155.5934272
155.6034274
155.6134276
155.6234278
155.633428
155.6434283
155.6534285
155.6634287
155.6734289
155.6834292
155.6934294
155.7034296
155.7134298
155.72343
155.7334303
155.7434305
155.7534307
155.7634309
155.7734311
155.7834314
155.7934316
155.8034318
155.813432
155.8234322
155.8334325
155.8434327
155.8534329
155.8634331
155.8734333
155.8834336
155.8934338
155.903434
155.9134342
155.9234344
155.9334347
155.9434349
155.9534351
155.9634353
155.9734355
155.9834358
155.993436
156.0034362
156.0134364
156.0234366
156.0334369
156.0434371
156.0534373
156.0634375
156.0734377
156.083438
156.0934382
156.1034384
156.1134386
156.1234388
156.1334391
156.1434393
156.1534395
156.1634397
156.1734399
156.1834402
156.1934404
156.2034406
156.2134408
156.223441
156.2334413
156.2434415
156.2534417
156.2634419
156.2734421
156.2834424
156.2934426
156.3034428
156.313443
156.3234432
156.3334435
156.3434437
156.3534439
156.3634441
156.3734443
156.3834446
156.3934448
156.403445
156.4134452
156.4234455
156.4334457
156.4434459
156.4534461
156.4634463
156.4734466
156.4834468
156.493447
156.5034472
156.5134474
156.5234477
156.5334479
156.5434481
156.5534483
156.5634485
156.5734488
156.583449
156.5934492
156.6034494
156.6134496
156.6234499
156.6334501
156.6434503
156.6534505
156.6634507
156.673451
156.6834512
156.6934514
156.7034516
156.7134518
156.7234521
156.7334523
156.7434525
156.7534527
156.7634529
156.7734532
156.7834534
156.7934536
156.8034538
156.813454
156.8234543
156.8334545
156.8434547
156.8534549
156.8634551
156.8734554
156.8834556
156.8934558
156.903456
156.9134562
156.9234565
156.9334567
156.9434569
156.9534571
156.9634573
156.9734576
156.9834578
156.993458
157.0034582
157.0134584
157.0234587
157.0334589
157.0434591
157.0534593
157.0634595
157.0734598
157.08346
157.0934602
157.1034604
157.1134606
157.1234609
157.1334611
157.1434613
157.1534615
157.1634618
157.173462
157.1834622
157.1934624
157.2034626
157.2134629
157.2234631
157.2334633
157.2434635
157.2534637
157.263464
157.2734642
157.2834644
157.2934646
157.3034648
157.3134651
157.3234653
157.3334655
157.3434657
157.3534659
157.3634662
157.3734664
157.3834666
157.3934668
157.403467
157.4134673
157.4234675
157.4334677
157.4434679
157.4534681
157.4634684
157.4734686
157.4834688
157.493469
157.5034692
157.5134695
157.5234697
157.5334699
157.5434701
157.5534703
157.5634706
157.5734708
157.583471
157.5934712
157.6034714
157.6134717
157.6234719
157.6334721
157.6434723
157.6534725
157.6634728
157.673473
157.6834732
157.6934734
157.7034736
157.7134739
157.7234741
157.7334743
157.7434745
157.7534747
157.763475
157.7734752
157.7834754
157.7934756
157.8034758
157.8134761
157.8234763
157.8334765
157.8434767
157.8534769
157.8634772
157.8734774
157.8834776
157.8934778
157.9034781
157.9134783
157.9234785
157.9334787
157.9434789
157.9534792
157.9634794
157.9734796
157.9834798
157.99348
158.0034803
158.0134805
158.0234807
158.0334809
158.0434811
158.0534814
158.0634816
158.0734818
158.083482
158.0934822
158.1034825
158.1134827
158.1234829
158.1334831
158.1434833
158.1534836
158.1634838
158.173484
158.1834842
158.1934844
158.2034847
158.2134849
158.2234851
158.2334853
158.2434855
158.2534858
158.263486
158.2734862
158.2834864
158.2934866
158.3034869
158.3134871
158.3234873
158.3334875
158.3434877
158.353488
158.3634882
158.3734884
158.3834886
158.3934888
158.4034891
158.4134893
158.4234895
158.4334897
158.4434899
158.4534902
158.4634904
158.4734906
158.4834908
158.493491
158.5034913
158.5134915
158.5234917
158.5334919
158.5434921
158.5534924
158.5634926
158.5734928
158.583493
158.5934932
158.6034935
158.6134937
158.6234939
158.6334941
158.6434944
158.6534946
158.6634948
158.673495
158.6834952
158.6934955
158.7034957
158.7134959
158.7234961
158.7334963
158.7434966
158.7534968
158.763497
158.7734972
158.7834974
158.7934977
158.8034979
158.8134981
158.8234983
158.8334985
158.8434988
158.853499
158.8634992
158.8734994
158.8834996
158.8934999
158.9035001
158.9135003
158.9235005
158.9335007
158.943501
158.9535012
158.9635014
158.9735016
158.9835018
158.9935021
159.0035023
159.0135025
159.0235027
159.0335029
159.0435032
159.0535034
159.0635036
159.0735038
159.083504
159.0935043
159.1035045
159.1135047
159.1235049
159.1335051
159.1435054
159.1535056
159.1635058
159.173506
159.1835062
159.1935065
159.2035067
159.2135069
159.2235071
159.2335073
159.2435076
159.2535078
159.263508
159.2735082
159.2835084
159.2935087
159.3035089
159.3135091
159.3235093
159.3335095
159.3435098
159.35351
159.3635102
159.3735104
159.3835107
159.3935109
159.4035111
159.4135113
159.4235115
159.4335118
159.443512
159.4535122
159.4635124
159.4735126
159.4835129
159.4935131
159.5035133
159.5135135
159.5235137
159.533514
159.5435142
159.5535144
159.5635146
159.5735148
159.5835151
159.5935153
159.6035155
159.6135157
159.6235159
159.6335162
159.6435164
159.6535166
159.6635168
159.673517
159.6835173
159.6935175
159.7035177
159.7135179
159.7235181
159.7335184
159.7435186
159.7535188
159.763519
159.7735192
159.7835195
159.7935197
159.8035199
159.8135201
159.8235203
159.8335206
159.8435208
159.853521
159.8635212
159.8735214
159.8835217
159.8935219
159.9035221
159.9135223
159.9235225
159.9335228
159.943523
159.9535232
159.9635234
159.9735236
159.9835239
159.9935241
160.0035243
160.0135245
160.0235247
160.033525
160.0435252
160.0535254
160.0635256
160.0735258
160.0835261
160.0935263
160.1035265
160.1135267
160.1235269
160.1335272
160.1435274
160.1535276
160.1635278
160.1735281
160.1835283
160.1935285
160.2035287
160.2135289
160.2235292
160.2335294
160.2435296
160.2535298
160.26353
160.2735303
160.2835305
160.2935307
160.3035309
160.3135311
160.3235314
160.3335316
160.3435318
160.353532
160.3635322
160.3735325
160.3835327
160.3935329
160.4035331
160.4135333
160.4235336
160.4335338
160.443534
160.4535342
160.4635344
160.4735347
160.4835349
160.4935351
160.5035353
160.5135355
160.5235358
160.533536
160.5435362
160.5535364
160.5635366
160.5735369
160.5835371
160.5935373
160.6035375
160.6135377
160.623538
160.6335382
160.6435384
160.6535386
160.6635388
160.6735391
160.6835393
160.6935395
160.7035397
160.7135399
160.7235402
160.7335404
160.7435406
160.7535408
160.763541
160.7735413
160.7835415
160.7935417
160.8035419
160.8135421
160.8235424
160.8335426
160.8435428
160.853543
160.8635432
160.8735435
160.8835437
160.8935439
160.9035441
160.9135444
160.9235446
160.9335448
160.943545
160.9535452
160.9635455
160.9735457
160.9835459
160.9935461
161.0035463
161.0135466
161.0235468
161.033547
161.0435472
161.0535474
161.0635477
161.0735479
161.0835481
161.0935483
161.1035485
161.1135488
161.123549
161.1335492
161.1435494
161.1535496
161.1635499
161.1735501
161.1835503
161.1935505
161.2035507
161.213551
161.2235512
161.2335514
161.2435516
161.2535518
161.2635521
161.2735523
161.2835525
161.2935527
161.3035529
161.3135532
161.3235534
161.3335536
161.3435538
161.353554
161.3635543
161.3735545
161.3835547
161.3935549
161.4035551
161.4135554
161.4235556
161.4335558
161.443556
161.4535562
161.4635565
161.4735567
161.4835569
161.4935571
161.5035573
161.5135576
161.5235578
161.533558
161.5435582
161.5535584
161.5635587
161.5735589
161.5835591
161.5935593
161.6035595
161.6135598
161.62356
161.6335602
161.6435604
161.6535607
161.6635609
161.6735611
161.6835613
161.6935615
161.7035618
161.713562
161.7235622
161.7335624
161.7435626
161.7535629
161.7635631
161.7735633
161.7835635
161.7935637
161.803564
161.8135642
161.8235644
161.8335646
161.8435648
161.8535651
161.8635653
161.8735655
161.8835657
161.8935659
161.9035662
161.9135664
161.9235666
161.9335668
161.943567
161.9535673
161.9635675
161.9735677
161.9835679
161.9935681
162.0035684
162.0135686
162.0235688
162.033569
162.0435692
162.0535695
162.0635697
162.0735699
162.0835701
162.0935703
162.1035706
162.1135708
162.123571
162.1335712
162.1435714
162.1535717
162.1635719
162.1735721
162.1835723
162.1935725
162.2035728
162.213573
162.2235732
162.2335734
162.2435736
162.2535739
162.2635741
162.2735743
162.2835745
162.2935747
162.303575
162.3135752
162.3235754
162.3335756
162.3435758
162.3535761
162.3635763
162.3735765
162.3835767
162.393577
162.4035772
162.4135774
162.4235776
162.4335778
162.4435781
162.4535783
162.4635785
162.4735787
162.4835789
162.4935792
162.5035794
162.5135796
162.5235798
162.53358
162.5435803
162.5535805
162.5635807
162.5735809
162.5835811
162.5935814
162.6035816
162.6135818
162.623582
162.6335822
162.6435825
162.6535827
162.6635829
162.6735831
162.6835833
162.6935836
162.7035838
162.713584
162.7235842
162.7335844
162.7435847
162.7535849
162.7635851
162.7735853
162.7835855
162.7935858
162.803586
162.8135862
162.8235864
162.8335866
162.8435869
162.8535871
162.8635873
162.8735875
162.8835877
162.893588
162.9035882
162.9135884
162.9235886
162.9335888
162.9435891
162.9535893
162.9635895
162.9735897
162.9835899
162.9935902
163.0035904
163.0135906
163.0235908
163.033591
163.0435913
163.0535915
163.0635917
163.0735919
163.0835921
163.0935924
163.1035926
163.1135928
163.123593
163.1335933
163.1435935
163.1535937
163.1635939
163.1735941
163.1835944
163.1935946
163.2035948
163.213595
163.2235952
163.2335955
163.2435957
163.2535959
163.2635961
163.2735963
163.2835966
163.2935968
163.303597
163.3135972
163.3235974
163.3335977
163.3435979
163.3535981
163.3635983
163.3735985
163.3835988
163.393599
163.4035992
163.4135994
163.4235996
163.4335999
163.4436001
163.4536003
163.4636005
163.4736007
163.483601
163.4936012
163.5036014
163.5136016
163.5236018
163.5336021
163.5436023
163.5536025
163.5636027
163.5736029
163.5836032
163.5936034
163.6036036
163.6136038
163.623604
163.6336043
163.6436045
163.6536047
163.6636049
163.6736051
163.6836054
163.6936056
163.7036058
163.713606
163.7236062
163.7336065
163.7436067
163.7536069
163.7636071
163.7736073
163.7836076
163.7936078
163.803608
163.8136082
163.8236084
163.8336087
163.8436089
163.8536091
163.8636093
163.8736096
163.8836098
163.89361
163.9036102
163.9136104
163.9236107
163.9336109
163.9436111
163.9536113
163.9636115
163.9736118
163.983612
163.9936122
164.0036124
164.0136126
164.0236129
164.0336131
164.0436133
164.0536135
164.0636137
164.073614
164.0836142
164.0936144
164.1036146
164.1136148
164.1236151
164.1336153
164.1436155
164.1536157
164.1636159
164.1736162
164.1836164
164.1936166
164.2036168
164.213617
164.2236173
164.2336175
164.2436177
164.2536179
164.2636181
164.2736184
164.2836186
164.2936188
164.303619
164.3136192
164.3236195
164.3336197
164.3436199
164.3536201
164.3636203
164.3736206
164.3836208
164.393621
164.4036212
164.4136214
164.4236217
164.4336219
164.4436221
164.4536223
164.4636225
164.4736228
164.483623
164.4936232
164.5036234
164.5136236
164.5236239
164.5336241
164.5436243
164.5536245
164.5636247
164.573625
164.5836252
164.5936254
164.6036256
164.6136259
164.6236261
164.6336263
164.6436265
164.6536267
164.663627
164.6736272
164.6836274
164.6936276
164.7036278
164.7136281
164.7236283
164.7336285
164.7436287
164.7536289
164.7636292
164.7736294
164.7836296
164.7936298
164.80363
164.8136303
164.8236305
164.8336307
164.8436309
164.8536311
164.8636314
164.8736316
164.8836318
164.893632
164.9036322
164.9136325
164.9236327
164.9336329
164.9436331
164.9536333
164.9636336
164.9736338
164.983634
164.9936342
165.0036344
165.0136347
165.0236349
165.0336351
165.0436353
165.0536355
165.0636358
165.073636
165.0836362
165.0936364
165.1036366
165.1136369
165.1236371
165.1336373
165.1436375
165.1536377
165.163638
165.1736382
165.1836384
165.1936386
165.2036388
165.2136391
165.2236393
165.2336395
165.2436397
165.2536399
165.2636402
165.2736404
165.2836406
165.2936408
165.303641
165.3136413
165.3236415
165.3336417
165.3436419
165.3536422
165.3636424
165.3736426
165.3836428
165.393643
165.4036433
165.4136435
165.4236437
165.4336439
165.4436441
165.4536444
165.4636446
165.4736448
165.483645
165.4936452
165.5036455
165.5136457
165.5236459
165.5336461
165.5436463
165.5536466
165.5636468
165.573647
165.5836472
165.5936474
165.6036477
165.6136479
165.6236481
165.6336483
165.6436485
165.6536488
165.663649
165.6736492
165.6836494
165.6936496
165.7036499
165.7136501
165.7236503
165.7336505
165.7436507
165.753651
165.7636512
165.7736514
165.7836516
165.7936518
165.8036521
165.8136523
165.8236525
165.8336527
165.8436529
165.8536532
165.8636534
165.8736536
165.8836538
165.893654
165.9036543
165.9136545
165.9236547
165.9336549
165.9436551
165.9536554
165.9636556
165.9736558
165.983656
165.9936562
166.0036565
166.0136567
166.0236569
166.0336571
166.0436573
166.0536576
166.0636578
166.073658
166.0836582
166.0936585
166.1036587
166.1136589
166.1236591
166.1336593
166.1436596
166.1536598
166.16366
166.1736602
166.1836604
166.1936607
166.2036609
166.2136611
166.2236613
166.2336615
166.2436618
166.253662
166.2636622
166.2736624
166.2836626
166.2936629
166.3036631
166.3136633
166.3236635
166.3336637
166.343664
166.3536642
166.3636644
166.3736646
166.3836648
166.3936651
166.4036653
166.4136655
166.4236657
166.4336659
166.4436662
166.4536664
166.4636666
166.4736668
166.483667
166.4936673
166.5036675
166.5136677
166.5236679
166.5336681
166.5436684
166.5536686
166.5636688
166.573669
166.5836692
166.5936695
166.6036697
166.6136699
166.6236701
166.6336703
166.6436706
166.6536708
166.663671
166.6736712
166.6836714
166.6936717
166.7036719
166.7136721
166.7236723
166.7336725
166.7436728
166.753673
166.7636732
166.7736734
166.7836736
166.7936739
166.8036741
166.8136743
166.8236745
166.8336748
166.843675
166.8536752
166.8636754
166.8736756
166.8836759
166.8936761
166.9036763
166.9136765
166.9236767
166.933677
166.9436772
166.9536774
166.9636776
166.9736778
166.9836781
166.9936783
167.0036785
167.0136787
167.0236789
167.0336792
167.0436794
167.0536796
167.0636798
167.07368
167.0836803
167.0936805
167.1036807
167.1136809
167.1236811
167.1336814
167.1436816
167.1536818
167.163682
167.1736822
167.1836825
167.1936827
167.2036829
167.2136831
167.2236833
167.2336836
167.2436838
167.253684
167.2636842
167.2736844
167.2836847
167.2936849
167.3036851
167.3136853
167.3236855
167.3336858
167.343686
167.3536862
167.3636864
167.3736866
167.3836869
167.3936871
167.4036873
167.4136875
167.4236877
167.433688
167.4436882
167.4536884
167.4636886
167.4736888
167.4836891
167.4936893
167.5036895
167.5136897
167.5236899
167.5336902
167.5436904
167.5536906
167.5636908
167.5736911
167.5836913
167.5936915
167.6036917
167.6136919
167.6236922
167.6336924
167.6436926
167.6536928
167.663693
167.6736933
167.6836935
167.6936937
167.7036939
167.7136941
167.7236944
167.7336946
167.7436948
167.753695
167.7636952
167.7736955
167.7836957
167.7936959
167.8036961
167.8136963
167.8236966
167.8336968
167.843697
167.8536972
167.8636974
167.8736977
167.8836979
167.8936981
167.9036983
167.9136985
167.9236988
167.933699
167.9436992
167.9536994
167.9636996
167.9736999
167.9837001
167.9937003
168.0037005
168.0137007
168.023701
168.0337012
168.0437014
168.0537016
168.0637018
168.0737021
168.0837023
168.0937025
168.1037027
168.1137029
168.1237032
168.1337034
168.1437036
168.1537038
168.163704
168.1737043
168.1837045
168.1937047
168.2037049
168.2137051
168.2237054
168.2337056
168.2437058
168.253706
168.2637062
168.2737065
168.2837067
168.2937069
168.3037071
168.3137074
168.3237076
168.3337078
168.343708
168.3537082
168.3637085
168.3737087
168.3837089
168.3937091
168.4037093
168.4137096
168.4237098
168.43371
168.4437102
168.4537104
168.4637107
168.4737109
168.4837111
168.4937113
168.5037115
168.5137118
168.523712
168.5337122
168.5437124
168.5537126
168.5637129
168.5737131
168.5837133
168.5937135
168.6037137
168.613714
168.6237142
168.6337144
168.6437146
168.6537148
168.6637151
168.6737153
168.6837155
168.6937157
168.7037159
168.7137162
168.7237164
168.7337166
168.7437168
168.753717
168.7637173
168.7737175
168.7837177
168.7937179
168.8037181
168.8137184
168.8237186
168.8337188
168.843719
168.8537192
168.8637195
168.8737197
168.8837199
168.8937201
168.9037203
168.9137206
168.9237208
168.933721
168.9437212
168.9537214
168.9637217
168.9737219
168.9837221
168.9937223
169.0037225
169.0137228
169.023723
169.0337232
169.0437234
169.0537237
169.0637239
169.0737241
169.0837243
169.0937245
169.1037248
169.113725
169.1237252
169.1337254
169.1437256
169.1537259
169.1637261
169.1737263
169.1837265
169.1937267
169.203727
169.2137272
169.2237274
169.2337276
169.2437278
169.2537281
169.2637283
169.2737285
169.2837287
169.2937289
169.3037292
169.3137294
169.3237296
169.3337298
169.34373
169.3537303
169.3637305
169.3737307
169.3837309
169.3937311
169.4037314
169.4137316
169.4237318
169.433732
169.4437322
169.4537325
169.4637327
169.4737329
169.4837331
169.4937333
169.5037336
169.5137338
169.523734
169.5337342
169.5437344
169.5537347
169.5637349
169.5737351
169.5837353
169.5937355
169.6037358
169.613736
169.6237362
169.6337364
169.6437366
169.6537369
169.6637371
169.6737373
169.6837375
169.6937377
169.703738
169.7137382
169.7237384
169.7337386
169.7437388
169.7537391
169.7637393
169.7737395
169.7837397
169.79374
169.8037402
169.8137404
169.8237406
169.8337408
169.8437411
169.8537413
169.8637415
169.8737417
169.8837419
169.8937422
169.9037424
169.9137426
169.9237428
169.933743
169.9437433
169.9537435
169.9637437
169.9737439
169.9837441
169.9937444
170.0037446
170.0137448
170.023745
170.0337452
170.0437455
170.0537457
170.0637459
170.0737461
170.0837463
170.0937466
170.1037468
170.113747
170.1237472
170.1337474
170.1437477
170.1537479
170.1637481
170.1737483
170.1837485
170.1937488
170.203749
170.2137492
170.2237494
170.2337496
170.2437499
170.2537501
170.2637503
170.2737505
170.2837507
170.293751
170.3037512
170.3137514
170.3237516
170.3337518
170.3437521
170.3537523
170.3637525
170.3737527
170.3837529
170.3937532
170.4037534
170.4137536
170.4237538
170.433754
170.4437543
170.4537545
170.4637547
170.4737549
170.4837551
170.4937554
170.5037556
170.5137558
170.523756
170.5337563
170.5437565
170.5537567
170.5637569
170.5737571
170.5837574
170.5937576
170.6037578
170.613758
170.6237582
170.6337585
170.6437587
170.6537589
170.6637591
170.6737593
170.6837596
170.6937598
170.70376
170.7137602
170.7237604
170.7337607
170.7437609
170.7537611
170.7637613
170.7737615
170.7837618
170.793762
170.8037622
170.8137624
170.8237626
170.8337629
170.8437631
170.8537633
170.8637635
170.8737637
170.883764
170.8937642
170.9037644
170.9137646
170.9237648
170.9337651
170.9437653
170.9537655
170.9637657
170.9737659
170.9837662
170.9937664
171.0037666
171.0137668
171.023767
171.0337673
171.0437675
171.0537677
171.0637679
171.0737681
171.0837684
171.0937686
171.1037688
171.113769
171.1237692
171.1337695
171.1437697
171.1537699
171.1637701
171.1737703
171.1837706
171.1937708
171.203771
171.2137712
171.2237714
171.2337717
171.2437719
171.2537721
171.2637723
171.2737726
171.2837728
171.293773
171.3037732
171.3137734
171.3237737
171.3337739
171.3437741
171.3537743
171.3637745
171.3737748
171.383775
171.3937752
171.4037754
171.4137756
171.4237759
171.4337761
171.4437763
171.4537765
171.4637767
171.473777
171.4837772
171.4937774
171.5037776
171.5137778
171.5237781
171.5337783
171.5437785
171.5537787
171.5637789
171.5737792
171.5837794
171.5937796
171.6037798
171.61378
171.6237803
171.6337805
171.6437807
171.6537809
171.6637811
171.6737814
171.6837816
171.6937818
171.703782
171.7137822
171.7237825
171.7337827
171.7437829
171.7537831
171.7637833
171.7737836
171.7837838
171.793784
171.8037842
171.8137844
171.8237847
171.8337849
171.8437851
171.8537853
171.8637855
171.8737858
171.883786
171.8937862
171.9037864
171.9137866
171.9237869
171.9337871
171.9437873
171.9537875
171.9637877
171.973788
171.9837882
171.9937884
172.0037886
172.0137888
172.0237891
172.0337893
172.0437895
172.0537897
172.06379
172.0737902
172.0837904
172.0937906
172.1037908
172.1137911
172.1237913
172.1337915
172.1437917
172.1537919
172.1637922
172.1737924
172.1837926
172.1937928
172.203793
172.2137933
172.2237935
172.2337937
172.2437939
172.2537941
172.2637944
172.2737946
172.2837948
172.293795
172.3037952
172.3137955
172.3237957
172.3337959
172.3437961
172.3537963
172.3637966
172.3737968
172.383797
172.3937972
172.4037974
172.4137977
172.4237979
172.4337981
172.4437983
172.4537985
172.4637988
172.473799
172.4837992
172.4937994
172.5037996
172.5137999
172.5238001
172.5338003
172.5438005
172.5538007
172.563801
172.5738012
172.5838014
172.5938016
172.6038018
172.6138021
172.6238023
172.6338025
172.6438027
172.6538029
172.6638032
172.6738034
172.6838036
172.6938038
172.703804
172.7138043
172.7238045
172.7338047
172.7438049
172.7538051
172.7638054
172.7738056
172.7838058
172.793806
172.8038063
172.8138065
172.8238067
172.8338069
172.8438071
172.8538074
172.8638076
172.8738078
172.883808
172.8938082
172.9038085
172.9138087
172.9238089
172.9338091
172.9438093
172.9538096
172.9638098
172.97381
172.9838102
172.9938104
173.0038107
173.0138109
173.0238111
173.0338113
173.0438115
173.0538118
173.063812
173.0738122
173.0838124
173.0938126
173.1038129
173.1138131
173.1238133
173.1338135
173.1438137
173.153814
173.1638142
173.1738144
173.1838146
173.1938148
173.2038151
173.2138153
173.2238155
173.2338157
173.2438159
173.2538162
173.2638164
173.2738166
173.2838168
173.293817
173.3038173
173.3138175
173.3238177
173.3338179
173.3438181
173.3538184
173.3638186
173.3738188
173.383819
173.3938192
173.4038195
173.4138197
173.4238199
173.4338201
173.4438203
173.4538206
173.4638208
173.473821
173.4838212
173.4938214
173.5038217
173.5138219
173.5238221
173.5338223
173.5438226
173.5538228
173.563823
173.5738232
173.5838234
173.5938237
173.6038239
173.6138241
173.6238243
173.6338245
173.6438248
173.653825
173.6638252
173.6738254
173.6838256
173.6938259
173.7038261
173.7138263
173.7238265
173.7338267
173.743827
173.7538272
173.7638274
173.7738276
173.7838278
173.7938281
173.8038283
173.8138285
173.8238287
173.8338289
173.8438292
173.8538294
173.8638296
173.8738298
173.88383
173.8938303
173.9038305
173.9138307
173.9238309
173.9338311
173.9438314
173.9538316
173.9638318
173.973832
173.9838322
173.9938325
174.0038327
174.0138329
174.0238331
174.0338333
174.0438336
174.0538338
174.063834
174.0738342
174.0838344
174.0938347
174.1038349
174.1138351
174.1238353
174.1338355
174.1438358
174.153836
174.1638362
174.1738364
174.1838366
174.1938369
174.2038371
174.2138373
174.2238375
174.2338377
174.243838
174.2538382
174.2638384
174.2738386
174.2838389
174.2938391
174.3038393
174.3138395
174.3238397
174.33384
174.3438402
174.3538404
174.3638406
174.3738408
174.3838411
174.3938413
174.4038415
174.4138417
174.4238419
174.4338422
174.4438424
174.4538426
174.4638428
174.473843
174.4838433
174.4938435
174.5038437
174.5138439
174.5238441
174.5338444
174.5438446
174.5538448
174.563845
174.5738452
174.5838455
174.5938457
174.6038459
174.6138461
174.6238463
174.6338466
174.6438468
174.653847
174.6638472
174.6738474
174.6838477
174.6938479
174.7038481
174.7138483
174.7238485
174.7338488
174.743849
174.7538492
174.7638494
174.7738496
174.7838499
174.7938501
174.8038503
174.8138505
174.8238507
174.833851
174.8438512
174.8538514
174.8638516
174.8738518
174.8838521
174.8938523
174.9038525
174.9138527
174.9238529
174.9338532
174.9438534
174.9538536
174.9638538
174.973854
174.9838543
174.9938545
175.0038547
175.0138549
175.0238552
175.0338554
175.0438556
175.0538558
175.063856
175.0738563
175.0838565
175.0938567
175.1038569
175.1138571
175.1238574
175.1338576
175.1438578
175.153858
175.1638582
175.1738585
175.1838587
175.1938589
175.2038591
175.2138593
175.2238596
175.2338598
175.24386
175.2538602
175.2638604
175.2738607
175.2838609
175.2938611
175.3038613
175.3138615
175.3238618
175.333862
175.3438622
175.3538624
175.3638626
175.3738629
175.3838631
175.3938633
175.4038635
175.4138637
175.423864
175.4338642
175.4438644
175.4538646
175.4638648
175.4738651
175.4838653
175.4938655
175.5038657
175.5138659
175.5238662
175.5338664
175.5438666
175.5538668
175.563867
175.5738673
175.5838675
175.5938677
175.6038679
175.6138681
175.6238684
175.6338686
175.6438688
175.653869
175.6638692
175.6738695
175.6838697
175.6938699
175.7038701
175.7138703
175.7238706
175.7338708
175.743871
175.7538712
175.7638715
175.7738717
175.7838719
175.7938721
175.8038723
175.8138726
175.8238728
175.833873
175.8438732
175.8538734
175.8638737
175.8738739
175.8838741
175.8938743
175.9038745
175.9138748
175.923875
175.9338752
175.9438754
175.9538756
175.9638759
175.9738761
175.9838763
175.9938765
176.0038767
176.013877
176.0238772
176.0338774
176.0438776
176.0538778
176.0638781
176.0738783
176.0838785
176.0938787
176.1038789
176.1138792
176.1238794
176.1338796
176.1438798
176.15388
176.1638803
176.1738805
176.1838807
176.1938809
176.2038811
176.2138814
176.2238816
176.2338818
176.243882
176.2538822
176.2638825
176.2738827
176.2838829
176.2938831
176.3038833
176.3138836
176.3238838
176.333884
176.3438842
176.3538844
176.3638847
176.3738849
176.3838851
176.3938853
176.4038855
176.4138858
176.423886
176.4338862
176.4438864
176.4538866
176.4638869
176.4738871
176.4838873
176.4938875
176.5038878
176.513888
176.5238882
176.5338884
176.5438886
176.5538889
176.5638891
176.5738893
176.5838895
176.5938897
176.60389
176.6138902
176.6238904
176.6338906
176.6438908
176.6538911
176.6638913
176.6738915
176.6838917
176.6938919
176.7038922
176.7138924
176.7238926
176.7338928
176.743893
176.7538933
176.7638935
176.7738937
176.7838939
176.7938941
176.8038944
176.8138946
176.8238948
176.833895
176.8438952
176.8538955
176.8638957
176.8738959
176.8838961
176.8938963
176.9038966
176.9138968
176.923897
176.9338972
176.9438974
176.9538977
176.9638979
176.9738981
176.9838983
176.9938985
177.0038988
177.013899
177.0238992
177.0338994
177.0438996
177.0538999
177.0639001
177.0739003
177.0839005
177.0939007
177.103901
177.1139012
177.1239014
177.1339016
177.1439018
177.1539021
177.1639023
177.1739025
177.1839027
177.1939029
177.2039032
177.2139034
177.2239036
177.2339038
177.2439041
177.2539043
177.2639045
177.2739047
177.2839049
177.2939052
177.3039054
177.3139056
177.3239058
177.333906
177.3439063
177.3539065
177.3639067
177.3739069
177.3839071
177.3939074
177.4039076
177.4139078
177.423908
177.4339082
177.4439085
177.4539087
177.4639089
177.4739091
177.4839093
177.4939096
177.5039098
177.51391
177.5239102
177.5339104
177.5439107
177.5539109
177.5639111
177.5739113
177.5839115
177.5939118
177.603912
177.6139122
177.6239124
177.6339126
177.6439129
177.6539131
177.6639133
177.6739135
177.6839137
177.693914
177.7039142
177.7139144
177.7239146
177.7339148
177.7439151
177.7539153
177.7639155
177.7739157
177.7839159
177.7939162
177.8039164
177.8139166
177.8239168
177.833917
177.8439173
177.8539175
177.8639177
177.8739179
177.8839181
177.8939184
177.9039186
177.9139188
177.923919
177.9339192
177.9439195
177.9539197
177.9639199
177.9739201
177.9839204
177.9939206
178.0039208
178.013921
178.0239212
178.0339215
178.0439217
178.0539219
178.0639221
178.0739223
178.0839226
178.0939228
178.103923
178.1139232
178.1239234
178.1339237
178.1439239
178.1539241
178.1639243
178.1739245
178.1839248
178.193925
178.2039252
178.2139254
178.2239256
178.2339259
178.2439261
178.2539263
178.2639265
178.2739267
178.283927
178.2939272
178.3039274
178.3139276
178.3239278
178.3339281
178.3439283
178.3539285
178.3639287
178.3739289
178.3839292
178.3939294
178.4039296
178.4139298
178.42393
178.4339303
178.4439305
178.4539307
178.4639309
178.4739311
178.4839314
178.4939316
178.5039318
178.513932
178.5239322
178.5339325
178.5439327
178.5539329
178.5639331
178.5739333
178.5839336
178.5939338
178.603934
178.6139342
178.6239344
178.6339347
178.6439349
178.6539351
178.6639353
178.6739355
178.6839358
178.693936
178.7039362
178.7139364
178.7239367
178.7339369
178.7439371
178.7539373
178.7639375
178.7739378
178.783938
178.7939382
178.8039384
178.8139386
178.8239389
178.8339391
178.8439393
178.8539395
178.8639397
178.87394
178.8839402
178.8939404
178.9039406
178.9139408
178.9239411
178.9339413
178.9439415
178.9539417
178.9639419
178.9739422
178.9839424
178.9939426
179.0039428
179.013943
179.0239433
179.0339435
179.0439437
179.0539439
179.0639441
179.0739444
179.0839446
179.0939448
179.103945
179.1139452
179.1239455
179.1339457
179.1439459
179.1539461
179.1639463
179.1739466
179.1839468
179.193947
179.2039472
179.2139474
179.2239477
179.2339479
179.2439481
179.2539483
179.2639485
179.2739488
179.283949
179.2939492
179.3039494
179.3139496
179.3239499
179.3339501
179.3439503
179.3539505
179.3639507
179.373951
179.3839512
179.3939514
179.4039516
179.4139518
179.4239521
179.4339523
179.4439525
179.4539527
179.463953
179.4739532
179.4839534
179.4939536
179.5039538
179.5139541
179.5239543
179.5339545
179.5439547
179.5539549
179.5639552
179.5739554
179.5839556
179.5939558
179.603956
179.6139563
179.6239565
179.6339567
179.6439569
179.6539571
179.6639574
179.6739576
179.6839578
179.693958
179.7039582
179.7139585
179.7239587
179.7339589
179.7439591
179.7539593
179.7639596
179.7739598
179.78396
179.7939602
179.8039604
179.8139607
179.8239609
179.8339611
179.8439613
179.8539615
179.8639618
179.873962
179.8839622
179.8939624
179.9039626
179.9139629
179.9239631
179.9339633
179.9439635
179.9539637
179.963964
179.9739642
179.9839644
179.9939646
180.0039648
180.0139651
180.0239653
180.0339655
180.0439657
180.0539659
180.0639662
180.0739664
180.0839666
180.0939668
180.103967
180.1139673
180.1239675
180.1339677
180.1439679
180.1539681
180.1639684
180.1739686
180.1839688
180.193969
180.2039693
180.2139695
180.2239697
180.2339699
180.2439701
180.2539704
180.2639706
180.2739708
180.283971
180.2939712
180.3039715
180.3139717
180.3239719
180.3339721
180.3439723
180.3539726
180.3639728
180.373973
180.3839732
180.3939734
180.4039737
180.4139739
180.4239741
180.4339743
180.4439745
180.4539748
180.463975
180.4739752
180.4839754
180.4939756
180.5039759
180.5139761
180.5239763
180.5339765
180.5439767
180.553977
180.5639772
180.5739774
180.5839776
180.5939778
180.6039781
180.6139783
180.6239785
180.6339787
180.6439789
180.6539792
180.6639794
180.6739796
180.6839798
180.69398
180.7039803
180.7139805
180.7239807
180.7339809
180.7439811
180.7539814
180.7639816
180.7739818
180.783982
180.7939822
180.8039825
180.8139827
180.8239829
180.8339831
180.8439833
180.8539836
180.8639838
180.873984
180.8839842
180.8939844
180.9039847
180.9139849
180.9239851
180.9339853
180.9439856
180.9539858
180.963986
180.9739862
180.9839864
180.9939867
181.0039869
181.0139871
181.0239873
181.0339875
181.0439878
181.053988
181.0639882
181.0739884
181.0839886
181.0939889
181.1039891
181.1139893
181.1239895
181.1339897
181.14399
181.1539902
181.1639904
181.1739906
181.1839908
181.1939911
181.2039913
181.2139915
181.2239917
181.2339919
181.2439922
181.2539924
181.2639926
181.2739928
181.283993
181.2939933
181.3039935
181.3139937
181.3239939
181.3339941
181.3439944
181.3539946
181.3639948
181.373995
181.3839952
181.3939955
181.4039957
181.4139959
181.4239961
181.4339963
181.4439966
181.4539968
181.463997
181.4739972
181.4839974
181.4939977
181.5039979
181.5139981
181.5239983
181.5339985
181.5439988
181.553999
181.5639992
181.5739994
181.5839996
181.5939999
181.6040001
181.6140003
181.6240005
181.6340007
181.644001
181.6540012
181.6640014
181.6740016
181.6840019
181.6940021
181.7040023
181.7140025
181.7240027
181.734003
181.7440032
181.7540034
181.7640036
181.7740038
181.7840041
181.7940043
181.8040045
181.8140047
181.8240049
181.8340052
181.8440054
181.8540056
181.8640058
181.874006
181.8840063
181.8940065
181.9040067
181.9140069
181.9240071
181.9340074
181.9440076
181.9540078
181.964008
181.9740082
181.9840085
181.9940087
182.0040089
182.0140091
182.0240093
182.0340096
182.0440098
182.05401
182.0640102
182.0740104
182.0840107
182.0940109
182.1040111
182.1140113
182.1240115
182.1340118
182.144012
182.1540122
182.1640124
182.1740126
182.1840129
182.1940131
182.2040133
182.2140135
182.2240137
182.234014
182.2440142
182.2540144
182.2640146
182.2740148
182.2840151
182.2940153
182.3040155
182.3140157
182.3240159
182.3340162
182.3440164
182.3540166
182.3640168
182.374017
182.3840173
182.3940175
182.4040177
182.4140179
182.4240182
182.4340184
182.4440186
182.4540188
182.464019
182.4740193
182.4840195
182.4940197
182.5040199
182.5140201
182.5240204
182.5340206
182.5440208
182.554021
182.5640212
182.5740215
182.5840217
182.5940219
182.6040221
182.6140223
182.6240226
182.6340228
182.644023
182.6540232
182.6640234
182.6740237
182.6840239
182.6940241
182.7040243
182.7140245
182.7240248
182.734025
182.7440252
182.7540254
182.7640256
182.7740259
182.7840261
182.7940263
182.8040265
182.8140267
182.824027
182.8340272
182.8440274
182.8540276
182.8640278
182.8740281
182.8840283
182.8940285
182.9040287
182.9140289
182.9240292
182.9340294
182.9440296
182.9540298
182.96403
182.9740303
182.9840305
182.9940307
183.0040309
183.0140311
183.0240314
183.0340316
183.0440318
183.054032
183.0640322
183.0740325
183.0840327
183.0940329
183.1040331
183.1140333
183.1240336
183.1340338
183.144034
183.1540342
183.1640345
183.1740347
183.1840349
183.1940351
183.2040353
183.2140356
183.2240358
183.234036
183.2440362
183.2540364
183.2640367
183.2740369
183.2840371
183.2940373
183.3040375
183.3140378
183.324038
183.3340382
183.3440384
183.3540386
183.3640389
183.3740391
183.3840393
183.3940395
183.4040397
183.41404
183.4240402
183.4340404
183.4440406
183.4540408
183.4640411
183.4740413
183.4840415
183.4940417
183.5040419
183.5140422
183.5240424
183.5340426
183.5440428
183.554043
183.5640433
183.5740435
183.5840437
183.5940439
183.6040441
183.6140444
183.6240446
183.6340448
183.644045
183.6540452
183.6640455
183.6740457
183.6840459
183.6940461
183.7040463
183.7140466
183.7240468
183.734047
183.7440472
183.7540474
183.7640477
183.7740479
183.7840481
183.7940483
183.8040485
183.8140488
183.824049
183.8340492
183.8440494
183.8540496
183.8640499
183.8740501
183.8840503
183.8940505
183.9040508
183.914051
183.9240512
183.9340514
183.9440516
183.9540519
183.9640521
183.9740523
183.9840525
183.9940527
184.004053
184.0140532
184.0240534
184.0340536
184.0440538
184.0540541
184.0640543
184.0740545
184.0840547
184.0940549
184.1040552
184.1140554
184.1240556
184.1340558
184.144056
184.1540563
184.1640565
184.1740567
184.1840569
184.1940571
184.2040574
184.2140576
184.2240578
184.234058
184.2440582
184.2540585
184.2640587
184.2740589
184.2840591
184.2940593
184.3040596
184.3140598
184.32406
184.3340602
184.3440604
184.3540607
184.3640609
184.3740611
184.3840613
184.3940615
184.4040618
184.414062
184.4240622
184.4340624
184.4440626
184.4540629
184.4640631
184.4740633
184.4840635
184.4940637
184.504064
184.5140642
184.5240644
184.5340646
184.5440648
184.5540651
184.5640653
184.5740655
184.5840657
184.5940659
184.6040662
184.6140664
184.6240666
184.6340668
184.644067
184.6540673
184.6640675
184.6740677
184.6840679
184.6940682
184.7040684
184.7140686
184.7240688
184.734069
184.7440693
184.7540695
184.7640697
184.7740699
184.7840701
184.7940704
184.8040706
184.8140708
184.824071
184.8340712
184.8440715
184.8540717
184.8640719
184.8740721
184.8840723
184.8940726
184.9040728
184.914073
184.9240732
184.9340734
184.9440737
184.9540739
184.9640741
184.9740743
184.9840745
184.9940748
185.004075
185.0140752
185.0240754
185.0340756
185.0440759
185.0540761
185.0640763
185.0740765
185.0840767
185.094077
185.1040772
185.1140774
185.1240776
185.1340778
185.1440781
185.1540783
185.1640785
185.1740787
185.1840789
185.1940792
185.2040794
185.2140796
185.2240798
185.23408
185.2440803
185.2540805
185.2640807
185.2740809
185.2840811
185.2940814
185.3040816
185.3140818
185.324082
185.3340822
185.3440825
185.3540827
185.3640829
185.3740831
185.3840833
185.3940836
185.4040838
185.414084
185.4240842
185.4340845
185.4440847
185.4540849
185.4640851
185.4740853
185.4840856
185.4940858
185.504086
185.5140862
185.5240864
185.5340867
185.5440869
185.5540871
185.5640873
185.5740875
185.5840878
185.594088
185.6040882
185.6140884
185.6240886
185.6340889
185.6440891
185.6540893
185.6640895
185.6740897
185.68409
185.6940902
185.7040904
185.7140906
185.7240908
185.7340911
185.7440913
185.7540915
185.7640917
185.7740919
185.7840922
185.7940924
185.8040926
185.8140928
185.824093
185.8340933
185.8440935
185.8540937
185.8640939
185.8740941
185.8840944
185.8940946
185.9040948
185.914095
185.9240952
185.9340955
185.9440957
185.9540959
185.9640961
185.9740963
185.9840966
185.9940968
186.004097
186.0140972
186.0240974
186.0340977
186.0440979
186.0540981
186.0640983
186.0740985
186.0840988
186.094099
186.1040992
186.1140994
186.1240996
186.1340999
186.1441001
186.1541003
186.1641005
186.1741008
186.184101
186.1941012
186.2041014
186.2141016
186.2241019
186.2341021
186.2441023
186.2541025
186.2641027
186.274103
186.2841032
186.2941034
186.3041036
186.3141038
186.3241041
186.3341043
186.3441045
186.3541047
186.3641049
186.3741052
186.3841054
186.3941056
186.4041058
186.414106
186.4241063
186.4341065
186.4441067
186.4541069
186.4641071
186.4741074
186.4841076
186.4941078
186.504108
186.5141082
186.5241085
186.5341087
186.5441089
186.5541091
186.5641093
186.5741096
186.5841098
186.59411
186.6041102
186.6141104
186.6241107
186.6341109
186.6441111
186.6541113
186.6641115
186.6741118
186.684112
186.6941122
186.7041124
186.7141126
186.7241129
186.7341131
186.7441133
186.7541135
186.7641137
186.774114
186.7841142
186.7941144
186.8041146
186.8141148
186.8241151
186.8341153
186.8441155
186.8541157
186.8641159
186.8741162
186.8841164
186.8941166
186.9041168
186.9141171
186.9241173
186.9341175
186.9441177
186.9541179
186.9641182
186.9741184
186.9841186
186.9941188
187.004119
187.0141193
187.0241195
187.0341197
187.0441199
187.0541201
187.0641204
187.0741206
187.0841208
187.094121
187.1041212
187.1141215
187.1241217
187.1341219
187.1441221
187.1541223
187.1641226
187.1741228
187.184123
187.1941232
187.2041234
187.2141237
187.2241239
187.2341241
187.2441243
187.2541245
187.2641248
187.274125
187.2841252
187.2941254
187.3041256
187.3141259
187.3241261
187.3341263
187.3441265
187.3541267
187.364127
187.3741272
187.3841274
187.3941276
187.4041278
187.4141281
187.4241283
187.4341285
187.4441287
187.4541289
187.4641292
187.4741294
187.4841296
187.4941298
187.50413
187.5141303
187.5241305
187.5341307
187.5441309
187.5541311
187.5641314
187.5741316
187.5841318
187.594132
187.6041322
187.6141325
187.6241327
187.6341329
187.6441331
187.6541334
187.6641336
187.6741338
187.684134
187.6941342
187.7041345
187.7141347
187.7241349
187.7341351
187.7441353
187.7541356
187.7641358
187.774136
187.7841362
187.7941364
187.8041367
187.8141369
187.8241371
187.8341373
187.8441375
187.8541378
187.864138
187.8741382
187.8841384
187.8941386
187.9041389
187.9141391
187.9241393
187.9341395
187.9441397
187.95414
187.9641402
187.9741404
187.9841406
187.9941408
188.0041411
188.0141413
188.0241415
188.0341417
188.0441419
188.0541422
188.0641424
188.0741426
188.0841428
188.094143
188.1041433
188.1141435
188.1241437
188.1341439
188.1441441
188.1541444
188.1641446
188.1741448
188.184145
188.1941452
188.2041455
188.2141457
188.2241459
188.2341461
188.2441463
188.2541466
188.2641468
188.274147
188.2841472
188.2941474
188.3041477
188.3141479
188.3241481
188.3341483
188.3441485
188.3541488
188.364149
188.3741492
188.3841494
188.3941497
188.4041499
188.4141501
188.4241503
188.4341505
188.4441508
188.454151
188.4641512
188.4741514
188.4841516
188.4941519
188.5041521
188.5141523
188.5241525
188.5341527
188.544153
188.5541532
188.5641534
188.5741536
188.5841538
188.5941541
188.6041543
188.6141545
188.6241547
188.6341549
188.6441552
188.6541554
188.6641556
188.6741558
188.684156
188.6941563
188.7041565
188.7141567
188.7241569
188.7341571
188.7441574
188.7541576
188.7641578
188.774158
188.7841582
188.7941585
188.8041587
188.8141589
188.8241591
188.8341593
188.8441596
188.8541598
188.86416
188.8741602
188.8841604
188.8941607
188.9041609
188.9141611
188.9241613
188.9341615
188.9441618
188.954162
188.9641622
188.9741624
188.9841626
188.9941629
189.0041631
189.0141633
189.0241635
189.0341637
189.044164
189.0541642
189.0641644
189.0741646
189.0841648
189.0941651
189.1041653
189.1141655
189.1241657
189.134166
189.1441662
189.1541664
189.1641666
189.1741668
189.1841671
189.1941673
189.2041675
189.2141677
189.2241679
189.2341682
189.2441684
189.2541686
189.2641688
189.274169
189.2841693
189.2941695
189.3041697
189.3141699
189.3241701
189.3341704
189.3441706
189.3541708
189.364171
189.3741712
189.3841715
189.3941717
189.4041719
189.4141721
189.4241723
189.4341726
189.4441728
189.454173
189.4641732
189.4741734
189.4841737
189.4941739
189.5041741
189.5141743
189.5241745
189.5341748
189.544175
189.5541752
189.5641754
189.5741756
189.5841759
189.5941761
189.6041763
189.6141765
189.6241767
189.634177
189.6441772
189.6541774
189.6641776
189.6741778
189.6841781
189.6941783
189.7041785
189.7141787
189.7241789
189.7341792
189.7441794
189.7541796
189.7641798
189.77418
189.7841803
189.7941805
189.8041807
189.8141809
189.8241811
189.8341814
189.8441816
189.8541818
189.864182
189.8741823
189.8841825
189.8941827
189.9041829
189.9141831
189.9241834
189.9341836
189.9441838
189.954184
189.9641842
189.9741845
189.9841847
189.9941849
190.0041851
190.0141853
190.0241856
190.0341858
190.044186
190.0541862
190.0641864
190.0741867
190.0841869
190.0941871
190.1041873
190.1141875
190.1241878
190.134188
190.1441882
190.1541884
190.1641886
190.1741889
190.1841891
190.1941893
190.2041895
190.2141897
190.22419
190.2341902
190.2441904
190.2541906
190.2641908
190.2741911
190.2841913
190.2941915
190.3041917
190.3141919
190.3241922
190.3341924
190.3441926
190.3541928
190.364193
190.3741933
190.3841935
190.3941937
190.4041939
190.4141941
190.4241944
190.4341946
190.4441948
190.454195
190.4641952
190.4741955
190.4841957
190.4941959
190.5041961
190.5141963
190.5241966
190.5341968
190.544197
190.5541972
190.5641974
190.5741977
190.5841979
190.5941981
190.6041983
190.6141986
190.6241988
190.634199
190.6441992
190.6541994
190.6641997
190.6741999
190.6842001
190.6942003
190.7042005
190.7142008
190.724201
190.7342012
190.7442014
190.7542016
190.7642019
190.7742021
190.7842023
190.7942025
190.8042027
190.814203
190.8242032
190.8342034
190.8442036
190.8542038
190.8642041
190.8742043
190.8842045
190.8942047
190.9042049
190.9142052
190.9242054
190.9342056
190.9442058
190.954206
190.9642063
190.9742065
190.9842067
190.9942069
191.0042071
191.0142074
191.0242076
191.0342078
191.044208
191.0542082
191.0642085
191.0742087
191.0842089
191.0942091
191.1042093
191.1142096
191.1242098
191.13421
191.1442102
191.1542104
191.1642107
191.1742109
191.1842111
191.1942113
191.2042115
191.2142118
191.224212
191.2342122
191.2442124
191.2542126
191.2642129
191.2742131
191.2842133
191.2942135
191.3042137
191.314214
191.3242142
191.3342144
191.3442146
191.3542149
191.3642151
191.3742153
191.3842155
191.3942157
191.404216
191.4142162
191.4242164
191.4342166
191.4442168
191.4542171
191.4642173
191.4742175
191.4842177
191.4942179
191.5042182
191.5142184
191.5242186
191.5342188
191.544219
191.5542193
191.5642195
191.5742197
191.5842199
191.5942201
191.6042204
191.6142206
191.6242208
191.634221
191.6442212
191.6542215
191.6642217
191.6742219
191.6842221
191.6942223
191.7042226
191.7142228
191.724223
191.7342232
191.7442234
191.7542237
191.7642239
191.7742241
191.7842243
191.7942245
191.8042248
191.814225
191.8242252
191.8342254
191.8442256
191.8542259
191.8642261
191.8742263
191.8842265
191.8942267
191.904227
191.9142272
191.9242274
191.9342276
191.9442278
191.9542281
191.9642283
191.9742285
191.9842287
191.9942289
192.0042292
192.0142294
192.0242296
192.0342298
192.04423
192.0542303
192.0642305
192.0742307
192.0842309
192.0942312
192.1042314
192.1142316
192.1242318
192.134232
192.1442323
192.1542325
192.1642327
192.1742329
192.1842331
192.1942334
192.2042336
192.2142338
192.224234
192.2342342
192.2442345
192.2542347
192.2642349
192.2742351
192.2842353
192.2942356
192.3042358
192.314236
192.3242362
192.3342364
192.3442367
192.3542369
192.3642371
192.3742373
192.3842375
192.3942378
192.404238
192.4142382
192.4242384
192.4342386
192.4442389
192.4542391
192.4642393
192.4742395
192.4842397
192.49424
192.5042402
192.5142404
192.5242406
192.5342408
192.5442411
192.5542413
192.5642415
192.5742417
192.5842419
192.5942422
192.6042424
192.6142426
192.6242428
192.634243
192.6442433
192.6542435
192.6642437
192.6742439
192.6842441
192.6942444
192.7042446
192.7142448
192.724245
192.7342452
192.7442455
192.7542457
192.7642459
192.7742461
192.7842463
192.7942466
192.8042468
192.814247
192.8242472
192.8342475
192.8442477
192.8542479
192.8642481
192.8742483
192.8842486
192.8942488
192.904249
192.9142492
192.9242494
192.9342497
192.9442499
192.9542501
192.9642503
192.9742505
192.9842508
192.994251
193.0042512
193.0142514
193.0242516
193.0342519
193.0442521
193.0542523
193.0642525
193.0742527
193.084253
193.0942532
193.1042534
193.1142536
193.1242538
193.1342541
193.1442543
193.1542545
193.1642547
193.1742549
193.1842552
193.1942554
193.2042556
193.2142558
193.224256
193.2342563
193.2442565
193.2542567
193.2642569
193.2742571
193.2842574
193.2942576
193.3042578
193.314258
193.3242582
193.3342585
193.3442587
193.3542589
193.3642591
193.3742593
193.3842596
193.3942598
193.40426
193.4142602
193.4242604
193.4342607
193.4442609
193.4542611
193.4642613
193.4742615
193.4842618
193.494262
193.5042622
193.5142624
193.5242626
193.5342629
193.5442631
193.5542633
193.5642635
193.5742638
193.584264
193.5942642
193.6042644
193.6142646
193.6242649
193.6342651
193.6442653
193.6542655
193.6642657
193.674266
193.6842662
193.6942664
193.7042666
193.7142668
193.7242671
193.7342673
193.7442675
193.7542677
193.7642679
193.7742682
193.7842684
193.7942686
193.8042688
193.814269
193.8242693
193.8342695
193.8442697
193.8542699
193.8642701
193.8742704
193.8842706
193.8942708
193.904271
193.9142712
193.9242715
193.9342717
193.9442719
193.9542721
193.9642723
193.9742726
193.9842728
193.994273
194.0042732
194.0142734
194.0242737
194.0342739
194.0442741
194.0542743
194.0642745
194.0742748
194.084275
194.0942752
194.1042754
194.1142756
194.1242759
194.1342761
194.1442763
194.1542765
194.1642767
194.174277
194.1842772
194.1942774
194.2042776
194.2142778
194.2242781
194.2342783
194.2442785
194.2542787
194.2642789
194.2742792
194.2842794
194.2942796
194.3042798
194.3142801
194.3242803
194.3342805
194.3442807
194.3542809
194.3642812
194.3742814
194.3842816
194.3942818
194.404282
194.4142823
194.4242825
194.4342827
194.4442829
194.4542831
194.4642834
194.4742836
194.4842838
194.494284
194.5042842
194.5142845
194.5242847
194.5342849
194.5442851
194.5542853
194.5642856
194.5742858
194.584286
194.5942862
194.6042864
194.6142867
194.6242869
194.6342871
194.6442873
194.6542875
194.6642878
194.674288
194.6842882
194.6942884
194.7042886
194.7142889
194.7242891
194.7342893
194.7442895
194.7542897
194.76429
194.7742902
194.7842904
194.7942906
194.8042908
194.8142911
194.8242913
194.8342915
194.8442917
194.8542919
194.8642922
194.8742924
194.8842926
194.8942928
194.904293
194.9142933
194.9242935
194.9342937
194.9442939
194.9542941
194.9642944
194.9742946
194.9842948
194.994295
195.0042952
195.0142955
195.0242957
195.0342959
195.0442961
195.0542964
195.0642966
195.0742968
195.084297
195.0942972
195.1042975
195.1142977
195.1242979
195.1342981
195.1442983
195.1542986
195.1642988
195.174299
195.1842992
195.1942994
195.2042997
195.2142999
195.2243001
195.2343003
195.2443005
195.2543008
195.264301
195.2743012
195.2843014
195.2943016
195.3043019
195.3143021
195.3243023
195.3343025
195.3443027
195.354303
195.3643032
195.3743034
195.3843036
195.3943038
195.4043041
195.4143043
195.4243045
195.4343047
195.4443049
195.4543052
195.4643054
195.4743056
195.4843058
195.494306
195.5043063
195.5143065
195.5243067
195.5343069
195.5443071
195.5543074
195.5643076
195.5743078
195.584308
195.5943082
195.6043085
195.6143087
195.6243089
195.6343091
195.6443093
195.6543096
195.6643098
195.67431
195.6843102
195.6943104
195.7043107
195.7143109
195.7243111
195.7343113
195.7443115
195.7543118
195.764312
195.7743122
195.7843124
195.7943127
195.8043129
195.8143131
195.8243133
195.8343135
195.8443138
195.854314
195.8643142
195.8743144
195.8843146
195.8943149
195.9043151
195.9143153
195.9243155
195.9343157
195.944316
195.9543162
195.9643164
195.9743166
195.9843168
195.9943171
196.0043173
196.0143175
196.0243177
196.0343179
196.0443182
196.0543184
196.0643186
196.0743188
196.084319
196.0943193
196.1043195
196.1143197
196.1243199
196.1343201
196.1443204
196.1543206
196.1643208
196.174321
196.1843212
196.1943215
196.2043217
196.2143219
196.2243221
196.2343223
196.2443226
196.2543228
196.264323
196.2743232
196.2843234
196.2943237
196.3043239
196.3143241
196.3243243
196.3343245
196.3443248
196.354325
196.3643252
196.3743254
196.3843256
196.3943259
196.4043261
196.4143263
196.4243265
196.4343267
196.444327
196.4543272
196.4643274
196.4743276
196.4843278
196.4943281
196.5043283
196.5143285
196.5243287
196.5343289
196.5443292
196.5543294
196.5643296
196.5743298
196.5843301
196.5943303
196.6043305
196.6143307
196.6243309
196.6343312
196.6443314
196.6543316
196.6643318
196.674332
196.6843323
196.6943325
196.7043327
196.7143329
196.7243331
196.7343334
196.7443336
196.7543338
196.764334
196.7743342
196.7843345
196.7943347
196.8043349
196.8143351
196.8243353
196.8343356
196.8443358
196.854336
196.8643362
196.8743364
196.8843367
196.8943369
196.9043371
196.9143373
196.9243375
196.9343378
196.944338
196.9543382
196.9643384
196.9743386
196.9843389
196.9943391
197.0043393
197.0143395
197.0243397
197.03434
197.0443402
197.0543404
197.0643406
197.0743408
197.0843411
197.0943413
197.1043415
197.1143417
197.1243419
197.1343422
197.1443424
197.1543426
197.1643428
197.174343
197.1843433
197.1943435
197.2043437
197.2143439
197.2243441
197.2343444
197.2443446
197.2543448
197.264345
197.2743452
197.2843455
197.2943457
197.3043459
197.3143461
197.3243464
197.3343466
197.3443468
197.354347
197.3643472
197.3743475
197.3843477
197.3943479
197.4043481
197.4143483
197.4243486
197.4343488
197.444349
197.4543492
197.4643494
197.4743497
197.4843499
197.4943501
197.5043503
197.5143505
197.5243508
197.534351
197.5443512
197.5543514
197.5643516
197.5743519
197.5843521
197.5943523
197.6043525
197.6143527
197.624353
197.6343532
197.6443534
197.6543536
197.6643538
197.6743541
197.6843543
197.6943545
197.7043547
197.7143549
197.7243552
197.7343554
197.7443556
197.7543558
197.764356
197.7743563
197.7843565
197.7943567
197.8043569
197.8143571
197.8243574
197.8343576
197.8443578
197.854358
197.8643582
197.8743585
197.8843587
197.8943589
197.9043591
197.9143593
197.9243596
197.9343598
197.94436
197.9543602
197.9643604
197.9743607
197.9843609
197.9943611
198.0043613
198.0143615
198.0243618
198.034362
198.0443622
198.0543624
198.0643627
198.0743629
198.0843631
198.0943633
198.1043635
198.1143638
198.124364
198.1343642
198.1443644
198.1543646
198.1643649
198.1743651
198.1843653
198.1943655
198.2043657
198.214366
198.2243662
198.2343664
198.2443666
198.2543668
198.2643671
198.2743673
198.2843675
198.2943677
198.3043679
198.3143682
198.3243684
198.3343686
198.3443688
198.354369
198.3643693
198.3743695
198.3843697
198.3943699
198.4043701
198.4143704
198.4243706
198.4343708
198.444371
198.4543712
198.4643715
198.4743717
198.4843719
198.4943721
198.5043723
198.5143726
198.5243728
198.534373
198.5443732
198.5543734
198.5643737
198.5743739
198.5843741
198.5943743
198.6043745
198.6143748
198.624375
198.6343752
198.6443754
198.6543756
198.6643759
198.6743761
198.6843763
198.6943765
198.7043767
198.714377
198.7243772
198.7343774
198.7443776
198.7543778
198.7643781
198.7743783
198.7843785
198.7943787
198.804379
198.8143792
198.8243794
198.8343796
198.8443798
198.8543801
198.8643803
198.8743805
198.8843807
198.8943809
198.9043812
198.9143814
198.9243816
198.9343818
198.944382
198.9543823
198.9643825
198.9743827
198.9843829
198.9943831
199.0043834
199.0143836
199.0243838
199.034384
199.0443842
199.0543845
199.0643847
199.0743849
199.0843851
199.0943853
199.1043856
199.1143858
199.124386
199.1343862
199.1443864
199.1543867
199.1643869
199.1743871
199.1843873
199.1943875
199.2043878
199.214388
199.2243882
199.2343884
199.2443886
199.2543889
199.2643891
199.2743893
199.2843895
199.2943897
199.30439
199.3143902
199.3243904
199.3343906
199.3443908
199.3543911
199.3643913
199.3743915
199.3843917
199.3943919
199.4043922
199.4143924
199.4243926
199.4343928
199.444393
199.4543933
199.4643935
199.4743937
199.4843939
199.4943941
199.5043944
199.5143946
199.5243948
199.534395
199.5443953
199.5543955
199.5643957
199.5743959
199.5843961
199.5943964
199.6043966
199.6143968
199.624397
199.6343972
199.6443975
199.6543977
199.6643979
199.6743981
199.6843983
199.6943986
199.7043988
199.714399
199.7243992
199.7343994
199.7443997
199.7543999
199.7644001
199.7744003
199.7844005
199.7944008
199.804401
199.8144012
199.8244014
199.8344016
199.8444019
199.8544021
199.8644023
199.8744025
199.8844027
199.894403
199.9044032
199.9144034
199.9244036
199.9344038
199.9444041
199.9544043
199.9644045
199.9744047
199.9844049
199.9944052
200.0044054
200.0144056
200.0244058
200.034406
200.0444063
200.0544065
200.0644067
200.0744069
200.0844071
200.0944074
200.1044076
200.1144078
200.124408
200.1344082
200.1444085
200.1544087
200.1644089
200.1744091
200.1844093
200.1944096
200.2044098
200.21441
200.2244102
200.2344104
200.2444107
200.2544109
200.2644111
200.2744113
200.2844116
200.2944118
200.304412
200.3144122
200.3244124
200.3344127
200.3444129
200.3544131
200.3644133
200.3744135
200.3844138
200.394414
200.4044142
200.4144144
200.4244146
200.4344149
200.4444151
200.4544153
200.4644155
200.4744157
200.484416
200.4944162
200.5044164
200.5144166
200.5244168
200.5344171
200.5444173
200.5544175
200.5644177
200.5744179
200.5844182
200.5944184
200.6044186
200.6144188
200.624419
200.6344193
200.6444195
200.6544197
200.6644199
200.6744201
200.6844204
200.6944206
200.7044208
200.714421
200.7244212
200.7344215
200.7444217
200.7544219
200.7644221
200.7744223
200.7844226
200.7944228
200.804423
200.8144232
200.8244234
200.8344237
200.8444239
200.8544241
200.8644243
200.8744245
200.8844248
200.894425
200.9044252
200.9144254
200.9244256
200.9344259
200.9444261
200.9544263
200.9644265
200.9744267
200.984427
200.9944272
201.0044274
201.0144276
201.0244279
201.0344281
201.0444283
201.0544285
201.0644287
201.074429
201.0844292
201.0944294
201.1044296
201.1144298
201.1244301
201.1344303
201.1444305
201.1544307
201.1644309
201.1744312
201.1844314
201.1944316
201.2044318
201.214432
201.2244323
201.2344325
201.2444327
201.2544329
201.2644331
201.2744334
201.2844336
201.2944338
201.304434
201.3144342
201.3244345
201.3344347
201.3444349
201.3544351
201.3644353
201.3744356
201.3844358
201.394436
201.4044362
201.4144364
201.4244367
201.4344369
201.4444371
201.4544373
201.4644375
201.4744378
201.484438
201.4944382
201.5044384
201.5144386
201.5244389
201.5344391
201.5444393
201.5544395
201.5644397
201.57444
201.5844402
201.5944404
201.6044406
201.6144408
201.6244411
201.6344413
201.6444415
201.6544417
201.6644419
201.6744422
201.6844424
201.6944426
201.7044428
201.714443
201.7244433
201.7344435
201.7444437
201.7544439
201.7644442
201.7744444
201.7844446
201.7944448
201.804445
201.8144453
201.8244455
201.8344457
201.8444459
201.8544461
201.8644464
201.8744466
201.8844468
201.894447
201.9044472
201.9144475
201.9244477
201.9344479
201.9444481
201.9544483
201.9644486
201.9744488
201.984449
201.9944492
202.0044494
202.0144497
202.0244499
202.0344501
202.0444503
202.0544505
202.0644508
202.074451
202.0844512
202.0944514
202.1044516
202.1144519
202.1244521
202.1344523
202.1444525
202.1544527
202.164453
202.1744532
202.1844534
202.1944536
202.2044538
202.2144541
202.2244543
202.2344545
202.2444547
202.2544549
202.2644552
202.2744554
202.2844556
202.2944558
202.304456
202.3144563
202.3244565
202.3344567
202.3444569
202.3544571
202.3644574
202.3744576
202.3844578
202.394458
202.4044582
202.4144585
202.4244587
202.4344589
202.4444591
202.4544593
202.4644596
202.4744598
202.48446
202.4944602
202.5044605
202.5144607
202.5244609
202.5344611
202.5444613
202.5544616
202.5644618
202.574462
202.5844622
202.5944624
202.6044627
202.6144629
202.6244631
202.6344633
202.6444635
202.6544638
202.664464
202.6744642
202.6844644
202.6944646
202.7044649
202.7144651
202.7244653
202.7344655
202.7444657
202.754466
202.7644662
202.7744664
202.7844666
202.7944668
202.8044671
202.8144673
202.8244675
202.8344677
202.8444679
202.8544682
202.8644684
202.8744686
202.8844688
202.894469
202.9044693
202.9144695
202.9244697
202.9344699
202.9444701
202.9544704
202.9644706
202.9744708
202.984471
202.9944712
203.0044715
203.0144717
203.0244719
203.0344721
203.0444723
203.0544726
203.0644728
203.074473
203.0844732
203.0944734
203.1044737
203.1144739
203.1244741
203.1344743
203.1444745
203.1544748
203.164475
203.1744752
203.1844754
203.1944756
203.2044759
203.2144761
203.2244763
203.2344765
203.2444768
203.254477
203.2644772
203.2744774
203.2844776
203.2944779
203.3044781
203.3144783
203.3244785
203.3344787
203.344479
203.3544792
203.3644794
203.3744796
203.3844798
203.3944801
203.4044803
203.4144805
203.4244807
203.4344809
203.4444812
203.4544814
203.4644816
203.4744818
203.484482
203.4944823
203.5044825
203.5144827
203.5244829
203.5344831
203.5444834
203.5544836
203.5644838
203.574484
203.5844842
203.5944845
203.6044847
203.6144849
203.6244851
203.6344853
203.6444856
203.6544858
203.664486
203.6744862
203.6844864
203.6944867
203.7044869
203.7144871
203.7244873
203.7344875
203.7444878
203.754488
203.7644882
203.7744884
203.7844886
203.7944889
203.8044891
203.8144893
203.8244895
203.8344897
203.84449
203.8544902
203.8644904
203.8744906
203.8844908
203.8944911
203.9044913
203.9144915
203.9244917
203.9344919
203.9444922
203.9544924
203.9644926
203.9744928
203.9844931
203.9944933
204.0044935
204.0144937
204.0244939
204.0344942
204.0444944
204.0544946
204.0644948
204.074495
204.0844953
204.0944955
204.1044957
204.1144959
204.1244961
204.1344964
204.1444966
204.1544968
204.164497
204.1744972
204.1844975
204.1944977
204.2044979
204.2144981
204.2244983
204.2344986
204.2444988
204.254499
204.2644992
204.2744994
204.2844997
204.2944999
204.3045001
204.3145003
204.3245005
204.3345008
204.344501
204.3545012
204.3645014
204.3745016
204.3845019
204.3945021
204.4045023
204.4145025
204.4245027
204.434503
204.4445032
204.4545034
204.4645036
204.4745038
204.4845041
204.4945043
204.5045045
204.5145047
204.5245049
204.5345052
204.5445054
204.5545056
204.5645058
204.574506
204.5845063
204.5945065
204.6045067
204.6145069
204.6245071
204.6345074
204.6445076
204.6545078
204.664508
204.6745082
204.6845085
204.6945087
204.7045089
204.7145091
204.7245094
204.7345096
204.7445098
204.75451
204.7645102
204.7745105
204.7845107
204.7945109
204.8045111
204.8145113
204.8245116
204.8345118
204.844512
204.8545122
204.8645124
204.8745127
204.8845129
204.8945131
204.9045133
204.9145135
204.9245138
204.934514
204.9445142
204.9545144
204.9645146
204.9745149
204.9845151
204.9945153
205.0045155
205.0145157
205.024516
205.0345162
205.0445164
205.0545166
205.0645168
205.0745171
205.0845173
205.0945175
205.1045177
205.1145179
205.1245182
205.1345184
205.1445186
205.1545188
205.164519
205.1745193
205.1845195
205.1945197
205.2045199
205.2145201
205.2245204
205.2345206
205.2445208
205.254521
205.2645212
205.2745215
205.2845217
205.2945219
205.3045221
205.3145223
205.3245226
205.3345228
205.344523
205.3545232
205.3645234
205.3745237
205.3845239
205.3945241
205.4045243
205.4145245
205.4245248
205.434525
205.4445252
205.4545254
205.4645257
205.4745259
205.4845261
205.4945263
205.5045265
205.5145268
205.524527
205.5345272
205.5445274
205.5545276
205.5645279
205.5745281
205.5845283
205.5945285
205.6045287
205.614529
205.6245292
205.6345294
205.6445296
205.6545298
205.6645301
205.6745303
205.6845305
205.6945307
205.7045309
205.7145312
205.7245314
205.7345316
205.7445318
205.754532
205.7645323
205.7745325
205.7845327
205.7945329
205.8045331
205.8145334
205.8245336
205.8345338
205.844534
205.8545342
205.8645345
205.8745347
205.8845349
205.8945351
205.9045353
205.9145356
205.9245358
205.934536
205.9445362
205.9545364
205.9645367
205.9745369
205.9845371
205.9945373
206.0045375
206.0145378
206.024538
206.0345382
206.0445384
206.0545386
206.0645389
206.0745391
206.0845393
206.0945395
206.1045397
206.11454
206.1245402
206.1345404
206.1445406
206.1545408
206.1645411
206.1745413
206.1845415
206.1945417
206.204542
206.2145422
206.2245424
206.2345426
206.2445428
206.2545431
206.2645433
206.2745435
206.2845437
206.2945439
206.3045442
206.3145444
206.3245446
206.3345448
206.344545
206.3545453
206.3645455
206.3745457
206.3845459
206.3945461
206.4045464
206.4145466
206.4245468
206.434547
206.4445472
206.4545475
206.4645477
206.4745479
206.4845481
206.4945483
206.5045486
206.5145488
206.524549
206.5345492
206.5445494
206.5545497
206.5645499
206.5745501
206.5845503
206.5945505
206.6045508
206.614551
206.6245512
206.6345514
206.6445516
206.6545519
206.6645521
206.6745523
206.6845525
206.6945527
206.704553
206.7145532
206.7245534
206.7345536
206.7445538
206.7545541
206.7645543
206.7745545
206.7845547
206.7945549
206.8045552
206.8145554
206.8245556
206.8345558
206.844556
206.8545563
206.8645565
206.8745567
206.8845569
206.8945571
206.9045574
206.9145576
206.9245578
206.934558
206.9445583
206.9545585
206.9645587
206.9745589
206.9845591
206.9945594
207.0045596
207.0145598
207.02456
207.0345602
207.0445605
207.0545607
207.0645609
207.0745611
207.0845613
207.0945616
207.1045618
207.114562
207.1245622
207.1345624
207.1445627
207.1545629
207.1645631
207.1745633
207.1845635
207.1945638
207.204564
207.2145642
207.2245644
207.2345646
207.2445649
207.2545651
207.2645653
207.2745655
207.2845657
207.294566
207.3045662
207.3145664
207.3245666
207.3345668
207.3445671
207.3545673
207.3645675
207.3745677
207.3845679
207.3945682
207.4045684
207.4145686
207.4245688
207.434569
207.4445693
207.4545695
207.4645697
207.4745699
207.4845701
207.4945704
207.5045706
207.5145708
207.524571
207.5345712
207.5445715
207.5545717
207.5645719
207.5745721
207.5845723
207.5945726
207.6045728
207.614573
207.6245732
207.6345734
207.6445737
207.6545739
207.6645741
207.6745743
207.6845746
207.6945748
207.704575
207.7145752
207.7245754
207.7345757
207.7445759
207.7545761
207.7645763
207.7745765
207.7845768
207.794577
207.8045772
207.8145774
207.8245776
207.8345779
207.8445781
207.8545783
207.8645785
207.8745787
207.884579
207.8945792
207.9045794
207.9145796
207.9245798
207.9345801
207.9445803
207.9545805
207.9645807
207.9745809
207.9845812
207.9945814
208.0045816
208.0145818
208.024582
208.0345823
208.0445825
208.0545827
208.0645829
208.0745831
208.0845834
208.0945836
208.1045838
208.114584
208.1245842
208.1345845
208.1445847
208.1545849
208.1645851
208.1745853
208.1845856
208.1945858
208.204586
208.2145862
208.2245864
208.2345867
208.2445869
208.2545871
208.2645873
208.2745875
208.2845878
208.294588
208.3045882
208.3145884
208.3245886
208.3345889
208.3445891
208.3545893
208.3645895
208.3745897
208.38459
208.3945902
208.4045904
208.4145906
208.4245909
208.4345911
208.4445913
208.4545915
208.4645917
208.474592
208.4845922
208.4945924
208.5045926
208.5145928
208.5245931
208.5345933
208.5445935
208.5545937
208.5645939
208.5745942
208.5845944
208.5945946
208.6045948
208.614595
208.6245953
208.6345955
208.6445957
208.6545959
208.6645961
208.6745964
208.6845966
208.6945968
208.704597
208.7145972
208.7245975
208.7345977
208.7445979
208.7545981
208.7645983
208.7745986
208.7845988
208.794599
208.8045992
208.8145994
208.8245997
208.8345999
208.8446001
208.8546003
208.8646005
208.8746008
208.884601
208.8946012
208.9046014
208.9146016
208.9246019
208.9346021
208.9446023
208.9546025
208.9646027
208.974603
208.9846032
208.9946034
209.0046036
209.0146038
209.0246041
209.0346043
209.0446045
209.0546047
209.0646049
209.0746052
209.0846054
209.0946056
209.1046058
209.114606
209.1246063
209.1346065
209.1446067
209.1546069
209.1646071
209.1746074
209.1846076
209.1946078
209.204608
209.2146083
209.2246085
209.2346087
209.2446089
209.2546091
209.2646094
209.2746096
209.2846098
209.29461
209.3046102
209.3146105
209.3246107
209.3346109
209.3446111
209.3546113
209.3646116
209.3746118
209.384612
209.3946122
209.4046124
209.4146127
209.4246129
209.4346131
209.4446133
209.4546135
209.4646138
209.474614
209.4846142
209.4946144
209.5046146
209.5146149
209.5246151
209.5346153
209.5446155
209.5546157
209.564616
209.5746162
209.5846164
209.5946166
209.6046168
209.6146171
209.6246173
209.6346175
209.6446177
209.6546179
209.6646182
209.6746184
209.6846186
209.6946188
209.704619
209.7146193
209.7246195
209.7346197
209.7446199
209.7546201
209.7646204
209.7746206
209.7846208
209.794621
209.8046212
209.8146215
209.8246217
209.8346219
209.8446221
209.8546223
209.8646226
209.8746228
209.884623
209.8946232
209.9046234
209.9146237
209.9246239
209.9346241
209.9446243
209.9546246
209.9646248
209.974625
209.9846252
209.9946254
210.0046257
210.0146259
210.0246261
210.0346263
210.0446265
210.0546268
210.064627
210.0746272
210.0846274
210.0946276
210.1046279
210.1146281
210.1246283
210.1346285
210.1446287
210.154629
210.1646292
210.1746294
210.1846296
210.1946298
210.2046301
210.2146303
210.2246305
210.2346307
210.2446309
210.2546312
210.2646314
210.2746316
210.2846318
210.294632
210.3046323
210.3146325
210.3246327
210.3346329
210.3446331
210.3546334
210.3646336
210.3746338
210.384634
210.3946342
210.4046345
210.4146347
210.4246349
210.4346351
210.4446353
210.4546356
210.4646358
210.474636
210.4846362
210.4946364
210.5046367
210.5146369
210.5246371
210.5346373
210.5446375
210.5546378
210.564638
210.5746382
210.5846384
210.5946386
210.6046389
210.6146391
210.6246393
210.6346395
210.6446397
210.65464
210.6646402
210.6746404
210.6846406
210.6946409
210.7046411
210.7146413
210.7246415
210.7346417
210.744642
210.7546422
210.7646424
210.7746426
210.7846428
210.7946431
210.8046433
210.8146435
210.8246437
210.8346439
210.8446442
210.8546444
210.8646446
210.8746448
210.884645
210.8946453
210.9046455
210.9146457
210.9246459
210.9346461
210.9446464
210.9546466
210.9646468
210.974647
210.9846472
210.9946475
211.0046477
211.0146479
211.0246481
211.0346483
211.0446486
211.0546488
211.064649
211.0746492
211.0846494
211.0946497
211.1046499
211.1146501
211.1246503
211.1346505
211.1446508
211.154651
211.1646512
211.1746514
211.1846516
211.1946519
211.2046521
211.2146523
211.2246525
211.2346527
211.244653
211.2546532
211.2646534
211.2746536
211.2846538
211.2946541
211.3046543
211.3146545
211.3246547
211.3346549
211.3446552
211.3546554
211.3646556
211.3746558
211.384656
211.3946563
211.4046565
211.4146567
211.4246569
211.4346572
211.4446574
211.4546576
211.4646578
211.474658
211.4846583
211.4946585
211.5046587
211.5146589
211.5246591
211.5346594
211.5446596
211.5546598
211.56466
211.5746602
211.5846605
211.5946607
211.6046609
211.6146611
211.6246613
211.6346616
211.6446618
211.654662
211.6646622
211.6746624
211.6846627
211.6946629
211.7046631
211.7146633
211.7246635
211.7346638
211.744664
211.7546642
211.7646644
211.7746646
211.7846649
211.7946651
211.8046653
211.8146655
211.8246657
211.834666
211.8446662
211.8546664
211.8646666
211.8746668
211.8846671
211.8946673
211.9046675
211.9146677
211.9246679
211.9346682
211.9446684
211.9546686
211.9646688
211.974669
211.9846693
211.9946695
212.0046697
212.0146699
212.0246701
212.0346704
212.0446706
212.0546708
212.064671
212.0746712
212.0846715
212.0946717
212.1046719
212.1146721
212.1246723
212.1346726
212.1446728
212.154673
212.1646732
212.1746735
212.1846737
212.1946739
212.2046741
212.2146743
212.2246746
212.2346748
212.244675
212.2546752
212.2646754
212.2746757
212.2846759
212.2946761
212.3046763
212.3146765
212.3246768
212.334677
212.3446772
212.3546774
212.3646776
212.3746779
212.3846781
212.3946783
212.4046785
212.4146787
212.424679
212.4346792
212.4446794
212.4546796
212.4646798
212.4746801
212.4846803
212.4946805
212.5046807
212.5146809
212.5246812
212.5346814
212.5446816
212.5546818
212.564682
212.5746823
212.5846825
212.5946827
212.6046829
212.6146831
212.6246834
212.6346836
212.6446838
212.654684
212.6646842
212.6746845
212.6846847
212.6946849
212.7046851
212.7146853
212.7246856
212.7346858
212.744686
212.7546862
212.7646864
212.7746867
212.7846869
212.7946871
212.8046873
212.8146875
212.8246878
212.834688
212.8446882
212.8546884
212.8646886
212.8746889
212.8846891
212.8946893
212.9046895
212.9146898
212.92469
212.9346902
212.9446904
212.9546906
212.9646909
212.9746911
212.9846913
212.9946915
213.0046917
213.014692
213.0246922
213.0346924
213.0446926
213.0546928
213.0646931
213.0746933
213.0846935
213.0946937
213.1046939
213.1146942
213.1246944
213.1346946
213.1446948
213.154695
213.1646953
213.1746955
213.1846957
213.1946959
213.2046961
213.2146964
213.2246966
213.2346968
213.244697
213.2546972
213.2646975
213.2746977
213.2846979
213.2946981
213.3046983
213.3146986
213.3246988
213.334699
213.3446992
213.3546994
213.3646997
213.3746999
213.3847001
213.3947003
213.4047005
213.4147008
213.424701
213.4347012
213.4447014
213.4547016
213.4647019
213.4747021
213.4847023
213.4947025
213.5047027
213.514703
213.5247032
213.5347034
213.5447036
213.5547038
213.5647041
213.5747043
213.5847045
213.5947047
213.6047049
213.6147052
213.6247054
213.6347056
213.6447058
213.6547061
213.6647063
213.6747065
213.6847067
213.6947069
213.7047072
213.7147074
213.7247076
213.7347078
213.744708
213.7547083
213.7647085
213.7747087
213.7847089
213.7947091
213.8047094
213.8147096
213.8247098
213.83471
213.8447102
213.8547105
213.8647107
213.8747109
213.8847111
213.8947113
213.9047116
213.9147118
213.924712
213.9347122
213.9447124
213.9547127
213.9647129
213.9747131
213.9847133
213.9947135
214.0047138
214.014714
214.0247142
214.0347144
214.0447146
214.0547149
214.0647151
214.0747153
214.0847155
214.0947157
214.104716
214.1147162
214.1247164
214.1347166
214.1447168
214.1547171
214.1647173
214.1747175
214.1847177
214.1947179
214.2047182
214.2147184
214.2247186
214.2347188
214.244719
214.2547193
214.2647195
214.2747197
214.2847199
214.2947201
214.3047204
214.3147206
214.3247208
214.334721
214.3447212
214.3547215
214.3647217
214.3747219
214.3847221
214.3947224
214.4047226
214.4147228
214.424723
214.4347232
214.4447235
214.4547237
214.4647239
214.4747241
214.4847243
214.4947246
214.5047248
214.514725
214.5247252
214.5347254
214.5447257
214.5547259
214.5647261
214.5747263
214.5847265
214.5947268
214.604727
214.6147272
214.6247274
214.6347276
214.6447279
214.6547281
214.6647283
214.6747285
214.6847287
214.694729
214.7047292
214.7147294
214.7247296
214.7347298
214.7447301
214.7547303
214.7647305
214.7747307
214.7847309
214.7947312
214.8047314
214.8147316
214.8247318
214.834732
214.8447323
214.8547325
214.8647327
214.8747329
214.8847331
214.8947334
214.9047336
214.9147338
214.924734
214.9347342
214.9447345
214.9547347
214.9647349
214.9747351
214.9847353
214.9947356
215.0047358
215.014736
215.0247362
215.0347364
215.0447367
215.0547369
215.0647371
215.0747373
215.0847375
215.0947378
215.104738
215.1147382
215.1247384
215.1347387
215.1447389
215.1547391
215.1647393
215.1747395
215.1847398
215.19474
215.2047402
215.2147404
215.2247406
215.2347409
215.2447411
215.2547413
215.2647415
215.2747417
215.284742
215.2947422
215.3047424
215.3147426
215.3247428
215.3347431
215.3447433
215.3547435
215.3647437
215.3747439
215.3847442
215.3947444
215.4047446
215.4147448
215.424745
215.4347453
215.4447455
215.4547457
215.4647459
215.4747461
215.4847464
215.4947466
215.5047468
215.514747
215.5247472
215.5347475
215.5447477
215.5547479
215.5647481
215.5747483
215.5847486
215.5947488
215.604749
215.6147492
215.6247494
215.6347497
215.6447499
215.6547501
215.6647503
215.6747505
215.6847508
215.694751
215.7047512
215.7147514
215.7247516
215.7347519
215.7447521
215.7547523
215.7647525
215.7747527
215.784753
215.7947532
215.8047534
215.8147536
215.8247538
215.8347541
215.8447543
215.8547545
215.8647547
215.874755
215.8847552
215.8947554
215.9047556
215.9147558
215.9247561
215.9347563
215.9447565
215.9547567
215.9647569
215.9747572
215.9847574
215.9947576
216.0047578
216.014758
216.0247583
216.0347585
216.0447587
216.0547589
216.0647591
216.0747594
216.0847596
216.0947598
216.10476
216.1147602
216.1247605
216.1347607
216.1447609
216.1547611
216.1647613
216.1747616
216.1847618
216.194762
216.2047622
216.2147624
216.2247627
216.2347629
216.2447631
216.2547633
216.2647635
216.2747638
216.284764
216.2947642
216.3047644
216.3147646
216.3247649
216.3347651
216.3447653
216.3547655
216.3647657
216.374766
216.3847662
216.3947664
216.4047666
216.4147668
216.4247671
216.4347673
216.4447675
216.4547677
216.4647679
216.4747682
216.4847684
216.4947686
216.5047688
216.514769
216.5247693
216.5347695
216.5447697
216.5547699
216.5647701
216.5747704
216.5847706
216.5947708
216.604771
216.6147713
216.6247715
216.6347717
216.6447719
216.6547721
216.6647724
216.6747726
216.6847728
216.694773
216.7047732
216.7147735
216.7247737
216.7347739
216.7447741
216.7547743
216.7647746
216.7747748
216.784775
216.7947752
216.8047754
216.8147757
216.8247759
216.8347761
216.8447763
216.8547765
216.8647768
216.874777
216.8847772
216.8947774
216.9047776
216.9147779
216.9247781
216.9347783
216.9447785
216.9547787
216.964779
216.9747792
216.9847794
216.9947796
217.0047798
217.0147801
217.0247803
217.0347805
217.0447807
217.0547809
217.0647812
217.0747814
217.0847816
217.0947818
217.104782
217.1147823
217.1247825
217.1347827
217.1447829
217.1547831
217.1647834
217.1747836
217.1847838
217.194784
217.2047842
217.2147845
217.2247847
217.2347849
217.2447851
217.2547853
217.2647856
217.2747858
217.284786
217.2947862
217.3047864
217.3147867
217.3247869
217.3347871
217.3447873
217.3547876
217.3647878
217.374788
217.3847882
217.3947884
217.4047887
217.4147889
217.4247891
217.4347893
217.4447895
217.4547898
217.46479
217.4747902
217.4847904
217.4947906
217.5047909
217.5147911
217.5247913
217.5347915
217.5447917
217.554792
217.5647922
217.5747924
217.5847926
217.5947928
217.6047931
217.6147933
217.6247935
217.6347937
217.6447939
217.6547942
217.6647944
217.6747946
217.6847948
217.694795
217.7047953
217.7147955
217.7247957
217.7347959
217.7447961
217.7547964
217.7647966
217.7747968
217.784797
217.7947972
217.8047975
217.8147977
217.8247979
217.8347981
217.8447983
217.8547986
217.8647988
217.874799
217.8847992
217.8947994
217.9047997
217.9147999
217.9248001
217.9348003
217.9448005
217.9548008
217.964801
217.9748012
217.9848014
217.9948016
218.0048019
218.0148021
218.0248023
218.0348025
218.0448027
218.054803
218.0648032
218.0748034
218.0848036
218.0948039
218.1048041
218.1148043
218.1248045
218.1348047
218.144805
218.1548052
218.1648054
218.1748056
218.1848058
218.1948061
218.2048063
218.2148065
218.2248067
218.2348069
218.2448072
218.2548074
218.2648076
218.2748078
218.284808
218.2948083
218.3048085
218.3148087
218.3248089
218.3348091
218.3448094
218.3548096
218.3648098
218.37481
218.3848102
218.3948105
218.4048107
218.4148109
218.4248111
218.4348113
218.4448116
218.4548118
218.464812
218.4748122
218.4848124
218.4948127
218.5048129
218.5148131
218.5248133
218.5348135
218.5448138
218.554814
218.5648142
218.5748144
218.5848146
218.5948149
218.6048151
218.6148153
218.6248155
218.6348157
218.644816
218.6548162
218.6648164
218.6748166
218.6848168
218.6948171
218.7048173
218.7148175
218.7248177
218.7348179
218.7448182
218.7548184
218.7648186
218.7748188
218.784819
218.7948193
218.8048195
218.8148197
218.8248199
218.8348202
218.8448204
218.8548206
218.8648208
218.874821
218.8848213
218.8948215
218.9048217
218.9148219
218.9248221
218.9348224
218.9448226
218.9548228
218.964823
218.9748232
218.9848235
218.9948237
219.0048239
219.0148241
219.0248243
219.0348246
219.0448248
219.054825
219.0648252
219.0748254
219.0848257
219.0948259
219.1048261
219.1148263
219.1248265
219.1348268
219.144827
219.1548272
219.1648274
219.1748276
219.1848279
219.1948281
219.2048283
219.2148285
219.2248287
219.234829
219.2448292
219.2548294
219.2648296
219.2748298
219.2848301
219.2948303
219.3048305
219.3148307
219.3248309
219.3348312
219.3448314
219.3548316
219.3648318
219.374832
219.3848323
219.3948325
219.4048327
219.4148329
219.4248331
219.4348334
219.4448336
219.4548338
219.464834
219.4748342
219.4848345
219.4948347
219.5048349
219.5148351
219.5248353
219.5348356
219.5448358
219.554836
219.5648362
219.5748365
219.5848367
219.5948369
219.6048371
219.6148373
219.6248376
219.6348378
219.644838
219.6548382
219.6648384
219.6748387
219.6848389
219.6948391
219.7048393
219.7148395
219.7248398
219.73484
219.7448402
219.7548404
219.7648406
219.7748409
219.7848411
219.7948413
219.8048415
219.8148417
219.824842
219.8348422
219.8448424
219.8548426
219.8648428
219.8748431
219.8848433
219.8948435
219.9048437
219.9148439
219.9248442
219.9348444
219.9448446
219.9548448
219.964845
219.9748453
219.9848455
219.9948457
220.0048459
220.0148461
220.0248464
220.0348466
220.0448468
220.054847
220.0648472
220.0748475
220.0848477
220.0948479
220.1048481
220.1148483
220.1248486
220.1348488
220.144849
220.1548492
220.1648494
220.1748497
220.1848499
220.1948501
220.2048503
220.2148505
220.2248508
220.234851
220.2448512
220.2548514
220.2648516
220.2748519
220.2848521
220.2948523
220.3048525
220.3148528
220.324853
220.3348532
220.3448534
220.3548536
220.3648539
220.3748541
220.3848543
220.3948545
220.4048547
220.414855
220.4248552
220.4348554
220.4448556
220.4548558
220.4648561
220.4748563
220.4848565
220.4948567
220.5048569
220.5148572
220.5248574
220.5348576
220.5448578
220.554858
220.5648583
220.5748585
220.5848587
220.5948589
220.6048591
220.6148594
220.6248596
220.6348598
220.64486
220.6548602
220.6648605
220.6748607
220.6848609
220.6948611
220.7048613
220.7148616
220.7248618
220.734862
220.7448622
220.7548624
220.7648627
220.7748629
220.7848631
220.7948633
220.8048635
220.8148638
220.824864
220.8348642
220.8448644
220.8548646
220.8648649
220.8748651
220.8848653
220.8948655
220.9048657
220.914866
220.9248662
220.9348664
220.9448666
220.9548668
220.9648671
220.9748673
220.9848675
220.9948677
221.0048679
221.0148682
221.0248684
221.0348686
221.0448688
221.054869
221.0648693
221.0748695
221.0848697
221.0948699
221.1048702
221.1148704
221.1248706
221.1348708
221.144871
221.1548713
221.1648715
221.1748717
221.1848719
221.1948721
221.2048724
221.2148726
221.2248728
221.234873
221.2448732
221.2548735
221.2648737
221.2748739
221.2848741
221.2948743
221.3048746
221.3148748
221.324875
221.3348752
221.3448754
221.3548757
221.3648759
221.3748761
221.3848763
221.3948765
221.4048768
221.414877
221.4248772
221.4348774
221.4448776
221.4548779
221.4648781
221.4748783
221.4848785
221.4948787
221.504879
221.5148792
221.5248794
221.5348796
221.5448798
221.5548801
221.5648803
221.5748805
221.5848807
221.5948809
221.6048812
221.6148814
221.6248816
221.6348818
221.644882
221.6548823
221.6648825
221.6748827
221.6848829
221.6948831
221.7048834
221.7148836
221.7248838
221.734884
221.7448842
221.7548845
221.7648847
221.7748849
221.7848851
221.7948853
221.8048856
221.8148858
221.824886
221.8348862
221.8448865
221.8548867
221.8648869
221.8748871
221.8848873
221.8948876
221.9048878
221.914888
221.9248882
221.9348884
221.9448887
221.9548889
221.9648891
221.9748893
221.9848895
221.9948898
222.00489
222.0148902
222.0248904
222.0348906
222.0448909
222.0548911
222.0648913
222.0748915
222.0848917
222.094892
222.1048922
222.1148924
222.1248926
222.1348928
222.1448931
222.1548933
222.1648935
222.1748937
222.1848939
222.1948942
222.2048944
222.2148946
222.2248948
222.234895
222.2448953
222.2548955
222.2648957
222.2748959
222.2848961
222.2948964
222.3048966
222.3148968
222.324897
222.3348972
222.3448975
222.3548977
222.3648979
222.3748981
222.3848983
222.3948986
222.4048988
222.414899
222.4248992
222.4348994
222.4448997
222.4548999
222.4649001
222.4749003
222.4849005
222.4949008
222.504901
222.5149012
222.5249014
222.5349016
222.5449019
222.5549021
222.5649023
222.5749025
222.5849028
222.594903
222.6049032
222.6149034
222.6249036
222.6349039
222.6449041
222.6549043
222.6649045
222.6749047
222.684905
222.6949052
222.7049054
222.7149056
222.7249058
222.7349061
222.7449063
222.7549065
222.7649067
222.7749069
222.7849072
222.7949074
222.8049076
222.8149078
222.824908
222.8349083
222.8449085
222.8549087
222.8649089
222.8749091
222.8849094
222.8949096
222.9049098
222.91491
222.9249102
222.9349105
222.9449107
222.9549109
222.9649111
222.9749113
222.9849116
222.9949118
223.004912
223.0149122
223.0249124
223.0349127
223.0449129
223.0549131
223.0649133
223.0749135
223.0849138
223.094914
223.1049142
223.1149144
223.1249146
223.1349149
223.1449151
223.1549153
223.1649155
223.1749157
223.184916
223.1949162
223.2049164
223.2149166
223.2249168
223.2349171
223.2449173
223.2549175
223.2649177
223.2749179
223.2849182
223.2949184
223.3049186
223.3149188
223.3249191
223.3349193
223.3449195
223.3549197
223.3649199
223.3749202
223.3849204
223.3949206
223.4049208
223.414921
223.4249213
223.4349215
223.4449217
223.4549219
223.4649221
223.4749224
223.4849226
223.4949228
223.504923
223.5149232
223.5249235
223.5349237
223.5449239
223.5549241
223.5649243
223.5749246
223.5849248
223.594925
223.6049252
223.6149254
223.6249257
223.6349259
223.6449261
223.6549263
223.6649265
223.6749268
223.684927
223.6949272
223.7049274
223.7149276
223.7249279
223.7349281
223.7449283
223.7549285
223.7649287
223.774929
223.7849292
223.7949294
223.8049296
223.8149298
223.8249301
223.8349303
223.8449305
223.8549307
223.8649309
223.8749312
223.8849314
223.8949316
223.9049318
223.914932
223.9249323
223.9349325
223.9449327
223.9549329
223.9649331
223.9749334
223.9849336
223.9949338
224.004934
224.0149342
224.0249345
224.0349347
224.0449349
224.0549351
224.0649354
224.0749356
224.0849358
224.094936
224.1049362
224.1149365
224.1249367
224.1349369
224.1449371
224.1549373
224.1649376
224.1749378
224.184938
224.1949382
224.2049384
224.2149387
224.2249389
224.2349391
224.2449393
224.2549395
224.2649398
224.27494
224.2849402
224.2949404
224.3049406
224.3149409
224.3249411
224.3349413
224.3449415
224.3549417
224.364942
224.3749422
224.3849424
224.3949426
224.4049428
224.4149431
224.4249433
224.4349435
224.4449437
224.4549439
224.4649442
224.4749444
224.4849446
224.4949448
224.504945
224.5149453
224.5249455
224.5349457
224.5449459
224.5549461
224.5649464
224.5749466
224.5849468
224.594947
224.6049472
224.6149475
224.6249477
224.6349479
224.6449481
224.6549483
224.6649486
224.6749488
224.684949
224.6949492
224.7049494
224.7149497
224.7249499
224.7349501
224.7449503
224.7549505
224.7649508
224.774951
224.7849512
224.7949514
224.8049517
224.8149519
224.8249521
224.8349523
224.8449525
224.8549528
224.864953
224.8749532
224.8849534
224.8949536
224.9049539
224.9149541
224.9249543
224.9349545
224.9449547
224.954955
224.9649552
224.9749554
224.9849556
224.9949558
225.0049561
225.0149563
225.0249565
225.0349567
225.0449569
225.0549572
225.0649574
225.0749576
225.0849578
225.094958
225.1049583
225.1149585
225.1249587
225.1349589
225.1449591
225.1549594
225.1649596
225.1749598
225.18496
225.1949602
225.2049605
225.2149607
225.2249609
225.2349611
225.2449613
225.2549616
225.2649618
225.274962
225.2849622
225.2949624
225.3049627
225.3149629
225.3249631
225.3349633
225.3449635
225.3549638
225.364964
225.3749642
225.3849644
225.3949646
225.4049649
225.4149651
225.4249653
225.4349655
225.4449657
225.454966
225.4649662
225.4749664
225.4849666
225.4949668
225.5049671
225.5149673
225.5249675
225.5349677
225.544968
225.5549682
225.5649684
225.5749686
225.5849688
225.5949691
225.6049693
225.6149695
225.6249697
225.6349699
225.6449702
225.6549704
225.6649706
225.6749708
225.684971
225.6949713
225.7049715
225.7149717
225.7249719
225.7349721
225.7449724
225.7549726
225.7649728
225.774973
225.7849732
225.7949735
225.8049737
225.8149739
225.8249741
225.8349743
225.8449746
225.8549748
225.864975
225.8749752
225.8849754
225.8949757
225.9049759
225.9149761
225.9249763
225.9349765
225.9449768
225.954977
225.9649772
225.9749774
225.9849776
225.9949779
226.0049781
226.0149783
226.0249785
226.0349787
226.044979
226.0549792
226.0649794
226.0749796
226.0849798
226.0949801
226.1049803
226.1149805
226.1249807
226.1349809
226.1449812
226.1549814
226.1649816
226.1749818
226.184982
226.1949823
226.2049825
226.2149827
226.2249829
226.2349831
226.2449834
226.2549836
226.2649838
226.274984
226.2849843
226.2949845
226.3049847
226.3149849
226.3249851
226.3349854
226.3449856
226.3549858
226.364986
226.3749862
226.3849865
226.3949867
226.4049869
226.4149871
226.4249873
226.4349876
226.4449878
226.454988
226.4649882
226.4749884
226.4849887
226.4949889
226.5049891
226.5149893
226.5249895
226.5349898
226.54499
226.5549902
226.5649904
226.5749906
226.5849909
226.5949911
226.6049913
226.6149915
226.6249917
226.634992
226.6449922
226.6549924
226.6649926
226.6749928
226.6849931
226.6949933
226.7049935
226.7149937
226.7249939
226.7349942
226.7449944
226.7549946
226.7649948
226.774995
226.7849953
226.7949955
226.8049957
226.8149959
226.8249961
226.8349964
226.8449966
226.8549968
226.864997
226.8749972
226.8849975
226.8949977
226.9049979
226.9149981
226.9249983
226.9349986
226.9449988
226.954999
226.9649992
226.9749994
226.9849997
226.9949999
227.0050001
227.0150003
227.0250006
227.0350008
227.045001
227.0550012
227.0650014
227.0750017
227.0850019
227.0950021
227.1050023
227.1150025
227.1250028
227.135003
227.1450032
227.1550034
227.1650036
227.1750039
227.1850041
227.1950043
227.2050045
227.2150047
227.225005
227.2350052
227.2450054
227.2550056
227.2650058
227.2750061
227.2850063
227.2950065
227.3050067
227.3150069
227.3250072
227.3350074
227.3450076
227.3550078
227.365008
227.3750083
227.3850085
227.3950087
227.4050089
227.4150091
227.4250094
227.4350096
227.4450098
227.45501
227.4650102
227.4750105
227.4850107
227.4950109
227.5050111
227.5150113
227.5250116
227.5350118
227.545012
227.5550122
227.5650124
227.5750127
227.5850129
227.5950131
227.6050133
227.6150135
227.6250138
227.635014
227.6450142
227.6550144
227.6650146
227.6750149
227.6850151
227.6950153
227.7050155
227.7150157
227.725016
227.7350162
227.7450164
227.7550166
227.7650169
227.7750171
227.7850173
227.7950175
227.8050177
227.815018
227.8250182
227.8350184
227.8450186
227.8550188
227.8650191
227.8750193
227.8850195
227.8950197
227.9050199
227.9150202
227.9250204
227.9350206
227.9450208
227.955021
227.9650213
227.9750215
227.9850217
227.9950219
228.0050221
228.0150224
228.0250226
228.0350228
228.045023
228.0550232
228.0650235
228.0750237
228.0850239
228.0950241
228.1050243
228.1150246
228.1250248
228.135025
228.1450252
228.1550254
228.1650257
228.1750259
228.1850261
228.1950263
228.2050265
228.2150268
228.225027
228.2350272
228.2450274
228.2550276
228.2650279
228.2750281
228.2850283
228.2950285
228.3050287
228.315029
228.3250292
228.3350294
228.3450296
228.3550298
228.3650301
228.3750303
228.3850305
228.3950307
228.4050309
228.4150312
228.4250314
228.4350316
228.4450318
228.455032
228.4650323
228.4750325
228.4850327
228.4950329
228.5050332
228.5150334
228.5250336
228.5350338
228.545034
228.5550343
228.5650345
228.5750347
228.5850349
228.5950351
228.6050354
228.6150356
228.6250358
228.635036
228.6450362
228.6550365
228.6650367
228.6750369
228.6850371
228.6950373
228.7050376
228.7150378
228.725038
228.7350382
228.7450384
228.7550387
228.7650389
228.7750391
228.7850393
228.7950395
228.8050398
228.81504
228.8250402
228.8350404
228.8450406
228.8550409
228.8650411
228.8750413
228.8850415
228.8950417
228.905042
228.9150422
228.9250424
228.9350426
228.9450428
228.9550431
228.9650433
228.9750435
228.9850437
228.9950439
229.0050442
229.0150444
229.0250446
229.0350448
229.045045
229.0550453
229.0650455
229.0750457
229.0850459
229.0950461
229.1050464
229.1150466
229.1250468
229.135047
229.1450472
229.1550475
229.1650477
229.1750479
229.1850481
229.1950483
229.2050486
229.2150488
229.225049
229.2350492
229.2450495
229.2550497
229.2650499
229.2750501
229.2850503
229.2950506
229.3050508
229.315051
229.3250512
229.3350514
229.3450517
229.3550519
229.3650521
229.3750523
229.3850525
229.3950528
229.405053
229.4150532
229.4250534
229.4350536
229.4450539
229.4550541
229.4650543
229.4750545
229.4850547
229.495055
229.5050552
229.5150554
229.5250556
229.5350558
229.5450561
229.5550563
229.5650565
229.5750567
229.5850569
229.5950572
229.6050574
229.6150576
229.6250578
229.635058
229.6450583
229.6550585
229.6650587
229.6750589
229.6850591
229.6950594
229.7050596
229.7150598
229.72506
229.7350602
229.7450605
229.7550607
229.7650609
229.7750611
229.7850613
229.7950616
229.8050618
229.815062
229.8250622
229.8350624
229.8450627
229.8550629
229.8650631
229.8750633
229.8850635
229.8950638
229.905064
229.9150642
229.9250644
229.9350646
229.9450649
229.9550651
229.9650653
229.9750655
229.9850658
229.995066
230.0050662
230.0150664
230.0250666
230.0350669
230.0450671
230.0550673
230.0650675
230.0750677
230.085068
230.0950682
230.1050684
230.1150686
230.1250688
230.1350691
230.1450693
230.1550695
230.1650697
230.1750699
230.1850702
230.1950704
230.2050706
230.2150708
230.225071
230.2350713
230.2450715
230.2550717
230.2650719
230.2750721
230.2850724
230.2950726
230.3050728
230.315073
230.3250732
230.3350735
230.3450737
230.3550739
230.3650741
230.3750743
230.3850746
230.3950748
230.405075
230.4150752
230.4250754
230.4350757
230.4450759
230.4550761
230.4650763
230.4750765
230.4850768
230.495077
230.5050772
230.5150774
230.5250776
230.5350779
230.5450781
230.5550783
230.5650785
230.5750787
230.585079
230.5950792
230.6050794
230.6150796
230.6250798
230.6350801
230.6450803
230.6550805
230.6650807
230.6750809
230.6850812
230.6950814
230.7050816
230.7150818
230.7250821
230.7350823
230.7450825
230.7550827
230.7650829
230.7750832
230.7850834
230.7950836
230.8050838
230.815084
230.8250843
230.8350845
230.8450847
230.8550849
230.8650851
230.8750854
230.8850856
230.8950858
230.905086
230.9150862
230.9250865
230.9350867
230.9450869
230.9550871
230.9650873
230.9750876
230.9850878
230.995088
231.0050882
231.0150884
231.0250887
231.0350889
231.0450891
231.0550893
231.0650895
231.0750898
231.08509
231.0950902
231.1050904
231.1150906
231.1250909
231.1350911
231.1450913
231.1550915
231.1650917
231.175092
231.1850922
231.1950924
231.2050926
231.2150928
231.2250931
231.2350933
231.2450935
231.2550937
231.2650939
231.2750942
231.2850944
231.2950946
231.3050948
231.315095
231.3250953
231.3350955
231.3450957
231.3550959
231.3650961
231.3750964
231.3850966
231.3950968
231.405097
231.4150972
231.4250975
231.4350977
231.4450979
231.4550981
231.4650984
231.4750986
231.4850988
231.495099
231.5050992
231.5150995
231.5250997
231.5350999
231.5451001
231.5551003
231.5651006
231.5751008
231.585101
231.5951012
231.6051014
231.6151017
231.6251019
231.6351021
231.6451023
231.6551025
231.6651028
231.675103
231.6851032
231.6951034
231.7051036
231.7151039
231.7251041
231.7351043
231.7451045
231.7551047
231.765105
231.7751052
231.7851054
231.7951056
231.8051058
231.8151061
231.8251063
231.8351065
231.8451067
231.8551069
231.8651072
231.8751074
231.8851076
231.8951078
231.905108
231.9151083
231.9251085
231.9351087
231.9451089
231.9551091
231.9651094
231.9751096
231.9851098
231.99511
232.0051102
232.0151105
232.0251107
232.0351109
232.0451111
232.0551113
232.0651116
232.0751118
232.085112
232.0951122
232.1051124
232.1151127
232.1251129
232.1351131
232.1451133
232.1551135
232.1651138
232.175114
232.1851142
232.1951144
232.2051147
232.2151149
232.2251151
232.2351153
232.2451155
232.2551158
232.265116
232.2751162
232.2851164
232.2951166
232.3051169
232.3151171
232.3251173
232.3351175
232.3451177
232.355118
232.3651182
232.3751184
232.3851186
232.3951188
232.4051191
232.4151193
232.4251195
232.4351197
232.4451199
232.4551202
232.4651204
232.4751206
232.4851208
232.495121
232.5051213
232.5151215
232.5251217
232.5351219
232.5451221
232.5551224
232.5651226
232.5751228
232.585123
232.5951232
232.6051235
232.6151237
232.6251239
232.6351241
232.6451243
232.6551246
232.6651248
232.675125
232.6851252
232.6951254
232.7051257
232.7151259
232.7251261
232.7351263
232.7451265
232.7551268
232.765127
232.7751272
232.7851274
232.7951276
232.8051279
232.8151281
232.8251283
232.8351285
232.8451287
232.855129
232.8651292
232.8751294
232.8851296
232.8951298
232.9051301
232.9151303
232.9251305
232.9351307
232.945131
232.9551312
232.9651314
232.9751316
232.9851318
232.9951321
233.0051323
233.0151325
233.0251327
233.0351329
233.0451332
233.0551334
233.0651336
233.0751338
233.085134
233.0951343
233.1051345
233.1151347
233.1251349
233.1351351
233.1451354
233.1551356
233.1651358
233.175136
233.1851362
233.1951365
233.2051367
233.2151369
233.2251371
233.2351373
233.2451376
233.2551378
233.265138
233.2751382
233.2851384
233.2951387
233.3051389
233.3151391
233.3251393
233.3351395
233.3451398
233.35514
233.3651402
233.3751404
233.3851406
233.3951409
233.4051411
233.4151413
233.4251415
233.4351417
233.445142
233.4551422
233.4651424
233.4751426
233.4851428
233.4951431
233.5051433
233.5151435
233.5251437
233.5351439
233.5451442
233.5551444
233.5651446
233.5751448
233.585145
233.5951453
233.6051455
233.6151457
233.6251459
233.6351461
233.6451464
233.6551466
233.6651468
233.675147
233.6851472
233.6951475
233.7051477
233.7151479
233.7251481
233.7351484
233.7451486
233.7551488
233.765149
233.7751492
233.7851495
233.7951497
233.8051499
233.8151501
233.8251503
233.8351506
233.8451508
233.855151
233.8651512
233.8751514
233.8851517
233.8951519
233.9051521
233.9151523
233.9251525
233.9351528
233.945153
233.9551532
233.9651534
233.9751536
233.9851539
233.9951541
234.0051543
234.0151545
234.0251547
234.035155
234.0451552
234.0551554
234.0651556
234.0751558
234.0851561
234.0951563
234.1051565
234.1151567
234.1251569
234.1351572
234.1451574
234.1551576
234.1651578
234.175158
234.1851583
234.1951585
234.2051587
234.2151589
234.2251591
234.2351594
234.2451596
234.2551598
234.26516
234.2751602
234.2851605
234.2951607
234.3051609
234.3151611
234.3251613
234.3351616
234.3451618
234.355162
234.3651622
234.3751624
234.3851627
234.3951629
234.4051631
234.4151633
234.4251635
234.4351638
234.445164
234.4551642
234.4651644
234.4751647
234.4851649
234.4951651
234.5051653
234.5151655
234.5251658
234.535166
234.5451662
234.5551664
234.5651666
234.5751669
234.5851671
234.5951673
234.6051675
234.6151677
234.625168
234.6351682
234.6451684
234.6551686
234.6651688
234.6751691
234.6851693
234.6951695
234.7051697
234.7151699
234.7251702
234.7351704
234.7451706
234.7551708
234.765171
234.7751713
234.7851715
234.7951717
234.8051719
234.8151721
234.8251724
234.8351726
234.8451728
234.855173
234.8651732
234.8751735
234.8851737
234.8951739
234.9051741
234.9151743
234.9251746
234.9351748
234.945175
234.9551752
234.9651754
234.9751757
234.9851759
234.9951761
235.0051763
235.0151765
235.0251768
235.035177
235.0451772
235.0551774
235.0651776
235.0751779
235.0851781
235.0951783
235.1051785
235.1151787
235.125179
235.1351792
235.1451794
235.1551796
235.1651798
235.1751801
235.1851803
235.1951805
235.2051807
235.215181
235.2251812
235.2351814
235.2451816
235.2551818
235.2651821
235.2751823
235.2851825
235.2951827
235.3051829
235.3151832
235.3251834
235.3351836
235.3451838
235.355184
235.3651843
235.3751845
235.3851847
235.3951849
235.4051851
235.4151854
235.4251856
235.4351858
235.445186
235.4551862
235.4651865
235.4751867
235.4851869
235.4951871
235.5051873
235.5151876
235.5251878
235.535188
235.5451882
235.5551884
235.5651887
235.5751889
235.5851891
235.5951893
235.6051895
235.6151898
235.62519
235.6351902
235.6451904
235.6551906
235.6651909
235.6751911
235.6851913
235.6951915
235.7051917
235.715192
235.7251922
235.7351924
235.7451926
235.7551928
235.7651931
235.7751933
235.7851935
235.7951937
235.8051939
235.8151942
235.8251944
235.8351946
235.8451948
235.855195
235.8651953
235.8751955
235.8851957
235.8951959
235.9051961
235.9151964
235.9251966
235.9351968
235.945197
235.9551973
235.9651975
235.9751977
235.9851979
235.9951981
236.0051984
236.0151986
236.0251988
236.035199
236.0451992
236.0551995
236.0651997
236.0751999
236.0852001
236.0952003
236.1052006
236.1152008
236.125201
236.1352012
236.1452014
236.1552017
236.1652019
236.1752021
236.1852023
236.1952025
236.2052028
236.215203
236.2252032
236.2352034
236.2452036
236.2552039
236.2652041
236.2752043
236.2852045
236.2952047
236.305205
236.3152052
236.3252054
236.3352056
236.3452058
236.3552061
236.3652063
236.3752065
236.3852067
236.3952069
236.4052072
236.4152074
236.4252076
236.4352078
236.445208
236.4552083
236.4652085
236.4752087
236.4852089
236.4952091
236.5052094
236.5152096
236.5252098
236.53521
236.5452102
236.5552105
236.5652107
236.5752109
236.5852111
236.5952113
236.6052116
236.6152118
236.625212
236.6352122
236.6452124
236.6552127
236.6652129
236.6752131
236.6852133
236.6952136
236.7052138
236.715214
236.7252142
236.7352144
236.7452147
236.7552149
236.7652151
236.7752153
236.7852155
236.7952158
236.805216
236.8152162
236.8252164
236.8352166
236.8452169
236.8552171
236.8652173
236.8752175
236.8852177
236.895218
236.9052182
236.9152184
236.9252186
236.9352188
236.9452191
236.9552193
236.9652195
236.9752197
236.9852199
236.9952202
237.0052204
237.0152206
237.0252208
237.035221
237.0452213
237.0552215
237.0652217
237.0752219
237.0852221
237.0952224
237.1052226
237.1152228
237.125223
237.1352232
237.1452235
237.1552237
237.1652239
237.1752241
237.1852243
237.1952246
237.2052248
237.215225
237.2252252
237.2352254
237.2452257
237.2552259
237.2652261
237.2752263
237.2852265
237.2952268
237.305227
237.3152272
237.3252274
237.3352276
237.3452279
237.3552281
237.3652283
237.3752285
237.3852287
237.395229
237.4052292
237.4152294
237.4252296
237.4352299
237.4452301
237.4552303
237.4652305
237.4752307
237.485231
237.4952312
237.5052314
237.5152316
237.5252318
237.5352321
237.5452323
237.5552325
237.5652327
237.5752329
237.5852332
237.5952334
237.6052336
237.6152338
237.625234
237.6352343
237.6452345
237.6552347
237.6652349
237.6752351
237.6852354
237.6952356
237.7052358
237.715236
237.7252362
237.7352365
237.7452367
237.7552369
237.7652371
237.7752373
237.7852376
237.7952378
237.805238
237.8152382
237.8252384
237.8352387
237.8452389
237.8552391
237.8652393
237.8752395
237.8852398
237.89524
237.9052402
237.9152404
237.9252406
237.9352409
237.9452411
237.9552413
237.9652415
237.9752417
237.985242
237.9952422
238.0052424
238.0152426
238.0252428
238.0352431
238.0452433
238.0552435
238.0652437
238.0752439
238.0852442
238.0952444
238.1052446
238.1152448
238.125245
238.1352453
238.1452455
238.1552457
238.1652459
238.1752462
238.1852464
238.1952466
238.2052468
238.215247
238.2252473
238.2352475
238.2452477
238.2552479
238.2652481
238.2752484
238.2852486
238.2952488
238.305249
238.3152492
238.3252495
238.3352497
238.3452499
238.3552501
238.3652503
238.3752506
238.3852508
238.395251
238.4052512
238.4152514
238.4252517
238.4352519
238.4452521
238.4552523
238.4652525
238.4752528
238.485253
238.4952532
238.5052534
238.5152536
238.5252539
238.5352541
238.5452543
238.5552545
238.5652547
238.575255
238.5852552
238.5952554
238.6052556
238.6152558
238.6252561
238.6352563
238.6452565
238.6552567
238.6652569
238.6752572
238.6852574
238.6952576
238.7052578
238.715258
238.7252583
238.7352585
238.7452587
238.7552589
238.7652591
238.7752594
238.7852596
238.7952598
238.80526
238.8152602
238.8252605
238.8352607
238.8452609
238.8552611
238.8652613
238.8752616
238.8852618
238.895262
238.9052622
238.9152625
238.9252627
238.9352629
238.9452631
238.9552633
238.9652636
238.9752638
238.985264
238.9952642
239.0052644
239.0152647
239.0252649
239.0352651
239.0452653
239.0552655
239.0652658
239.075266
239.0852662
239.0952664
239.1052666
239.1152669
239.1252671
239.1352673
239.1452675
239.1552677
239.165268
239.1752682
239.1852684
239.1952686
239.2052688
239.2152691
239.2252693
239.2352695
239.2452697
239.2552699
239.2652702
239.2752704
239.2852706
239.2952708
239.305271
239.3152713
239.3252715
239.3352717
239.3452719
239.3552721
239.3652724
239.3752726
239.3852728
239.395273
239.4052732
239.4152735
239.4252737
239.4352739
239.4452741
239.4552743
239.4652746
239.4752748
239.485275
239.4952752
239.5052754
239.5152757
239.5252759
239.5352761
239.5452763
239.5552765
239.5652768
239.575277
239.5852772
239.5952774
239.6052776
239.6152779
239.6252781
239.6352783
239.6452785
239.6552788
239.665279
239.6752792
239.6852794
239.6952796
239.7052799
239.7152801
239.7252803
239.7352805
239.7452807
239.755281
239.7652812
239.7752814
239.7852816
239.7952818
239.8052821
239.8152823
239.8252825
239.8352827
239.8452829
239.8552832
239.8652834
239.8752836
239.8852838
239.895284
239.9052843
239.9152845
239.9252847
239.9352849
239.9452851
239.9552854
239.9652856
239.9752858
239.985286
239.9952862
240.0052865
240.0152867
240.0252869
240.0352871
240.0452873
240.0552876
240.0652878
240.075288
240.0852882
240.0952884
240.1052887
240.1152889
240.1252891
240.1352893
240.1452895
240.1552898
240.16529
240.1752902
240.1852904
240.1952906
240.2052909
240.2152911
240.2252913
240.2352915
240.2452917
240.255292
240.2652922
240.2752924
240.2852926
240.2952928
240.3052931
240.3152933
240.3252935
240.3352937
240.3452939
240.3552942
240.3652944
240.3752946
240.3852948
240.3952951
240.4052953
240.4152955
240.4252957
240.4352959
240.4452962
240.4552964
240.4652966
240.4752968
240.485297
240.4952973
240.5052975
240.5152977
240.5252979
240.5352981
240.5452984
240.5552986
240.5652988
240.575299
240.5852992
240.5952995
240.6052997
240.6152999
240.6253001
240.6353003
240.6453006
240.6553008
240.665301
240.6753012
240.6853014
240.6953017
240.7053019
240.7153021
240.7253023
240.7353025
240.7453028
240.755303
240.7653032
240.7753034
240.7853036
240.7953039
240.8053041
240.8153043
240.8253045
240.8353047
240.845305
240.8553052
240.8653054
240.8753056
240.8853058
240.8953061
240.9053063
240.9153065
240.9253067
240.9353069
240.9453072
240.9553074
240.9653076
240.9753078
240.985308
240.9953083
241.0053085
241.0153087
241.0253089
241.0353091
241.0453094
241.0553096
241.0653098
241.07531
241.0853102
241.0953105
241.1053107
241.1153109
241.1253111
241.1353114
241.1453116
241.1553118
241.165312
241.1753122
241.1853125
241.1953127
241.2053129
241.2153131
241.2253133
241.2353136
241.2453138
241.255314
241.2653142
241.2753144
241.2853147
241.2953149
241.3053151
241.3153153
241.3253155
241.3353158
241.345316
241.3553162
241.3653164
241.3753166
241.3853169
241.3953171
241.4053173
241.4153175
241.4253177
241.435318
241.4453182
241.4553184
241.4653186
241.4753188
241.4853191
241.4953193
241.5053195
241.5153197
241.5253199
241.5353202
241.5453204
241.5553206
241.5653208
241.575321
241.5853213
241.5953215
241.6053217
241.6153219
241.6253221
241.6353224
241.6453226
241.6553228
241.665323
241.6753232
241.6853235
241.6953237
241.7053239
241.7153241
241.7253243
241.7353246
241.7453248
241.755325
241.7653252
241.7753254
241.7853257
241.7953259
241.8053261
241.8153263
241.8253265
241.8353268
241.845327
241.8553272
241.8653274
241.8753277
241.8853279
241.8953281
241.9053283
241.9153285
241.9253288
241.935329
241.9453292
241.9553294
241.9653296
241.9753299
241.9853301
241.9953303
242.0053305
242.0153307
242.025331
242.0353312
242.0453314
242.0553316
242.0653318
242.0753321
242.0853323
242.0953325
242.1053327
242.1153329
242.1253332
242.1353334
242.1453336
242.1553338
242.165334
242.1753343
242.1853345
242.1953347
242.2053349
242.2153351
242.2253354
242.2353356
242.2453358
242.255336
242.2653362
242.2753365
242.2853367
242.2953369
242.3053371
242.3153373
242.3253376
242.3353378
242.345338
242.3553382
242.3653384
242.3753387
242.3853389
242.3953391
242.4053393
242.4153395
242.4253398
242.43534
242.4453402
242.4553404
242.4653406
242.4753409
242.4853411
242.4953413
242.5053415
242.5153417
242.525342
242.5353422
242.5453424
242.5553426
242.5653428
242.5753431
242.5853433
242.5953435
242.6053437
242.615344
242.6253442
242.6353444
242.6453446
242.6553448
242.6653451
242.6753453
242.6853455
242.6953457
242.7053459
242.7153462
242.7253464
242.7353466
242.7453468
242.755347
242.7653473
242.7753475
242.7853477
242.7953479
242.8053481
242.8153484
242.8253486
242.8353488
242.845349
242.8553492
242.8653495
242.8753497
242.8853499
242.8953501
242.9053503
242.9153506
242.9253508
242.935351
242.9453512
242.9553514
242.9653517
242.9753519
242.9853521
242.9953523
243.0053525
243.0153528
243.025353
243.0353532
243.0453534
243.0553536
243.0653539
243.0753541
243.0853543
243.0953545
243.1053547
243.115355
243.1253552
243.1353554
243.1453556
243.1553558
243.1653561
243.1753563
243.1853565
243.1953567
243.2053569
243.2153572
243.2253574
243.2353576
243.2453578
243.255358
243.2653583
243.2753585
243.2853587
243.2953589
243.3053591
243.3153594
243.3253596
243.3353598
243.34536
243.3553603
243.3653605
243.3753607
243.3853609
243.3953611
243.4053614
243.4153616
243.4253618
243.435362
243.4453622
243.4553625
243.4653627
243.4753629
243.4853631
243.4953633
243.5053636
243.5153638
243.525364
243.5353642
243.5453644
243.5553647
243.5653649
243.5753651
243.5853653
243.5953655
243.6053658
243.615366
243.6253662
243.6353664
243.6453666
243.6553669
243.6653671
243.6753673
243.6853675
243.6953677
243.705368
243.7153682
243.7253684
243.7353686
243.7453688
243.7553691
243.7653693
243.7753695
243.7853697
243.7953699
243.8053702
243.8153704
243.8253706
243.8353708
243.845371
243.8553713
243.8653715
243.8753717
243.8853719
243.8953721
243.9053724
243.9153726
243.9253728
243.935373
243.9453732
243.9553735
243.9653737
243.9753739
243.9853741
243.9953743
244.0053746
244.0153748
244.025375
244.0353752
244.0453754
244.0553757
244.0653759
244.0753761
244.0853763
244.0953766
244.1053768
244.115377
244.1253772
244.1353774
244.1453777
244.1553779
244.1653781
244.1753783
244.1853785
244.1953788
244.205379
244.2153792
244.2253794
244.2353796
244.2453799
244.2553801
244.2653803
244.2753805
244.2853807
244.295381
244.3053812
244.3153814
244.3253816
244.3353818
244.3453821
244.3553823
244.3653825
244.3753827
244.3853829
244.3953832
244.4053834
244.4153836
244.4253838
244.435384
244.4453843
244.4553845
244.4653847
244.4753849
244.4853851
244.4953854
244.5053856
244.5153858
244.525386
244.5353862
244.5453865
244.5553867
244.5653869
244.5753871
244.5853873
244.5953876
244.6053878
244.615388
244.6253882
244.6353884
244.6453887
244.6553889
244.6653891
244.6753893
244.6853895
244.6953898
244.70539
244.7153902
244.7253904
244.7353906
244.7453909
244.7553911
244.7653913
244.7753915
244.7853917
244.795392
244.8053922
244.8153924
244.8253926
244.8353929
244.8453931
244.8553933
244.8653935
244.8753937
244.885394
244.8953942
244.9053944
244.9153946
244.9253948
244.9353951
244.9453953
244.9553955
244.9653957
244.9753959
244.9853962
244.9953964
245.0053966
245.0153968
245.025397
245.0353973
245.0453975
245.0553977
245.0653979
245.0753981
245.0853984
245.0953986
245.1053988
245.115399
245.1253992
245.1353995
245.1453997
245.1553999
245.1654001
245.1754003
245.1854006
245.1954008
245.205401
245.2154012
245.2254014
245.2354017
245.2454019
245.2554021
245.2654023
245.2754025
245.2854028
245.295403
245.3054032
245.3154034
245.3254036
245.3354039
245.3454041
245.3554043
245.3654045
245.3754047
245.385405
245.3954052
245.4054054
245.4154056
245.4254058
245.4354061
245.4454063
245.4554065
245.4654067
245.4754069
245.4854072
245.4954074
245.5054076
245.5154078
245.525408
245.5354083
245.5454085
245.5554087
245.5654089
245.5754091
245.5854094
245.5954096
245.6054098
245.61541
245.6254103
245.6354105
245.6454107
245.6554109
245.6654111
245.6754114
245.6854116
245.6954118
245.705412
245.7154122
245.7254125
245.7354127
245.7454129
245.7554131
245.7654133
245.7754136
245.7854138
245.795414
245.8054142
245.8154144
245.8254147
245.8354149
245.8454151
245.8554153
245.8654155
245.8754158
245.885416
245.8954162
245.9054164
245.9154166
245.9254169
245.9354171
245.9454173
245.9554175
245.9654177
245.975418
245.9854182
245.9954184
246.0054186
246.0154188
246.0254191
246.0354193
246.0454195
246.0554197
246.0654199
246.0754202
246.0854204
246.0954206
246.1054208
246.115421
246.1254213
246.1354215
246.1454217
246.1554219
246.1654221
246.1754224
246.1854226
246.1954228
246.205423
246.2154232
246.2254235
246.2354237
246.2454239
246.2554241
246.2654243
246.2754246
246.2854248
246.295425
246.3054252
246.3154254
246.3254257
246.3354259
246.3454261
246.3554263
246.3654266
246.3754268
246.385427
246.3954272
246.4054274
246.4154277
246.4254279
246.4354281
246.4454283
246.4554285
246.4654288
246.475429
246.4854292
246.4954294
246.5054296
246.5154299
246.5254301
246.5354303
246.5454305
246.5554307
246.565431
246.5754312
246.5854314
246.5954316
246.6054318
246.6154321
246.6254323
246.6354325
246.6454327
246.6554329
246.6654332
246.6754334
246.6854336
246.6954338
246.705434
246.7154343
246.7254345
246.7354347
246.7454349
246.7554351
246.7654354
246.7754356
246.7854358
246.795436
246.8054362
246.8154365
246.8254367
246.8354369
246.8454371
246.8554373
246.8654376
246.8754378
246.885438
246.8954382
246.9054384
246.9154387
246.9254389
246.9354391
246.9454393
246.9554395
246.9654398
246.97544
246.9854402
246.9954404
247.0054406
247.0154409
247.0254411
247.0354413
247.0454415
247.0554417
247.065442
247.0754422
247.0854424
247.0954426
247.1054429
247.1154431
247.1254433
247.1354435
247.1454437
247.155444
247.1654442
247.1754444
247.1854446
247.1954448
247.2054451
247.2154453
247.2254455
247.2354457
247.2454459
247.2554462
247.2654464
247.2754466
247.2854468
247.295447
247.3054473
247.3154475
247.3254477
247.3354479
247.3454481
247.3554484
247.3654486
247.3754488
247.385449
247.3954492
247.4054495
247.4154497
247.4254499
247.4354501
247.4454503
247.4554506
247.4654508
247.475451
247.4854512
247.4954514
247.5054517
247.5154519
247.5254521
247.5354523
247.5454525
247.5554528
247.565453
247.5754532
247.5854534
247.5954536
247.6054539
247.6154541
247.6254543
247.6354545
247.6454547
247.655455
247.6654552
247.6754554
247.6854556
247.6954558
247.7054561
247.7154563
247.7254565
247.7354567
247.7454569
247.7554572
247.7654574
247.7754576
247.7854578
247.795458
247.8054583
247.8154585
247.8254587
247.8354589
247.8454592
247.8554594
247.8654596
247.8754598
247.88546
247.8954603
247.9054605
247.9154607
247.9254609
247.9354611
247.9454614
247.9554616
247.9654618
247.975462
247.9854622
247.9954625
248.0054627
248.0154629
248.0254631
248.0354633
248.0454636
248.0554638
248.065464
248.0754642
248.0854644
248.0954647
248.1054649
248.1154651
248.1254653
248.1354655
248.1454658
248.155466
248.1654662
248.1754664
248.1854666
248.1954669
248.2054671
248.2154673
248.2254675
248.2354677
248.245468
248.2554682
248.2654684
248.2754686
248.2854688
248.2954691
248.3054693
248.3154695
248.3254697
248.3354699
248.3454702
248.3554704
248.3654706
248.3754708
248.385471
248.3954713
248.4054715
248.4154717
248.4254719
248.4354721
248.4454724
248.4554726
248.4654728
248.475473
248.4854732
248.4954735
248.5054737
248.5154739
248.5254741
248.5354743
248.5454746
248.5554748
248.565475
248.5754752
248.5854755
248.5954757
248.6054759
248.6154761
248.6254763
248.6354766
248.6454768
248.655477
248.6654772
248.6754774
248.6854777
248.6954779
248.7054781
248.7154783
248.7254785
248.7354788
248.745479
248.7554792
248.7654794
248.7754796
248.7854799
248.7954801
248.8054803
248.8154805
248.8254807
248.835481
248.8454812
248.8554814
248.8654816
248.8754818
248.8854821
248.8954823
248.9054825
248.9154827
248.9254829
248.9354832
248.9454834
248.9554836
248.9654838
248.975484
248.9854843
248.9954845
249.0054847
249.0154849
249.0254851
249.0354854
249.0454856
249.0554858
249.065486
249.0754862
249.0854865
249.0954867
249.1054869
249.1154871
249.1254873
249.1354876
249.1454878
249.155488
249.1654882
249.1754884
249.1854887
249.1954889
249.2054891
249.2154893
249.2254895
249.2354898
249.24549
249.2554902
249.2654904
249.2754906
249.2854909
249.2954911
249.3054913
249.3154915
249.3254918
249.335492
249.3454922
249.3554924
249.3654926
249.3754929
249.3854931
249.3954933
249.4054935
249.4154937
249.425494
249.4354942
249.4454944
249.4554946
249.4654948
249.4754951
249.4854953
249.4954955
249.5054957
249.5154959
249.5254962
249.5354964
249.5454966
249.5554968
249.565497
249.5754973
249.5854975
249.5954977
249.6054979
249.6154981
249.6254984
249.6354986
249.6454988
249.655499
249.6654992
249.6754995
249.6854997
249.6954999
249.7055001
249.7155003
249.7255006
249.7355008
249.745501
249.7555012
249.7655014
249.7755017
249.7855019
249.7955021
249.8055023
249.8155025
249.8255028
249.835503
249.8455032
249.8555034
249.8655036
249.8755039
249.8855041
249.8955043
249.9055045
249.9155047
249.925505
249.9355052
249.9455054
249.9555056
249.9655058
249.9755061
249.9855063
249.9955065
250.0055067
250.0155069
250.0255072
250.0355074
250.0455076
250.0555078
250.0655081
250.0755083
250.0855085
250.0955087
250.1055089
250.1155092
250.1255094
250.1355096
250.1455098
250.15551
250.1655103
250.1755105
250.1855107
250.1955109
250.2055111
250.2155114
250.2255116
250.2355118
250.245512
250.2555122
250.2655125
250.2755127
250.2855129
250.2955131
250.3055133
250.3155136
250.3255138
250.335514
250.3455142
250.3555144
250.3655147
250.3755149
250.3855151
250.3955153
250.4055155
250.4155158
250.425516
250.4355162
250.4455164
250.4555166
250.4655169
250.4755171
250.4855173
250.4955175
250.5055177
250.515518
250.5255182
250.5355184
250.5455186
250.5555188
250.5655191
250.5755193
250.5855195
250.5955197
250.6055199
250.6155202
250.6255204
250.6355206
250.6455208
250.655521
250.6655213
250.6755215
250.6855217
250.6955219
250.7055221
250.7155224
250.7255226
250.7355228
250.745523
250.7555232
250.7655235
250.7755237
250.7855239
250.7955241
250.8055244
250.8155246
250.8255248
250.835525
250.8455252
250.8555255
250.8655257
250.8755259
250.8855261
250.8955263
250.9055266
250.9155268
250.925527
250.9355272
250.9455274
250.9555277
250.9655279
250.9755281
250.9855283
250.9955285
251.0055288
251.015529
251.0255292
251.0355294
251.0455296
251.0555299
251.0655301
251.0755303
251.0855305
251.0955307
251.105531
251.1155312
251.1255314
251.1355316
251.1455318
251.1555321
251.1655323
251.1755325
251.1855327
251.1955329
251.2055332
251.2155334
251.2255336
251.2355338
251.245534
251.2555343
251.2655345
251.2755347
251.2855349
251.2955351
251.3055354
251.3155356
251.3255358
251.335536
251.3455362
251.3555365
251.3655367
251.3755369
251.3855371
251.3955373
251.4055376
251.4155378
251.425538
251.4355382
251.4455384
251.4555387
251.4655389
251.4755391
251.4855393
251.4955395
251.5055398
251.51554
251.5255402
251.5355404
251.5455407
251.5555409
251.5655411
251.5755413
251.5855415
251.5955418
251.605542
251.6155422
251.6255424
251.6355426
251.6455429
251.6555431
251.6655433
251.6755435
251.6855437
251.695544
251.7055442
251.7155444
251.7255446
251.7355448
251.7455451
251.7555453
251.7655455
251.7755457
251.7855459
251.7955462
251.8055464
251.8155466
251.8255468
251.835547
251.8455473
251.8555475
251.8655477
251.8755479
251.8855481
251.8955484
251.9055486
251.9155488
251.925549
251.9355492
251.9455495
251.9555497
251.9655499
251.9755501
251.9855503
251.9955506
252.0055508
252.015551
252.0255512
252.0355514
252.0455517
252.0555519
252.0655521
252.0755523
252.0855525
252.0955528
252.105553
252.1155532
252.1255534
252.1355536
252.1455539
252.1555541
252.1655543
252.1755545
252.1855547
252.195555
252.2055552
252.2155554
252.2255556
252.2355558
252.2455561
252.2555563
252.2655565
252.2755567
252.285557
252.2955572
252.3055574
252.3155576
252.3255578
252.3355581
252.3455583
252.3555585
252.3655587
252.3755589
252.3855592
252.3955594
252.4055596
252.4155598
252.42556
252.4355603
252.4455605
252.4555607
252.4655609
252.4755611
252.4855614
252.4955616
252.5055618
252.515562
252.5255622
252.5355625
252.5455627
252.5555629
252.5655631
252.5755633
252.5855636
252.5955638
252.605564
252.6155642
252.6255644
252.6355647
252.6455649
252.6555651
252.6655653
252.6755655
252.6855658
252.695566
252.7055662
252.7155664
252.7255666
252.7355669
252.7455671
252.7555673
252.7655675
252.7755677
252.785568
252.7955682
252.8055684
252.8155686
252.8255688
252.8355691
252.8455693
252.8555695
252.8655697
252.8755699
252.8855702
252.8955704
252.9055706
252.9155708
252.925571
252.9355713
252.9455715
252.9555717
252.9655719
252.9755721
252.9855724
252.9955726
253.0055728
253.015573
253.0255733
253.0355735
253.0455737
253.0555739
253.0655741
253.0755744
253.0855746
253.0955748
253.105575
253.1155752
253.1255755
253.1355757
253.1455759
253.1555761
253.1655763
253.1755766
253.1855768
253.195577
253.2055772
253.2155774
253.2255777
253.2355779
253.2455781
253.2555783
253.2655785
253.2755788
253.285579
253.2955792
253.3055794
253.3155796
253.3255799
253.3355801
253.3455803
253.3555805
253.3655807
253.375581
253.3855812
253.3955814
253.4055816
253.4155818
253.4255821
253.4355823
253.4455825
253.4555827
253.4655829
253.4755832
253.4855834
253.4955836
253.5055838
253.515584
253.5255843
253.5355845
253.5455847
253.5555849
253.5655851
253.5755854
253.5855856
253.5955858
253.605586
253.6155862
253.6255865
253.6355867
253.6455869
253.6555871
253.6655873
253.6755876
253.6855878
253.695588
253.7055882
253.7155884
253.7255887
253.7355889
253.7455891
253.7555893
253.7655896
253.7755898
253.78559
253.7955902
253.8055904
253.8155907
253.8255909
253.8355911
253.8455913
253.8555915
253.8655918
253.875592
253.8855922
253.8955924
253.9055926
253.9155929
253.9255931
253.9355933
253.9455935
253.9555937
253.965594
253.9755942
253.9855944
253.9955946
254.0055948
254.0155951
254.0255953
254.0355955
254.0455957
254.0555959
254.0655962
254.0755964
254.0855966
254.0955968
254.105597
254.1155973
254.1255975
254.1355977
254.1455979
254.1555981
254.1655984
254.1755986
254.1855988
254.195599
254.2055992
254.2155995
254.2255997
254.2355999
254.2456001
254.2556003
254.2656006
254.2756008
254.285601
254.2956012
254.3056014
254.3156017
254.3256019
254.3356021
254.3456023
254.3556025
254.3656028
254.375603
254.3856032
254.3956034
254.4056036
254.4156039
254.4256041
254.4356043
254.4456045
254.4556047
254.465605
254.4756052
254.4856054
254.4956056
254.5056059
254.5156061
254.5256063
254.5356065
254.5456067
254.555607
254.5656072
254.5756074
254.5856076
254.5956078
254.6056081
254.6156083
254.6256085
254.6356087
254.6456089
254.6556092
254.6656094
254.6756096
254.6856098
254.69561
254.7056103
254.7156105
254.7256107
254.7356109
254.7456111
254.7556114
254.7656116
254.7756118
254.785612
254.7956122
254.8056125
254.8156127
254.8256129
254.8356131
254.8456133
254.8556136
254.8656138
254.875614
254.8856142
254.8956144
254.9056147
254.9156149
254.9256151
254.9356153
254.9456155
254.9556158
254.965616
254.9756162
254.9856164
254.9956166
255.0056169
255.0156171
255.0256173
255.0356175
255.0456177
255.055618
255.0656182
255.0756184
255.0856186
255.0956188
255.1056191
255.1156193
255.1256195
255.1356197
255.1456199
255.1556202
255.1656204
255.1756206
255.1856208
255.195621
255.2056213
255.2156215
255.2256217
255.2356219
255.2456222
255.2556224
255.2656226
255.2756228
255.285623
255.2956233
255.3056235
255.3156237
255.3256239
255.3356241
255.3456244
255.3556246
255.3656248
255.375625
255.3856252
255.3956255
255.4056257
255.4156259
255.4256261
255.4356263
255.4456266
255.4556268
255.465627
255.4756272
255.4856274
255.4956277
255.5056279
255.5156281
255.5256283
255.5356285
255.5456288
255.555629
255.5656292
255.5756294
255.5856296
255.5956299
255.6056301
255.6156303
255.6256305
255.6356307
255.645631
255.6556312
255.6656314
255.6756316
255.6856318
255.6956321
255.7056323
255.7156325
255.7256327
255.7356329
255.7456332
255.7556334
255.7656336
255.7756338
255.785634
255.7956343
255.8056345
255.8156347
255.8256349
255.8356351
255.8456354
255.8556356
255.8656358
255.875636
255.8856362
255.8956365
255.9056367
255.9156369
255.9256371
255.9356373
255.9456376
255.9556378
255.965638
255.9756382
255.9856385
255.9956387
256.0056389
256.0156391
256.0256393
256.0356396
256.0456398
256.05564
256.0656402
256.0756404
256.0856407
256.0956409
256.1056411
256.1156413
256.1256415
256.1356418
256.145642
256.1556422
256.1656424
256.1756426
256.1856429
256.1956431
256.2056433
256.2156435
256.2256437
256.235644
256.2456442
256.2556444
256.2656446
256.2756448
256.2856451
256.2956453
256.3056455
256.3156457
256.3256459
256.3356462
256.3456464
256.3556466
256.3656468
256.375647
256.3856473
256.3956475
256.4056477
256.4156479
256.4256481
256.4356484
256.4456486
256.4556488
256.465649
256.4756492
256.4856495
256.4956497
256.5056499
256.5156501
256.5256503
256.5356506
256.5456508
256.555651
256.5656512
256.5756514
256.5856517
256.5956519
256.6056521
256.6156523
256.6256525
256.6356528
256.645653
256.6556532
256.6656534
256.6756536
256.6856539
256.6956541
256.7056543
256.7156545
256.7256548
256.735655
256.7456552
256.7556554
256.7656556
256.7756559
256.7856561
256.7956563
256.8056565
256.8156567
256.825657
256.8356572
256.8456574
256.8556576
256.8656578
256.8756581
256.8856583
256.8956585
256.9056587
256.9156589
256.9256592
256.9356594
256.9456596
256.9556598
256.96566
256.9756603
256.9856605
256.9956607
257.0056609
257.0156611
257.0256614
257.0356616
257.0456618
257.055662
257.0656622
257.0756625
257.0856627
257.0956629
257.1056631
257.1156633
257.1256636
257.1356638
257.145664
257.1556642
257.1656644
257.1756647
257.1856649
257.1956651
257.2056653
257.2156655
257.2256658
257.235666
257.2456662
257.2556664
257.2656666
257.2756669
257.2856671
257.2956673
257.3056675
257.3156677
257.325668
257.3356682
257.3456684
257.3556686
257.3656688
257.3756691
257.3856693
257.3956695
257.4056697
257.4156699
257.4256702
257.4356704
257.4456706
257.4556708
257.4656711
257.4756713
257.4856715
257.4956717
257.5056719
257.5156722
257.5256724
257.5356726
257.5456728
257.555673
257.5656733
257.5756735
257.5856737
257.5956739
257.6056741
257.6156744
257.6256746
257.6356748
257.645675
257.6556752
257.6656755
257.6756757
257.6856759
257.6956761
257.7056763
257.7156766
257.7256768
257.735677
257.7456772
257.7556774
257.7656777
257.7756779
257.7856781
257.7956783
257.8056785
257.8156788
257.825679
257.8356792
257.8456794
257.8556796
257.8656799
257.8756801
257.8856803
257.8956805
257.9056807
257.915681
257.9256812
257.9356814
257.9456816
257.9556818
257.9656821
257.9756823
257.9856825
257.9956827
258.0056829
258.0156832
258.0256834
258.0356836
258.0456838
258.055684
258.0656843
258.0756845
258.0856847
258.0956849
258.1056851
258.1156854
258.1256856
258.1356858
258.145686
258.1556862
258.1656865
258.1756867
258.1856869
258.1956871
258.2056873
258.2156876
258.2256878
258.235688
258.2456882
258.2556885
258.2656887
258.2756889
258.2856891
258.2956893
258.3056896
258.3156898
258.32569
258.3356902
258.3456904
258.3556907
258.3656909
258.3756911
258.3856913
258.3956915
258.4056918
258.415692
258.4256922
258.4356924
258.4456926
258.4556929
258.4656931
258.4756933
258.4856935
258.4956937
258.505694
258.5156942
258.5256944
258.5356946
258.5456948
258.5556951
258.5656953
258.5756955
258.5856957
258.5956959
258.6056962
258.6156964
258.6256966
258.6356968
258.645697
258.6556973
258.6656975
258.6756977
258.6856979
258.6956981
258.7056984
258.7156986
258.7256988
258.735699
258.7456992
258.7556995
258.7656997
258.7756999
258.7857001
258.7957003
258.8057006
258.8157008
258.825701
258.8357012
258.8457014
258.8557017
258.8657019
258.8757021
258.8857023
258.8957025
258.9057028
258.915703
258.9257032
258.9357034
258.9457036
258.9557039
258.9657041
258.9757043
258.9857045
258.9957048
259.005705
259.0157052
259.0257054
259.0357056
259.0457059
259.0557061
259.0657063
259.0757065
259.0857067
259.095707
259.1057072
259.1157074
259.1257076
259.1357078
259.1457081
259.1557083
259.1657085
259.1757087
259.1857089
259.1957092
259.2057094
259.2157096
259.2257098
259.23571
259.2457103
259.2557105
259.2657107
259.2757109
259.2857111
259.2957114
259.3057116
259.3157118
259.325712
259.3357122
259.3457125
259.3557127
259.3657129
259.3757131
259.3857133
259.3957136
259.4057138
259.415714
259.4257142
259.4357144
259.4457147
259.4557149
259.4657151
259.4757153
259.4857155
259.4957158
259.505716
259.5157162
259.5257164
259.5357166
259.5457169
259.5557171
259.5657173
259.5757175
259.5857177
259.595718
259.6057182
259.6157184
259.6257186
259.6357188
259.6457191
259.6557193
259.6657195
259.6757197
259.6857199
259.6957202
259.7057204
259.7157206
259.7257208
259.7357211
259.7457213
259.7557215
259.7657217
259.7757219
259.7857222
259.7957224
259.8057226
259.8157228
259.825723
259.8357233
259.8457235
259.8557237
259.8657239
259.8757241
259.8857244
259.8957246
259.9057248
259.915725
259.9257252
259.9357255
259.9457257
259.9557259
259.9657261
259.9757263
259.9857266
259.9957268
260.005727
260.0157272
260.0257274
260.0357277
260.0457279
260.0557281
260.0657283
260.0757285
260.0857288
260.095729
260.1057292
260.1157294
260.1257296
260.1357299
260.1457301
260.1557303
260.1657305
260.1757307
260.185731
260.1957312
260.2057314
260.2157316
260.2257318
260.2357321
260.2457323
260.2557325
260.2657327
260.2757329
260.2857332
260.2957334
260.3057336
260.3157338
260.325734
260.3357343
260.3457345
260.3557347
260.3657349
260.3757351
260.3857354
260.3957356
260.4057358
260.415736
260.4257362
260.4357365
260.4457367
260.4557369
260.4657371
260.4757374
260.4857376
260.4957378
260.505738
260.5157382
260.5257385
260.5357387
260.5457389
260.5557391
260.5657393
260.5757396
260.5857398
260.59574
260.6057402
260.6157404
260.6257407
260.6357409
260.6457411
260.6557413
260.6657415
260.6757418
260.685742
260.6957422
260.7057424
260.7157426
260.7257429
260.7357431
260.7457433
260.7557435
260.7657437
260.775744
260.7857442
260.7957444
260.8057446
260.8157448
260.8257451
260.8357453
260.8457455
260.8557457
260.8657459
260.8757462
260.8857464
260.8957466
260.9057468
260.915747
260.9257473
260.9357475
260.9457477
260.9557479
260.9657481
260.9757484
260.9857486
260.9957488
261.005749
261.0157492
261.0257495
261.0357497
261.0457499
261.0557501
261.0657503
261.0757506
261.0857508
261.095751
261.1057512
261.1157514
261.1257517
261.1357519
261.1457521
261.1557523
261.1657525
261.1757528
261.185753
261.1957532
261.2057534
261.2157537
261.2257539
261.2357541
261.2457543
261.2557545
261.2657548
261.275755
261.2857552
261.2957554
261.3057556
261.3157559
261.3257561
261.3357563
261.3457565
261.3557567
261.365757
261.3757572
261.3857574
261.3957576
261.4057578
261.4157581
261.4257583
261.4357585
261.4457587
261.4557589
261.4657592
261.4757594
261.4857596
261.4957598
261.50576
261.5157603
261.5257605
261.5357607
261.5457609
261.5557611
261.5657614
261.5757616
261.5857618
261.595762
261.6057622
261.6157625
261.6257627
261.6357629
261.6457631
261.6557633
261.6657636
261.6757638
261.685764
261.6957642
261.7057644
261.7157647
261.7257649
261.7357651
261.7457653
261.7557655
261.7657658
261.775766
261.7857662
261.7957664
261.8057666
261.8157669
261.8257671
261.8357673
261.8457675
261.8557677
261.865768
261.8757682
261.8857684
261.8957686
261.9057688
261.9157691
261.9257693
261.9357695
261.9457697
261.95577
261.9657702
261.9757704
261.9857706
261.9957708
262.0057711
262.0157713
262.0257715
262.0357717
262.0457719
262.0557722
262.0657724
262.0757726
262.0857728
262.095773
262.1057733
262.1157735
262.1257737
262.1357739
262.1457741
262.1557744
262.1657746
262.1757748
262.185775
262.1957752
262.2057755
262.2157757
262.2257759
262.2357761
262.2457763
262.2557766
262.2657768
262.275777
262.2857772
262.2957774
262.3057777
262.3157779
262.3257781
262.3357783
262.3457785
262.3557788
262.365779
262.3757792
262.3857794
262.3957796
262.4057799
262.4157801
262.4257803
262.4357805
262.4457807
262.455781
262.4657812
262.4757814
262.4857816
262.4957818
262.5057821
262.5157823
262.5257825
262.5357827
262.5457829
262.5557832
262.5657834
262.5757836
262.5857838
262.595784
262.6057843
262.6157845
262.6257847
262.6357849
262.6457851
262.6557854
262.6657856
262.6757858
262.685786
262.6957863
262.7057865
262.7157867
262.7257869
262.7357871
262.7457874
262.7557876
262.7657878
262.775788
262.7857882
262.7957885
262.8057887
262.8157889
262.8257891
262.8357893
262.8457896
262.8557898
262.86579
262.8757902
262.8857904
262.8957907
262.9057909
262.9157911
262.9257913
262.9357915
262.9457918
262.955792
262.9657922
262.9757924
262.9857926
262.9957929
263.0057931
263.0157933
263.0257935
263.0357937
263.045794
263.0557942
263.0657944
263.0757946
263.0857948
263.0957951
263.1057953
263.1157955
263.1257957
263.1357959
263.1457962
263.1557964
263.1657966
263.1757968
263.185797
263.1957973
263.2057975
263.2157977
263.2257979
263.2357981
263.2457984
263.2557986
263.2657988
263.275799
263.2857992
263.2957995
263.3057997
263.3157999
263.3258001
263.3358003
263.3458006
263.3558008
263.365801
263.3758012
263.3858014
263.3958017
263.4058019
263.4158021
263.4258023
263.4358026
263.4458028
263.455803
263.4658032
263.4758034
263.4858037
263.4958039
263.5058041
263.5158043
263.5258045
263.5358048
263.545805
263.5558052
263.5658054
263.5758056
263.5858059
263.5958061
263.6058063
263.6158065
263.6258067
263.635807
263.6458072
263.6558074
263.6658076
263.6758078
263.6858081
263.6958083
263.7058085
263.7158087
263.7258089
263.7358092
263.7458094
263.7558096
263.7658098
263.77581
263.7858103
263.7958105
263.8058107
263.8158109
263.8258111
263.8358114
263.8458116
263.8558118
263.865812
263.8758122
263.8858125
263.8958127
263.9058129
263.9158131
263.9258133
263.9358136
263.9458138
263.955814
263.9658142
263.9758144
263.9858147
263.9958149
264.0058151
264.0158153
264.0258155
264.0358158
264.045816
264.0558162
264.0658164
264.0758166
264.0858169
264.0958171
264.1058173
264.1158175
264.1258177
264.135818
264.1458182
264.1558184
264.1658186
264.1758189
264.1858191
264.1958193
264.2058195
264.2158197
264.22582
264.2358202
264.2458204
264.2558206
264.2658208
264.2758211
264.2858213
264.2958215
264.3058217
264.3158219
264.3258222
264.3358224
264.3458226
264.3558228
264.365823
264.3758233
264.3858235
264.3958237
264.4058239
264.4158241
264.4258244
264.4358246
264.4458248
264.455825
264.4658252
264.4758255
264.4858257
264.4958259
264.5058261
264.5158263
264.5258266
264.5358268
264.545827
264.5558272
264.5658274
264.5758277
264.5858279
264.5958281
264.6058283
264.6158285
264.6258288
264.635829
264.6458292
264.6558294
264.6658296
264.6758299
264.6858301
264.6958303
264.7058305
264.7158307
264.725831
264.7358312
264.7458314
264.7558316
264.7658318
264.7758321
264.7858323
264.7958325
264.8058327
264.8158329
264.8258332
264.8358334
264.8458336
264.8558338
264.865834
264.8758343
264.8858345
264.8958347
264.9058349
264.9158352
264.9258354
264.9358356
264.9458358
264.955836
264.9658363
264.9758365
264.9858367
264.9958369
265.0058371
265.0158374
265.0258376
265.0358378
265.045838
265.0558382
265.0658385
265.0758387
265.0858389
265.0958391
265.1058393
265.1158396
265.1258398
265.13584
265.1458402
265.1558404
265.1658407
265.1758409
265.1858411
265.1958413
265.2058415
265.2158418
265.225842
265.2358422
265.2458424
265.2558426
265.2658429
265.2758431
265.2858433
265.2958435
265.3058437
265.315844
265.3258442
265.3358444
265.3458446
265.3558448
265.3658451
265.3758453
265.3858455
265.3958457
265.4058459
265.4158462
265.4258464
265.4358466
265.4458468
265.455847
265.4658473
265.4758475
265.4858477
265.4958479
265.5058481
265.5158484
265.5258486
265.5358488
265.545849
265.5558492
265.5658495
265.5758497
265.5858499
265.5958501
265.6058503
265.6158506
265.6258508
265.635851
265.6458512
265.6558515
265.6658517
265.6758519
265.6858521
265.6958523
265.7058526
265.7158528
265.725853
265.7358532
265.7458534
265.7558537
265.7658539
265.7758541
265.7858543
265.7958545
265.8058548
265.815855
265.8258552
265.8358554
265.8458556
265.8558559
265.8658561
265.8758563
265.8858565
265.8958567
265.905857
265.9158572
265.9258574
265.9358576
265.9458578
265.9558581
265.9658583
265.9758585
265.9858587
265.9958589
266.0058592
266.0158594
266.0258596
266.0358598
266.04586
266.0558603
266.0658605
266.0758607
266.0858609
266.0958611
266.1058614
266.1158616
266.1258618
266.135862
266.1458622
266.1558625
266.1658627
266.1758629
266.1858631
266.1958633
266.2058636
266.2158638
266.225864
266.2358642
266.2458644
266.2558647
266.2658649
266.2758651
266.2858653
266.2958655
266.3058658
266.315866
266.3258662
266.3358664
266.3458666
266.3558669
266.3658671
266.3758673
266.3858675
266.3958678
266.405868
266.4158682
266.4258684
266.4358686
266.4458689
266.4558691
266.4658693
266.4758695
266.4858697
266.49587
266.5058702
266.5158704
266.5258706
266.5358708
266.5458711
266.5558713
266.5658715
266.5758717
266.5858719
266.5958722
266.6058724
266.6158726
266.6258728
266.635873
266.6458733
266.6558735
266.6658737
266.6758739
266.6858741
266.6958744
266.7058746
266.7158748
266.725875
266.7358752
266.7458755
266.7558757
266.7658759
266.7758761
266.7858763
266.7958766
266.8058768
266.815877
266.8258772
266.8358774
266.8458777
266.8558779
266.8658781
266.8758783
266.8858785
266.8958788
266.905879
266.9158792
266.9258794
266.9358796
266.9458799
266.9558801
266.9658803
266.9758805
266.9858807
266.995881
267.0058812
267.0158814
267.0258816
267.0358818
267.0458821
267.0558823
267.0658825
267.0758827
267.0858829
267.0958832
267.1058834
267.1158836
267.1258838
267.1358841
267.1458843
267.1558845
267.1658847
267.1758849
267.1858852
267.1958854
267.2058856
267.2158858
267.225886
267.2358863
267.2458865
267.2558867
267.2658869
267.2758871
267.2858874
267.2958876
267.3058878
267.315888
267.3258882
267.3358885
267.3458887
267.3558889
267.3658891
267.3758893
267.3858896
267.3958898
267.40589
267.4158902
267.4258904
267.4358907
267.4458909
267.4558911
267.4658913
267.4758915
267.4858918
267.495892
267.5058922
267.5158924
267.5258926
267.5358929
267.5458931
267.5558933
267.5658935
267.5758937
267.585894
267.5958942
267.6058944
267.6158946
267.6258948
267.6358951
267.6458953
267.6558955
267.6658957
267.6758959
267.6858962
267.6958964
267.7058966
267.7158968
267.725897
267.7358973
267.7458975
267.7558977
267.7658979
267.7758981
267.7858984
267.7958986
267.8058988
267.815899
267.8258992
267.8358995
267.8458997
267.8558999
267.8659001
267.8759004
267.8859006
267.8959008
267.905901
267.9159012
267.9259015
267.9359017
267.9459019
267.9559021
267.9659023
267.9759026
267.9859028
267.995903
268.0059032
268.0159034
268.0259037
268.0359039
268.0459041
268.0559043
268.0659045
268.0759048
268.085905
268.0959052
268.1059054
268.1159056
268.1259059
268.1359061
268.1459063
268.1559065
268.1659067
268.175907
268.1859072
268.1959074
268.2059076
268.2159078
268.2259081
268.2359083
268.2459085
268.2559087
268.2659089
268.2759092
268.2859094
268.2959096
268.3059098
268.31591
268.3259103
268.3359105
268.3459107
268.3559109
268.3659111
268.3759114
268.3859116
268.3959118
268.405912
268.4159122
268.4259125
268.4359127
268.4459129
268.4559131
268.4659133
268.4759136
268.4859138
268.495914
268.5059142
268.5159144
268.5259147
268.5359149
268.5459151
268.5559153
268.5659155
268.5759158
268.585916
268.5959162
268.6059164
268.6159167
268.6259169
268.6359171
268.6459173
268.6559175
268.6659178
268.675918
268.6859182
268.6959184
268.7059186
268.7159189
268.7259191
268.7359193
268.7459195
268.7559197
268.76592
268.7759202
268.7859204
268.7959206
268.8059208
268.8159211
268.8259213
268.8359215
268.8459217
268.8559219
268.8659222
268.8759224
268.8859226
268.8959228
268.905923
268.9159233
268.9259235
268.9359237
268.9459239
268.9559241
268.9659244
268.9759246
268.9859248
268.995925
269.0059252
269.0159255
269.0259257
269.0359259
269.0459261
269.0559263
269.0659266
269.0759268
269.085927
269.0959272
269.1059274
269.1159277
269.1259279
269.1359281
269.1459283
269.1559285
269.1659288
269.175929
269.1859292
269.1959294
269.2059296
269.2159299
269.2259301
269.2359303
269.2459305
269.2559307
269.265931
269.2759312
269.2859314
269.2959316
269.3059318
269.3159321
269.3259323
269.3359325
269.3459327
269.355933
269.3659332
269.3759334
269.3859336
269.3959338
269.4059341
269.4159343
269.4259345
269.4359347
269.4459349
269.4559352
269.4659354
269.4759356
269.4859358
269.495936
269.5059363
269.5159365
269.5259367
269.5359369
269.5459371
269.5559374
269.5659376
269.5759378
269.585938
269.5959382
269.6059385
269.6159387
269.6259389
269.6359391
269.6459393
269.6559396
269.6659398
269.67594
269.6859402
269.6959404
269.7059407
269.7159409
269.7259411
269.7359413
269.7459415
269.7559418
269.765942
269.7759422
269.7859424
269.7959426
269.8059429
269.8159431
269.8259433
269.8359435
269.8459437
269.855944
269.8659442
269.8759444
269.8859446
269.8959448
269.9059451
269.9159453
269.9259455
269.9359457
269.9459459
269.9559462
269.9659464
269.9759466
269.9859468
269.995947
270.0059473
270.0159475
270.0259477
270.0359479
270.0459481
270.0559484
270.0659486
270.0759488
270.085949
270.0959492
270.1059495
270.1159497
270.1259499
270.1359501
270.1459504
270.1559506
270.1659508
270.175951
270.1859512
270.1959515
270.2059517
270.2159519
270.2259521
270.2359523
270.2459526
270.2559528
270.265953
270.2759532
270.2859534
270.2959537
270.3059539
270.3159541
270.3259543
270.3359545
270.3459548
270.355955
270.3659552
270.3759554
270.3859556
270.3959559
270.4059561
270.4159563
270.4259565
270.4359567
270.445957
270.4559572
270.4659574
270.4759576
270.4859578
270.4959581
270.5059583
270.5159585
270.5259587
270.5359589
270.5459592
270.5559594
270.5659596
270.5759598
270.58596
270.5959603
270.6059605
270.6159607
270.6259609
270.6359611
270.6459614
270.6559616
270.6659618
270.675962
270.6859622
270.6959625
270.7059627
270.7159629
270.7259631
270.7359633
270.7459636
270.7559638
270.765964
270.7759642
270.7859644
270.7959647
270.8059649
270.8159651
270.8259653
270.8359655
270.8459658
270.855966
270.8659662
270.8759664
270.8859667
270.8959669
270.9059671
270.9159673
270.9259675
270.9359678
270.945968
270.9559682
270.9659684
270.9759686
270.9859689
270.9959691
271.0059693
271.0159695
271.0259697
271.03597
271.0459702
271.0559704
271.0659706
271.0759708
271.0859711
271.0959713
271.1059715
271.1159717
271.1259719
271.1359722
271.1459724
271.1559726
271.1659728
271.175973
271.1859733
271.1959735
271.2059737
271.2159739
271.2259741
271.2359744
271.2459746
271.2559748
271.265975
271.2759752
271.2859755
271.2959757
271.3059759
271.3159761
271.3259763
271.3359766
271.3459768
271.355977
271.3659772
271.3759774
271.3859777
271.3959779
271.4059781
271.4159783
271.4259785
271.4359788
271.445979
271.4559792
271.4659794
271.4759796
271.4859799
271.4959801
271.5059803
271.5159805
271.5259807
271.535981
271.5459812
271.5559814
271.5659816
271.5759818
271.5859821
271.5959823
271.6059825
271.6159827
271.625983
271.6359832
271.6459834
271.6559836
271.6659838
271.6759841
271.6859843
271.6959845
271.7059847
271.7159849
271.7259852
271.7359854
271.7459856
271.7559858
271.765986
271.7759863
271.7859865
271.7959867
271.8059869
271.8159871
271.8259874
271.8359876
271.8459878
271.855988
271.8659882
271.8759885
271.8859887
271.8959889
271.9059891
271.9159893
271.9259896
271.9359898
271.94599
271.9559902
271.9659904
271.9759907
271.9859909
271.9959911
272.0059913
272.0159915
272.0259918
272.035992
272.0459922
272.0559924
272.0659926
272.0759929
272.0859931
272.0959933
272.1059935
272.1159937
272.125994
272.1359942
272.1459944
272.1559946
272.1659948
272.1759951
272.1859953
272.1959955
272.2059957
272.2159959
272.2259962
272.2359964
272.2459966
272.2559968
272.265997
272.2759973
272.2859975
272.2959977
272.3059979
272.3159981
272.3259984
272.3359986
272.3459988
272.355999
272.3659993
272.3759995
272.3859997
272.3959999
272.4060001
272.4160004
272.4260006
272.4360008
272.446001
272.4560012
272.4660015
272.4760017
272.4860019
272.4960021
272.5060023
272.5160026
272.5260028
272.536003
272.5460032
272.5560034
272.5660037
272.5760039
272.5860041
272.5960043
272.6060045
272.6160048
272.626005
272.6360052
272.6460054
272.6560056
272.6660059
272.6760061
272.6860063
272.6960065
272.7060067
272.716007
272.7260072
272.7360074
272.7460076
272.7560078
272.7660081
272.7760083
272.7860085
272.7960087
272.8060089
272.8160092
272.8260094
272.8360096
272.8460098
272.85601
272.8660103
272.8760105
272.8860107
272.8960109
272.9060111
272.9160114
272.9260116
272.9360118
272.946012
272.9560122
272.9660125
272.9760127
272.9860129
272.9960131
273.0060133
273.0160136
273.0260138
273.036014
273.0460142
273.0560144
273.0660147
273.0760149
273.0860151
273.0960153
273.1060156
273.1160158
273.126016
273.1360162
273.1460164
273.1560167
273.1660169
273.1760171
273.1860173
273.1960175
273.2060178
273.216018
273.2260182
273.2360184
273.2460186
273.2560189
273.2660191
273.2760193
273.2860195
273.2960197
273.30602
273.3160202
273.3260204
273.3360206
273.3460208
273.3560211
273.3660213
273.3760215
273.3860217
273.3960219
273.4060222
273.4160224
273.4260226
273.4360228
273.446023
273.4560233
273.4660235
273.4760237
273.4860239
273.4960241
273.5060244
273.5160246
273.5260248
273.536025
273.5460252
273.5560255
273.5660257
273.5760259
273.5860261
273.5960263
273.6060266
273.6160268
273.626027
273.6360272
273.6460274
273.6560277
273.6660279
273.6760281
273.6860283
273.6960285
273.7060288
273.716029
273.7260292
273.7360294
273.7460296
273.7560299
273.7660301
273.7760303
273.7860305
273.7960307
273.806031
273.8160312
273.8260314
273.8360316
273.8460319
273.8560321
273.8660323
273.8760325
273.8860327
273.896033
273.9060332
273.9160334
273.9260336
273.9360338
273.9460341
273.9560343
273.9660345
273.9760347
273.9860349
273.9960352
274.0060354
274.0160356
274.0260358
274.036036
274.0460363
274.0560365
274.0660367
274.0760369
274.0860371
274.0960374
274.1060376
274.1160378
274.126038
274.1360382
274.1460385
274.1560387
274.1660389
274.1760391
274.1860393
274.1960396
274.2060398
274.21604
274.2260402
274.2360404
274.2460407
274.2560409
274.2660411
274.2760413
274.2860415
274.2960418
274.306042
274.3160422
274.3260424
274.3360426
274.3460429
274.3560431
274.3660433
274.3760435
274.3860437
274.396044
274.4060442
274.4160444
274.4260446
274.4360448
274.4460451
274.4560453
274.4660455
274.4760457
274.4860459
274.4960462
274.5060464
274.5160466
274.5260468
274.536047
274.5460473
274.5560475
274.5660477
274.5760479
274.5860482
274.5960484
274.6060486
274.6160488
274.626049
274.6360493
274.6460495
274.6560497
274.6660499
274.6760501
274.6860504
274.6960506
274.7060508
274.716051
274.7260512
274.7360515
274.7460517
274.7560519
274.7660521
274.7760523
274.7860526
274.7960528
274.806053
274.8160532
274.8260534
274.8360537
274.8460539
274.8560541
274.8660543
274.8760545
274.8860548
274.896055
274.9060552
274.9160554
274.9260556
274.9360559
274.9460561
274.9560563
274.9660565
274.9760567
274.986057
274.9960572
275.0060574
275.0160576
275.0260578
275.0360581
275.0460583
275.0560585
275.0660587
275.0760589
275.0860592
275.0960594
275.1060596
275.1160598
275.12606
275.1360603
275.1460605
275.1560607
275.1660609
275.1760611
275.1860614
275.1960616
275.2060618
275.216062
275.2260622
275.2360625
275.2460627
275.2560629
275.2660631
275.2760633
275.2860636
275.2960638
275.306064
275.3160642
275.3260645
275.3360647
275.3460649
275.3560651
275.3660653
275.3760656
275.3860658
275.396066
275.4060662
275.4160664
275.4260667
275.4360669
275.4460671
275.4560673
275.4660675
275.4760678
275.486068
275.4960682
275.5060684
275.5160686
275.5260689
275.5360691
275.5460693
275.5560695
275.5660697
275.57607
275.5860702
275.5960704
275.6060706
275.6160708
275.6260711
275.6360713
275.6460715
275.6560717
275.6660719
275.6760722
275.6860724
275.6960726
275.7060728
275.716073
275.7260733
275.7360735
275.7460737
275.7560739
275.7660741
275.7760744
275.7860746
275.7960748
275.806075
275.8160752
275.8260755
275.8360757
275.8460759
275.8560761
275.8660763
275.8760766
275.8860768
275.896077
275.9060772
275.9160774
275.9260777
275.9360779
275.9460781
275.9560783
275.9660785
275.9760788
275.986079
275.9960792
276.0060794
276.0160796
276.0260799
276.0360801
276.0460803
276.0560805
276.0660808
276.076081
276.0860812
276.0960814
276.1060816
276.1160819
276.1260821
276.1360823
276.1460825
276.1560827
276.166083
276.1760832
276.1860834
276.1960836
276.2060838
276.2160841
276.2260843
276.2360845
276.2460847
276.2560849
276.2660852
276.2760854
276.2860856
276.2960858
276.306086
276.3160863
276.3260865
276.3360867
276.3460869
276.3560871
276.3660874
276.3760876
276.3860878
276.396088
276.4060882
276.4160885
276.4260887
276.4360889
276.4460891
276.4560893
276.4660896
276.4760898
276.48609
276.4960902
276.5060904
276.5160907
276.5260909
276.5360911
276.5460913
276.5560915
276.5660918
276.576092
276.5860922
276.5960924
276.6060926
276.6160929
276.6260931
276.6360933
276.6460935
276.6560937
276.666094
276.6760942
276.6860944
276.6960946
276.7060948
276.7160951
276.7260953
276.7360955
276.7460957
276.7560959
276.7660962
276.7760964
276.7860966
276.7960968
276.8060971
276.8160973
276.8260975
276.8360977
276.8460979
276.8560982
276.8660984
276.8760986
276.8860988
276.896099
276.9060993
276.9160995
276.9260997
276.9360999
276.9461001
276.9561004
276.9661006
276.9761008
276.986101
276.9961012
277.0061015
277.0161017
277.0261019
277.0361021
277.0461023
277.0561026
277.0661028
277.076103
277.0861032
277.0961034
277.1061037
277.1161039
277.1261041
277.1361043
277.1461045
277.1561048
277.166105
277.1761052
277.1861054
277.1961056
277.2061059
277.2161061
277.2261063
277.2361065
277.2461067
277.256107
277.2661072
277.2761074
277.2861076
277.2961078
277.3061081
277.3161083
277.3261085
277.3361087
277.3461089
277.3561092
277.3661094
277.3761096
277.3861098
277.39611
277.4061103
277.4161105
277.4261107
277.4361109
277.4461111
277.4561114
277.4661116
277.4761118
277.486112
277.4961122
277.5061125
277.5161127
277.5261129
277.5361131
277.5461134
277.5561136
277.5661138
277.576114
277.5861142
277.5961145
277.6061147
277.6161149
277.6261151
277.6361153
277.6461156
277.6561158
277.666116
277.6761162
277.6861164
277.6961167
277.7061169
277.7161171
277.7261173
277.7361175
277.7461178
277.756118
277.7661182
277.7761184
277.7861186
277.7961189
277.8061191
277.8161193
277.8261195
277.8361197
277.84612
277.8561202
277.8661204
277.8761206
277.8861208
277.8961211
277.9061213
277.9161215
277.9261217
277.9361219
277.9461222
277.9561224
277.9661226
277.9761228
277.986123
277.9961233
278.0061235
278.0161237
278.0261239
278.0361241
278.0461244
278.0561246
278.0661248
278.076125
278.0861252
278.0961255
278.1061257
278.1161259
278.1261261
278.1361263
278.1461266
278.1561268
278.166127
278.1761272
278.1861274
278.1961277
278.2061279
278.2161281
278.2261283
278.2361285
278.2461288
278.256129
278.2661292
278.2761294
278.2861297
278.2961299
278.3061301
278.3161303
278.3261305
278.3361308
278.346131
278.3561312
278.3661314
278.3761316
278.3861319
278.3961321
278.4061323
278.4161325
278.4261327
278.436133
278.4461332
278.4561334
278.4661336
278.4761338
278.4861341
278.4961343
278.5061345
278.5161347
278.5261349
278.5361352
278.5461354
278.5561356
278.5661358
278.576136
278.5861363
278.5961365
278.6061367
278.6161369
278.6261371
278.6361374
278.6461376
278.6561378
278.666138
278.6761382
278.6861385
278.6961387
278.7061389
278.7161391
278.7261393
278.7361396
278.7461398
278.75614
278.7661402
278.7761404
278.7861407
278.7961409
278.8061411
278.8161413
278.8261415
278.8361418
278.846142
278.8561422
278.8661424
278.8761426
278.8861429
278.8961431
278.9061433
278.9161435
278.9261437
278.936144
278.9461442
278.9561444
278.9661446
278.9761448
278.9861451
278.9961453
279.0061455
279.0161457
279.026146
279.0361462
279.0461464
279.0561466
279.0661468
279.0761471
279.0861473
279.0961475
279.1061477
279.1161479
279.1261482
279.1361484
279.1461486
279.1561488
279.166149
279.1761493
279.1861495
279.1961497
279.2061499
279.2161501
279.2261504
279.2361506
279.2461508
279.256151
279.2661512
279.2761515
279.2861517
279.2961519
279.3061521
279.3161523
279.3261526
279.3361528
279.346153
279.3561532
279.3661534
279.3761537
279.3861539
279.3961541
279.4061543
279.4161545
279.4261548
279.436155
279.4461552
279.4561554
279.4661556
279.4761559
279.4861561
279.4961563
279.5061565
279.5161567
279.526157
279.5361572
279.5461574
279.5561576
279.5661578
279.5761581
279.5861583
279.5961585
279.6061587
279.6161589
279.6261592
279.6361594
279.6461596
279.6561598
279.66616
279.6761603
279.6861605
279.6961607
279.7061609
279.7161611
279.7261614
279.7361616
279.7461618
279.756162
279.7661623
279.7761625
279.7861627
279.7961629
279.8061631
279.8161634
279.8261636
279.8361638
279.846164
279.8561642
279.8661645
279.8761647
279.8861649
279.8961651
279.9061653
279.9161656
279.9261658
279.936166
279.9461662
279.9561664
279.9661667
279.9761669
279.9861671
279.9961673
280.0061675
280.0161678
280.026168
280.0361682
280.0461684
280.0561686
280.0661689
280.0761691
280.0861693
280.0961695
280.1061697
280.11617
280.1261702
280.1361704
280.1461706
280.1561708
280.1661711
280.1761713
280.1861715
280.1961717
280.2061719
280.2161722
280.2261724
280.2361726
280.2461728
280.256173
280.2661733
280.2761735
280.2861737
280.2961739
280.3061741
280.3161744
280.3261746
280.3361748
280.346175
280.3561752
280.3661755
280.3761757
280.3861759
280.3961761
280.4061763
280.4161766
280.4261768
280.436177
280.4461772
280.4561774
280.4661777
280.4761779
280.4861781
280.4961783
280.5061786
280.5161788
280.526179
280.5361792
280.5461794
280.5561797
280.5661799
280.5761801
280.5861803
280.5961805
280.6061808
280.616181
280.6261812
280.6361814
280.6461816
280.6561819
280.6661821
280.6761823
280.6861825
280.6961827
280.706183
280.7161832
280.7261834
280.7361836
280.7461838
280.7561841
280.7661843
280.7761845
280.7861847
280.7961849
280.8061852
280.8161854
280.8261856
280.8361858
280.846186
280.8561863
280.8661865
280.8761867
280.8861869
280.8961871
280.9061874
280.9161876
280.9261878
280.936188
280.9461882
280.9561885
280.9661887
280.9761889
280.9861891
280.9961893
281.0061896
281.0161898
281.02619
281.0361902
281.0461904
281.0561907
281.0661909
281.0761911
281.0861913
281.0961915
281.1061918
281.116192
281.1261922
281.1361924
281.1461926
281.1561929
281.1661931
281.1761933
281.1861935
281.1961937
281.206194
281.2161942
281.2261944
281.2361946
281.2461949
281.2561951
281.2661953
281.2761955
281.2861957
281.296196
281.3061962
281.3161964
281.3261966
281.3361968
281.3461971
281.3561973
281.3661975
281.3761977
281.3861979
281.3961982
281.4061984
281.4161986
281.4261988
281.436199
281.4461993
281.4561995
281.4661997
281.4761999
281.4862001
281.4962004
281.5062006
281.5162008
281.526201
281.5362012
281.5462015
281.5562017
281.5662019
281.5762021
281.5862023
281.5962026
281.6062028
281.616203
281.6262032
281.6362034
281.6462037
281.6562039
281.6662041
281.6762043
281.6862045
281.6962048
281.706205
281.7162052
281.7262054
281.7362056
281.7462059
281.7562061
281.7662063
281.7762065
281.7862067
281.796207
281.8062072
281.8162074
281.8262076
281.8362078
281.8462081
281.8562083
281.8662085
281.8762087
281.8862089
281.8962092
281.9062094
281.9162096
281.9262098
281.93621
281.9462103
281.9562105
281.9662107
281.9762109
281.9862112
281.9962114
282.0062116
282.0162118
282.026212
282.0362123
282.0462125
282.0562127
282.0662129
282.0762131
282.0862134
282.0962136
282.1062138
282.116214
282.1262142
282.1362145
282.1462147
282.1562149
282.1662151
282.1762153
282.1862156
282.1962158
282.206216
282.2162162
282.2262164
282.2362167
282.2462169
282.2562171
282.2662173
282.2762175
282.2862178
282.296218
282.3062182
282.3162184
282.3262186
282.3362189
282.3462191
282.3562193
282.3662195
282.3762197
282.38622
282.3962202
282.4062204
282.4162206
282.4262208
282.4362211
282.4462213
282.4562215
282.4662217
282.4762219
282.4862222
282.4962224
282.5062226
282.5162228
282.526223
282.5362233
282.5462235
282.5562237
282.5662239
282.5762241
282.5862244
282.5962246
282.6062248
282.616225
282.6262252
282.6362255
282.6462257
282.6562259
282.6662261
282.6762263
282.6862266
282.6962268
282.706227
282.7162272
282.7262274
282.7362277
282.7462279
282.7562281
282.7662283
282.7762286
282.7862288
282.796229
282.8062292
282.8162294
282.8262297
282.8362299
282.8462301
282.8562303
282.8662305
282.8762308
282.886231
282.8962312
282.9062314
282.9162316
282.9262319
282.9362321
282.9462323
282.9562325
282.9662327
282.976233
282.9862332
282.9962334
283.0062336
283.0162338
283.0262341
283.0362343
283.0462345
283.0562347
283.0662349
283.0762352
283.0862354
283.0962356
283.1062358
283.116236
283.1262363
283.1362365
283.1462367
283.1562369
283.1662371
283.1762374
283.1862376
283.1962378
283.206238
283.2162382
283.2262385
283.2362387
283.2462389
283.2562391
283.2662393
283.2762396
283.2862398
283.29624
283.3062402
283.3162404
283.3262407
283.3362409
283.3462411
283.3562413
283.3662415
283.3762418
283.386242
283.3962422
283.4062424
283.4162426
283.4262429
283.4362431
283.4462433
283.4562435
283.4662437
283.476244
283.4862442
283.4962444
283.5062446
283.5162449
283.5262451
283.5362453
283.5462455
283.5562457
283.566246
283.5762462
283.5862464
283.5962466
283.6062468
283.6162471
283.6262473
283.6362475
283.6462477
283.6562479
283.6662482
283.6762484
283.6862486
283.6962488
283.706249
283.7162493
283.7262495
283.7362497
283.7462499
283.7562501
283.7662504
283.7762506
283.7862508
283.796251
283.8062512
283.8162515
283.8262517
283.8362519
283.8462521
283.8562523
283.8662526
283.8762528
283.886253
283.8962532
283.9062534
283.9162537
283.9262539
283.9362541
283.9462543
283.9562545
283.9662548
283.976255
283.9862552
283.9962554
284.0062556
284.0162559
284.0262561
284.0362563
284.0462565
284.0562567
284.066257
284.0762572
284.0862574
284.0962576
284.1062578
284.1162581
284.1262583
284.1362585
284.1462587
284.1562589
284.1662592
284.1762594
284.1862596
284.1962598
284.20626
284.2162603
284.2262605
284.2362607
284.2462609
284.2562612
284.2662614
284.2762616
284.2862618
284.296262
284.3062623
284.3162625
284.3262627
284.3362629
284.3462631
284.3562634
284.3662636
284.3762638
284.386264
284.3962642
284.4062645
284.4162647
284.4262649
284.4362651
284.4462653
284.4562656
284.4662658
284.476266
284.4862662
284.4962664
284.5062667
284.5162669
284.5262671
284.5362673
284.5462675
284.5562678
284.566268
284.5762682
284.5862684
284.5962686
284.6062689
284.6162691
284.6262693
284.6362695
284.6462697
284.65627
284.6662702
284.6762704
284.6862706
284.6962708
284.7062711
284.7162713
284.7262715
284.7362717
284.7462719
284.7562722
284.7662724
284.7762726
284.7862728
284.796273
284.8062733
284.8162735
284.8262737
284.8362739
284.8462741
284.8562744
284.8662746
284.8762748
284.886275
284.8962752
284.9062755
284.9162757
284.9262759
284.9362761
284.9462763
284.9562766
284.9662768
284.976277
284.9862772
284.9962775
285.0062777
285.0162779
285.0262781
285.0362783
285.0462786
285.0562788
285.066279
285.0762792
285.0862794
285.0962797
285.1062799
285.1162801
285.1262803
285.1362805
285.1462808
285.156281
285.1662812
285.1762814
285.1862816
285.1962819
285.2062821
285.2162823
285.2262825
285.2362827
285.246283
285.2562832
285.2662834
285.2762836
285.2862838
285.2962841
285.3062843
285.3162845
285.3262847
285.3362849
285.3462852
285.3562854
285.3662856
285.3762858
285.386286
285.3962863
285.4062865
285.4162867
285.4262869
285.4362871
285.4462874
285.4562876
285.4662878
285.476288
285.4862882
285.4962885
285.5062887
285.5162889
285.5262891
285.5362893
285.5462896
285.5562898
285.56629
285.5762902
285.5862904
285.5962907
285.6062909
285.6162911
285.6262913
285.6362915
285.6462918
285.656292
285.6662922
285.6762924
285.6862926
285.6962929
285.7062931
285.7162933
285.7262935
285.7362938
285.746294
285.7562942
285.7662944
285.7762946
285.7862949
285.7962951
285.8062953
285.8162955
285.8262957
285.836296
285.8462962
285.8562964
285.8662966
285.8762968
285.8862971
285.8962973
285.9062975
285.9162977
285.9262979
285.9362982
285.9462984
285.9562986
285.9662988
285.976299
285.9862993
285.9962995
286.0062997
286.0162999
286.0263001
286.0363004
286.0463006
286.0563008
286.066301
286.0763012
286.0863015
286.0963017
286.1063019
286.1163021
286.1263023
286.1363026
286.1463028
286.156303
286.1663032
286.1763034
286.1863037
286.1963039
286.2063041
286.2163043
286.2263045
286.2363048
286.246305
286.2563052
286.2663054
286.2763056
286.2863059
286.2963061
286.3063063
286.3163065
286.3263067
286.336307
286.3463072
286.3563074
286.3663076
286.3763078
286.3863081
286.3963083
286.4063085
286.4163087
286.4263089
286.4363092
286.4463094
286.4563096
286.4663098
286.4763101
286.4863103
286.4963105
286.5063107
286.5163109
286.5263112
286.5363114
286.5463116
286.5563118
286.566312
286.5763123
286.5863125
286.5963127
286.6063129
286.6163131
286.6263134
286.6363136
286.6463138
286.656314
286.6663142
286.6763145
286.6863147
286.6963149
286.7063151
286.7163153
286.7263156
286.7363158
286.746316
286.7563162
286.7663164
286.7763167
286.7863169
286.7963171
286.8063173
286.8163175
286.8263178
286.836318
286.8463182
286.8563184
286.8663186
286.8763189
286.8863191
286.8963193
286.9063195
286.9163197
286.92632
286.9363202
286.9463204
286.9563206
286.9663208
286.9763211
286.9863213
286.9963215
287.0063217
287.0163219
287.0263222
287.0363224
287.0463226
287.0563228
287.066323
287.0763233
287.0863235
287.0963237
287.1063239
287.1163241
287.1263244
287.1363246
287.1463248
287.156325
287.1663252
287.1763255
287.1863257
287.1963259
287.2063261
287.2163264
287.2263266
287.2363268
287.246327
287.2563272
287.2663275
287.2763277
287.2863279
287.2963281
287.3063283
287.3163286
287.3263288
287.336329
287.3463292
287.3563294
287.3663297
287.3763299
287.3863301
287.3963303
287.4063305
287.4163308
287.426331
287.4363312
287.4463314
287.4563316
287.4663319
287.4763321
287.4863323
287.4963325
287.5063327
287.516333
287.5263332
287.5363334
287.5463336
287.5563338
287.5663341
287.5763343
287.5863345
287.5963347
287.6063349
287.6163352
287.6263354
287.6363356
287.6463358
287.656336
287.6663363
287.6763365
287.6863367
287.6963369
287.7063371
287.7163374
287.7263376
287.7363378
287.746338
287.7563382
287.7663385
287.7763387
287.7863389
287.7963391
287.8063393
287.8163396
287.8263398
287.83634
287.8463402
287.8563404
287.8663407
287.8763409
287.8863411
287.8963413
287.9063415
287.9163418
287.926342
287.9363422
287.9463424
287.9563427
287.9663429
287.9763431
287.9863433
287.9963435
288.0063438
288.016344
288.0263442
288.0363444
288.0463446
288.0563449
288.0663451
288.0763453
288.0863455
288.0963457
288.106346
288.1163462
288.1263464
288.1363466
288.1463468
288.1563471
288.1663473
288.1763475
288.1863477
288.1963479
288.2063482
288.2163484
288.2263486
288.2363488
288.246349
288.2563493
288.2663495
288.2763497
288.2863499
288.2963501
288.3063504
288.3163506
288.3263508
288.336351
288.3463512
288.3563515
288.3663517
288.3763519
288.3863521
288.3963523
288.4063526
288.4163528
288.426353
288.4363532
288.4463534
288.4563537
288.4663539
288.4763541
288.4863543
288.4963545
288.5063548
288.516355
288.5263552
288.5363554
288.5463556
288.5563559
288.5663561
288.5763563
288.5863565
288.5963567
288.606357
288.6163572
288.6263574
288.6363576
288.6463578
288.6563581
288.6663583
288.6763585
288.6863587
288.696359
288.7063592
288.7163594
288.7263596
288.7363598
288.7463601
288.7563603
288.7663605
288.7763607
288.7863609
288.7963612
288.8063614
288.8163616
288.8263618
288.836362
288.8463623
288.8563625
288.8663627
288.8763629
288.8863631
288.8963634
288.9063636
288.9163638
288.926364
288.9363642
288.9463645
288.9563647
288.9663649
288.9763651
288.9863653
288.9963656
289.0063658
289.016366
289.0263662
289.0363664
289.0463667
289.0563669
289.0663671
289.0763673
289.0863675
289.0963678
289.106368
289.1163682
289.1263684
289.1363686
289.1463689
289.1563691
289.1663693
289.1763695
289.1863697
289.19637
289.2063702
289.2163704
289.2263706
289.2363708
289.2463711
289.2563713
289.2663715
289.2763717
289.2863719
289.2963722
289.3063724
289.3163726
289.3263728
289.336373
289.3463733
289.3563735
289.3663737
289.3763739
289.3863741
289.3963744
289.4063746
289.4163748
289.426375
289.4363753
289.4463755
289.4563757
289.4663759
289.4763761
289.4863764
289.4963766
289.5063768
289.516377
289.5263772
289.5363775
289.5463777
289.5563779
289.5663781
289.5763783
289.5863786
289.5963788
289.606379
289.6163792
289.6263794
289.6363797
289.6463799
289.6563801
289.6663803
289.6763805
289.6863808
289.696381
289.7063812
289.7163814
289.7263816
289.7363819
289.7463821
289.7563823
289.7663825
289.7763827
289.786383
289.7963832
289.8063834
289.8163836
289.8263838
289.8363841
289.8463843
289.8563845
289.8663847
289.8763849
289.8863852
289.8963854
289.9063856
289.9163858
289.926386
289.9363863
289.9463865
289.9563867
289.9663869
289.9763871
289.9863874
289.9963876
290.0063878
290.016388
290.0263882
290.0363885
290.0463887
290.0563889
290.0663891
290.0763893
290.0863896
290.0963898
290.10639
290.1163902
290.1263904
290.1363907
290.1463909
290.1563911
290.1663913
290.1763916
290.1863918
290.196392
290.2063922
290.2163924
290.2263927
290.2363929
290.2463931
290.2563933
290.2663935
290.2763938
290.286394
290.2963942
290.3063944
290.3163946
290.3263949
290.3363951
290.3463953
290.3563955
290.3663957
290.376396
290.3863962
290.3963964
290.4063966
290.4163968
290.4263971
290.4363973
290.4463975
290.4563977
290.4663979
290.4763982
290.4863984
290.4963986
290.5063988
290.516399
290.5263993
290.5363995
290.5463997
290.5563999
290.5664001
290.5764004
290.5864006
290.5964008
290.606401
290.6164012
290.6264015
290.6364017
290.6464019
290.6564021
290.6664023
290.6764026
290.6864028
290.696403
290.7064032
290.7164034
290.7264037
290.7364039
290.7464041
290.7564043
290.7664045
290.7764048
290.786405
290.7964052
290.8064054
290.8164056
290.8264059
290.8364061
290.8464063
290.8564065
290.8664067
290.876407
290.8864072
290.8964074
290.9064076
290.9164079
290.9264081
290.9364083
290.9464085
290.9564087
290.966409
290.9764092
290.9864094
290.9964096
291.0064098
291.0164101
291.0264103
291.0364105
291.0464107
291.0564109
291.0664112
291.0764114
291.0864116
291.0964118
291.106412
291.1164123
291.1264125
291.1364127
291.1464129
291.1564131
291.1664134
291.1764136
291.1864138
291.196414
291.2064142
291.2164145
291.2264147
291.2364149
291.2464151
291.2564153
291.2664156
291.2764158
291.286416
291.2964162
291.3064164
291.3164167
291.3264169
291.3364171
291.3464173
291.3564175
291.3664178
291.376418
291.3864182
291.3964184
291.4064186
291.4164189
291.4264191
291.4364193
291.4464195
291.4564197
291.46642
291.4764202
291.4864204
291.4964206
291.5064208
291.5164211
291.5264213
291.5364215
291.5464217
291.5564219
291.5664222
291.5764224
291.5864226
291.5964228
291.606423
291.6164233
291.6264235
291.6364237
291.6464239
291.6564242
291.6664244
291.6764246
291.6864248
291.696425
291.7064253
291.7164255
291.7264257
291.7364259
291.7464261
291.7564264
291.7664266
291.7764268
291.786427
291.7964272
291.8064275
291.8164277
291.8264279
291.8364281
291.8464283
291.8564286
291.8664288
291.876429
291.8864292
291.8964294
291.9064297
291.9164299
291.9264301
291.9364303
291.9464305
291.9564308
291.966431
291.9764312
291.9864314
291.9964316
292.0064319
292.0164321
292.0264323
292.0364325
292.0464327
292.056433
292.0664332
292.0764334
292.0864336
292.0964338
292.1064341
292.1164343
292.1264345
292.1364347
292.1464349
292.1564352
292.1664354
292.1764356
292.1864358
292.196436
292.2064363
292.2164365
292.2264367
292.2364369
292.2464371
292.2564374
292.2664376
292.2764378
292.286438
292.2964382
292.3064385
292.3164387
292.3264389
292.3364391
292.3464393
292.3564396
292.3664398
292.37644
292.3864402
292.3964405
292.4064407
292.4164409
292.4264411
292.4364413
292.4464416
292.4564418
292.466442
292.4764422
292.4864424
292.4964427
292.5064429
292.5164431
292.5264433
292.5364435
292.5464438
292.556444
292.5664442
292.5764444
292.5864446
292.5964449
292.6064451
292.6164453
292.6264455
292.6364457
292.646446
292.6564462
292.6664464
292.6764466
292.6864468
292.6964471
292.7064473
292.7164475
292.7264477
292.7364479
292.7464482
292.7564484
292.7664486
292.7764488
292.786449
292.7964493
292.8064495
292.8164497
292.8264499
292.8364501
292.8464504
292.8564506
292.8664508
292.876451
292.8864512
292.8964515
292.9064517
292.9164519
292.9264521
292.9364523
292.9464526
292.9564528
292.966453
292.9764532
292.9864534
292.9964537
293.0064539
293.0164541
293.0264543
293.0364545
293.0464548
293.056455
293.0664552
293.0764554
293.0864556
293.0964559
293.1064561
293.1164563
293.1264565
293.1364568
293.146457
293.1564572
293.1664574
293.1764576
293.1864579
293.1964581
293.2064583
293.2164585
293.2264587
293.236459
293.2464592
293.2564594
293.2664596
293.2764598
293.2864601
293.2964603
293.3064605
293.3164607
293.3264609
293.3364612
293.3464614
293.3564616
293.3664618
293.376462
293.3864623
293.3964625
293.4064627
293.4164629
293.4264631
293.4364634
293.4464636
293.4564638
293.466464
293.4764642
293.4864645
293.4964647
293.5064649
293.5164651
293.5264653
293.5364656
293.5464658
293.556466
293.5664662
293.5764664
293.5864667
293.5964669
293.6064671
293.6164673
293.6264675
293.6364678
293.646468
293.6564682
293.6664684
293.6764686
293.6864689
293.6964691
293.7064693
293.7164695
293.7264697
293.73647
293.7464702
293.7564704
293.7664706
293.7764708
293.7864711
293.7964713
293.8064715
293.8164717
293.8264719
293.8364722
293.8464724
293.8564726
293.8664728
293.8764731
293.8864733
293.8964735
293.9064737
293.9164739
293.9264742
293.9364744
293.9464746
293.9564748
293.966475
293.9764753
293.9864755
293.9964757
294.0064759
294.0164761
294.0264764
294.0364766
294.0464768
294.056477
294.0664772
294.0764775
294.0864777
294.0964779
294.1064781
294.1164783
294.1264786
294.1364788
294.146479
294.1564792
294.1664794
294.1764797
294.1864799
294.1964801
294.2064803
294.2164805
294.2264808
294.236481
294.2464812
294.2564814
294.2664816
294.2764819
294.2864821
294.2964823
294.3064825
294.3164827
294.326483
294.3364832
294.3464834
294.3564836
294.3664838
294.3764841
294.3864843
294.3964845
294.4064847
294.4164849
294.4264852
294.4364854
294.4464856
294.4564858
294.466486
294.4764863
294.4864865
294.4964867
294.5064869
294.5164871
294.5264874
294.5364876
294.5464878
294.556488
294.5664882
294.5764885
294.5864887
294.5964889
294.6064891
294.6164893
294.6264896
294.6364898
294.64649
294.6564902
294.6664905
294.6764907
294.6864909
294.6964911
294.7064913
294.7164916
294.7264918
294.736492
294.7464922
294.7564924
294.7664927
294.7764929
294.7864931
294.7964933
294.8064935
294.8164938
294.826494
294.8364942
294.8464944
294.8564946
294.8664949
294.8764951
294.8864953
294.8964955
294.9064957
294.916496
294.9264962
294.9364964
294.9464966
294.9564968
294.9664971
294.9764973
294.9864975
294.9964977
295.0064979
295.0164982
295.0264984
295.0364986
295.0464988
295.056499
295.0664993
295.0764995
295.0864997
295.0964999
295.1065001
295.1165004
295.1265006
295.1365008
295.146501
295.1565012
295.1665015
295.1765017
295.1865019
295.1965021
295.2065023
295.2165026
295.2265028
295.236503
295.2465032
295.2565034
295.2665037
295.2765039
295.2865041
295.2965043
295.3065045
295.3165048
295.326505
295.3365052
295.3465054
295.3565056
295.3665059
295.3765061
295.3865063
295.3965065
295.4065068
295.416507
295.4265072
295.4365074
295.4465076
295.4565079
295.4665081
295.4765083
295.4865085
295.4965087
295.506509
295.5165092
295.5265094
295.5365096
295.5465098
295.5565101
295.5665103
295.5765105
295.5865107
295.5965109
295.6065112
295.6165114
295.6265116
295.6365118
295.646512
295.6565123
295.6665125
295.6765127
295.6865129
295.6965131
295.7065134
295.7165136
295.7265138
295.736514
295.7465142
295.7565145
295.7665147
295.7765149
295.7865151
295.7965153
295.8065156
295.8165158
295.826516
295.8365162
295.8465164
295.8565167
295.8665169
295.8765171
295.8865173
295.8965175
295.9065178
295.916518
295.9265182
295.9365184
295.9465186
295.9565189
295.9665191
295.9765193
295.9865195
295.9965197
296.00652
296.0165202
296.0265204
296.0365206
296.0465208
296.0565211
296.0665213
296.0765215
296.0865217
296.0965219
296.1065222
296.1165224
296.1265226
296.1365228
296.1465231
296.1565233
296.1665235
296.1765237
296.1865239
296.1965242
296.2065244
296.2165246
296.2265248
296.236525
296.2465253
296.2565255
296.2665257
296.2765259
296.2865261
296.2965264
296.3065266
296.3165268
296.326527
296.3365272
296.3465275
296.3565277
296.3665279
296.3765281
296.3865283
296.3965286
296.4065288
296.416529
296.4265292
296.4365294
296.4465297
296.4565299
296.4665301
296.4765303
296.4865305
296.4965308
296.506531
296.5165312
296.5265314
296.5365316
296.5465319
296.5565321
296.5665323
296.5765325
296.5865327
296.596533
296.6065332
296.6165334
296.6265336
296.6365338
296.6465341
296.6565343
296.6665345
296.6765347
296.6865349
296.6965352
296.7065354
296.7165356
296.7265358
296.736536
296.7465363
296.7565365
296.7665367
296.7765369
296.7865371
296.7965374
296.8065376
296.8165378
296.826538
296.8365382
296.8465385
296.8565387
296.8665389
296.8765391
296.8865394
296.8965396
296.9065398
296.91654
296.9265402
296.9365405
296.9465407
296.9565409
296.9665411
296.9765413
296.9865416
296.9965418
297.006542
297.0165422
297.0265424
297.0365427
297.0465429
297.0565431
297.0665433
297.0765435
297.0865438
297.096544
297.1065442
297.1165444
297.1265446
297.1365449
297.1465451
297.1565453
297.1665455
297.1765457
297.186546
297.1965462
297.2065464
297.2165466
297.2265468
297.2365471
297.2465473
297.2565475
297.2665477
297.2765479
297.2865482
297.2965484
297.3065486
297.3165488
297.326549
297.3365493
297.3465495
297.3565497
297.3665499
297.3765501
297.3865504
297.3965506
297.4065508
297.416551
297.4265512
297.4365515
297.4465517
297.4565519
297.4665521
297.4765523
297.4865526
297.4965528
297.506553
297.5165532
297.5265534
297.5365537
297.5465539
297.5565541
297.5665543
297.5765545
297.5865548
297.596555
297.6065552
297.6165554
297.6265557
297.6365559
297.6465561
297.6565563
297.6665565
297.6765568
297.686557
297.6965572
297.7065574
297.7165576
297.7265579
297.7365581
297.7465583
297.7565585
297.7665587
297.776559
297.7865592
297.7965594
297.8065596
297.8165598
297.8265601
297.8365603
297.8465605
297.8565607
297.8665609
297.8765612
297.8865614
297.8965616
297.9065618
297.916562
297.9265623
297.9365625
297.9465627
297.9565629
297.9665631
297.9765634
297.9865636
297.9965638
298.006564
298.0165642
298.0265645
298.0365647
298.0465649
298.0565651
298.0665653
298.0765656
298.0865658
298.096566
298.1065662
298.1165664
298.1265667
298.1365669
298.1465671
298.1565673
298.1665675
298.1765678
298.186568
298.1965682
298.2065684
298.2165686
298.2265689
298.2365691
298.2465693
298.2565695
298.2665697
298.27657
298.2865702
298.2965704
298.3065706
298.3165708
298.3265711
298.3365713
298.3465715
298.3565717
298.366572
298.3765722
298.3865724
298.3965726
298.4065728
298.4165731
298.4265733
298.4365735
298.4465737
298.4565739
298.4665742
298.4765744
298.4865746
298.4965748
298.506575
298.5165753
298.5265755
298.5365757
298.5465759
298.5565761
298.5665764
298.5765766
298.5865768
298.596577
298.6065772
298.6165775
298.6265777
298.6365779
298.6465781
298.6565783
298.6665786
298.6765788
298.686579
298.6965792
298.7065794
298.7165797
298.7265799
298.7365801
298.7465803
298.7565805
298.7665808
298.776581
298.7865812
298.7965814
298.8065816
298.8165819
298.8265821
298.8365823
298.8465825
298.8565827
298.866583
298.8765832
298.8865834
298.8965836
298.9065838
298.9165841
298.9265843
298.9365845
298.9465847
298.9565849
298.9665852
298.9765854
298.9865856
298.9965858
299.006586
299.0165863
299.0265865
299.0365867
299.0465869
299.0565871
299.0665874
299.0765876
299.0865878
299.096588
299.1065883
299.1165885
299.1265887
299.1365889
299.1465891
299.1565894
299.1665896
299.1765898
299.18659
299.1965902
299.2065905
299.2165907
299.2265909
299.2365911
299.2465913
299.2565916
299.2665918
299.276592
299.2865922
299.2965924
299.3065927
299.3165929
299.3265931
299.3365933
299.3465935
299.3565938
299.366594
299.3765942
299.3865944
299.3965946
299.4065949
299.4165951
299.4265953
299.4365955
299.4465957
299.456596
299.4665962
299.4765964
299.4865966
299.4965968
299.5065971
299.5165973
299.5265975
299.5365977
299.5465979
299.5565982
299.5665984
299.5765986
299.5865988
299.596599
299.6065993
299.6165995
299.6265997
299.6365999
299.6466001
299.6566004
299.6666006
299.6766008
299.686601
299.6966012
299.7066015
299.7166017
299.7266019
299.7366021
299.7466023
299.7566026
299.7666028
299.776603
299.7866032
299.7966034
299.8066037
299.8166039
299.8266041
299.8366043
299.8466046
299.8566048
299.866605
299.8766052
299.8866054
299.8966057
299.9066059
299.9166061
299.9266063
299.9366065
299.9466068
299.956607
299.9666072
299.9766074
299.9866076
299.9966079
300.0066081
300.0166083
300.0266085
300.0366087
300.046609
300.0566092
300.0666094
300.0766096
300.0866098
300.0966101
300.1066103
300.1166105
300.1266107
300.1366109
300.1466112
300.1566114
300.1666116
300.1766118
300.186612
300.1966123
300.2066125
300.2166127
300.2266129
300.2366131
300.2466134
300.2566136
300.2666138
300.276614
300.2866142
300.2966145
300.3066147
300.3166149
300.3266151
300.3366153
300.3466156
300.3566158
300.366616
300.3766162
300.3866164
300.3966167
300.4066169
300.4166171
300.4266173
300.4366175
300.4466178
300.456618
300.4666182
300.4766184
300.4866186
300.4966189
300.5066191
300.5166193
300.5266195
300.5366197
300.54662
300.5566202
300.5666204
300.5766206
300.5866209
300.5966211
300.6066213
300.6166215
300.6266217
300.636622
300.6466222
300.6566224
300.6666226
300.6766228
300.6866231
300.6966233
300.7066235
300.7166237
300.7266239
300.7366242
300.7466244
300.7566246
300.7666248
300.776625
300.7866253
300.7966255
300.8066257
300.8166259
300.8266261
300.8366264
300.8466266
300.8566268
300.866627
300.8766272
300.8866275
300.8966277
300.9066279
300.9166281
300.9266283
300.9366286
300.9466288
300.956629
300.9666292
300.9766294
300.9866297
300.9966299
301.0066301
301.0166303
301.0266305
301.0366308
301.046631
301.0566312
301.0666314
301.0766316
301.0866319
301.0966321
301.1066323
301.1166325
301.1266327
301.136633
301.1466332
301.1566334
301.1666336
301.1766338
301.1866341
301.1966343
301.2066345
301.2166347
301.2266349
301.2366352
301.2466354
301.2566356
301.2666358
301.276636
301.2866363
301.2966365
301.3066367
301.3166369
301.3266372
301.3366374
301.3466376
301.3566378
301.366638
301.3766383
301.3866385
301.3966387
301.4066389
301.4166391
301.4266394
301.4366396
301.4466398
301.45664
301.4666402
301.4766405
301.4866407
301.4966409
301.5066411
301.5166413
301.5266416
301.5366418
301.546642
301.5566422
301.5666424
301.5766427
301.5866429
301.5966431
301.6066433
301.6166435
301.6266438
301.636644
301.6466442
301.6566444
301.6666446
301.6766449
301.6866451
301.6966453
301.7066455
301.7166457
301.726646
301.7366462
301.7466464
301.7566466
301.7666468
301.7766471
301.7866473
301.7966475
301.8066477
301.8166479
301.8266482
301.8366484
301.8466486
301.8566488
301.866649
301.8766493
301.8866495
301.8966497
301.9066499
301.9166501
301.9266504
301.9366506
301.9466508
301.956651
301.9666512
301.9766515
301.9866517
301.9966519
302.0066521
302.0166523
302.0266526
302.0366528
302.046653
302.0566532
302.0666535
302.0766537
302.0866539
302.0966541
302.1066543
302.1166546
302.1266548
302.136655
302.1466552
302.1566554
302.1666557
302.1766559
302.1866561
302.1966563
302.2066565
302.2166568
302.226657
302.2366572
302.2466574
302.2566576
302.2666579
302.2766581
302.2866583
302.2966585
302.3066587
302.316659
302.3266592
302.3366594
302.3466596
302.3566598
302.3666601
302.3766603
302.3866605
302.3966607
302.4066609
302.4166612
302.4266614
302.4366616
302.4466618
302.456662
302.4666623
302.4766625
302.4866627
302.4966629
302.5066631
302.5166634
302.5266636
302.5366638
302.546664
302.5566642
302.5666645
302.5766647
302.5866649
302.5966651
302.6066653
302.6166656
302.6266658
302.636666
302.6466662
302.6566664
302.6666667
302.6766669
302.6866671
302.6966673
302.7066675
302.7166678
302.726668
302.7366682
302.7466684
302.7566686
302.7666689
302.7766691
302.7866693
302.7966695
302.8066698
302.81667
302.8266702
302.8366704
302.8466706
302.8566709
302.8666711
302.8766713
302.8866715
302.8966717
302.906672
302.9166722
302.9266724
302.9366726
302.9466728
302.9566731
302.9666733
302.9766735
302.9866737
302.9966739
303.0066742
303.0166744
303.0266746
303.0366748
303.046675
303.0566753
303.0666755
303.0766757
303.0866759
303.0966761
303.1066764
303.1166766
303.1266768
303.136677
303.1466772
303.1566775
303.1666777
303.1766779
303.1866781
303.1966783
303.2066786
303.2166788
303.226679
303.2366792
303.2466794
303.2566797
303.2666799
303.2766801
303.2866803
303.2966805
303.3066808
303.316681
303.3266812
303.3366814
303.3466816
303.3566819
303.3666821
303.3766823
303.3866825
303.3966827
303.406683
303.4166832
303.4266834
303.4366836
303.4466838
303.4566841
303.4666843
303.4766845
303.4866847
303.4966849
303.5066852
303.5166854
303.5266856
303.5366858
303.5466861
303.5566863
303.5666865
303.5766867
303.5866869
303.5966872
303.6066874
303.6166876
303.6266878
303.636688
303.6466883
303.6566885
303.6666887
303.6766889
303.6866891
303.6966894
303.7066896
303.7166898
303.72669
303.7366902
303.7466905
303.7566907
303.7666909
303.7766911
303.7866913
303.7966916
303.8066918
303.816692
303.8266922
303.8366924
303.8466927
303.8566929
303.8666931
303.8766933
303.8866935
303.8966938
303.906694
303.9166942
303.9266944
303.9366946
303.9466949
303.9566951
303.9666953
303.9766955
303.9866957
303.996696
304.0066962
304.0166964
304.0266966
304.0366968
304.0466971
304.0566973
304.0666975
304.0766977
304.0866979
304.0966982
304.1066984
304.1166986
304.1266988
304.136699
304.1466993
304.1566995
304.1666997
304.1766999
304.1867001
304.1967004
304.2067006
304.2167008
304.226701
304.2367012
304.2467015
304.2567017
304.2667019
304.2767021
304.2867024
304.2967026
304.3067028
304.316703
304.3267032
304.3367035
304.3467037
304.3567039
304.3667041
304.3767043
304.3867046
304.3967048
304.406705
304.4167052
304.4267054
304.4367057
304.4467059
304.4567061
304.4667063
304.4767065
304.4867068
304.496707
304.5067072
304.5167074
304.5267076
304.5367079
304.5467081
304.5567083
304.5667085
304.5767087
304.586709
304.5967092
304.6067094
304.6167096
304.6267098
304.6367101
304.6467103
304.6567105
304.6667107
304.6767109
304.6867112
304.6967114
304.7067116
304.7167118
304.726712
304.7367123
304.7467125
304.7567127
304.7667129
304.7767131
304.7867134
304.7967136
304.8067138
304.816714
304.8267142
304.8367145
304.8467147
304.8567149
304.8667151
304.8767153
304.8867156
304.8967158
304.906716
304.9167162
304.9267164
304.9367167
304.9467169
304.9567171
304.9667173
304.9767175
304.9867178
304.996718
305.0067182
305.0167184
305.0267187
305.0367189
305.0467191
305.0567193
305.0667195
305.0767198
305.08672
305.0967202
305.1067204
305.1167206
305.1267209
305.1367211
305.1467213
305.1567215
305.1667217
305.176722
305.1867222
305.1967224
305.2067226
305.2167228
305.2267231
305.2367233
305.2467235
305.2567237
305.2667239
305.2767242
305.2867244
305.2967246
305.3067248
305.316725
305.3267253
305.3367255
305.3467257
305.3567259
305.3667261
305.3767264
305.3867266
305.3967268
305.406727
305.4167272
305.4267275
305.4367277
305.4467279
305.4567281
305.4667283
305.4767286
305.4867288
305.496729
305.5067292
305.5167294
305.5267297
305.5367299
305.5467301
305.5567303
305.5667305
305.5767308
305.586731
305.5967312
305.6067314
305.6167316
305.6267319
305.6367321
305.6467323
305.6567325
305.6667327
305.676733
305.6867332
305.6967334
305.7067336
305.7167338
305.7267341
305.7367343
305.7467345
305.7567347
305.766735
305.7767352
305.7867354
305.7967356
305.8067358
305.8167361
305.8267363
305.8367365
305.8467367
305.8567369
305.8667372
305.8767374
305.8867376
305.8967378
305.906738
305.9167383
305.9267385
305.9367387
305.9467389
305.9567391
305.9667394
305.9767396
305.9867398
305.99674
306.0067402
306.0167405
306.0267407
306.0367409
306.0467411
306.0567413
306.0667416
306.0767418
306.086742
306.0967422
306.1067424
306.1167427
306.1267429
306.1367431
306.1467433
306.1567435
306.1667438
306.176744
306.1867442
306.1967444
306.2067446
306.2167449
306.2267451
306.2367453
306.2467455
306.2567457
306.266746
306.2767462
306.2867464
306.2967466
306.3067468
306.3167471
306.3267473
306.3367475
306.3467477
306.3567479
306.3667482
306.3767484
306.3867486
306.3967488
306.406749
306.4167493
306.4267495
306.4367497
306.4467499
306.4567501
306.4667504
306.4767506
306.4867508
306.496751
306.5067513
306.5167515
306.5267517
306.5367519
306.5467521
306.5567524
306.5667526
306.5767528
306.586753
306.5967532
306.6067535
306.6167537
306.6267539
306.6367541
306.6467543
306.6567546
306.6667548
306.676755
306.6867552
306.6967554
306.7067557
306.7167559
306.7267561
306.7367563
306.7467565
306.7567568
306.766757
306.7767572
306.7867574
306.7967576
306.8067579
306.8167581
306.8267583
306.8367585
306.8467587
306.856759
306.8667592
306.8767594
306.8867596
306.8967598
306.9067601
306.9167603
306.9267605
306.9367607
306.9467609
306.9567612
306.9667614
306.9767616
306.9867618
306.996762
307.0067623
307.0167625
307.0267627
307.0367629
307.0467631
307.0567634
307.0667636
307.0767638
307.086764
307.0967642
307.1067645
307.1167647
307.1267649
307.1367651
307.1467653
307.1567656
307.1667658
307.176766
307.1867662
307.1967664
307.2067667
307.2167669
307.2267671
307.2367673
307.2467675
307.2567678
307.266768
307.2767682
307.2867684
307.2967687
307.3067689
307.3167691
307.3267693
307.3367695
307.3467698
307.35677
307.3667702
307.3767704
307.3867706
307.3967709
307.4067711
307.4167713
307.4267715
307.4367717
307.446772
307.4567722
307.4667724
307.4767726
307.4867728
307.4967731
307.5067733
307.5167735
307.5267737
307.5367739
307.5467742
307.5567744
307.5667746
307.5767748
307.586775
307.5967753
307.6067755
307.6167757
307.6267759
307.6367761
307.6467764
307.6567766
307.6667768
307.676777
307.6867772
307.6967775
307.7067777
307.7167779
307.7267781
307.7367783
307.7467786
307.7567788
307.766779
307.7767792
307.7867794
307.7967797
307.8067799
307.8167801
307.8267803
307.8367805
307.8467808
307.856781
307.8667812
307.8767814
307.8867816
307.8967819
307.9067821
307.9167823
307.9267825
307.9367827
307.946783
307.9567832
307.9667834
307.9767836
307.9867838
307.9967841
308.0067843
308.0167845
308.0267847
308.036785
308.0467852
308.0567854
308.0667856
308.0767858
308.0867861
308.0967863
308.1067865
308.1167867
308.1267869
308.1367872
308.1467874
308.1567876
308.1667878
308.176788
308.1867883
308.1967885
308.2067887
308.2167889
308.2267891
308.2367894
308.2467896
308.2567898
308.26679
308.2767902
308.2867905
308.2967907
308.3067909
308.3167911
308.3267913
308.3367916
308.3467918
308.356792
308.3667922
308.3767924
308.3867927
308.3967929
308.4067931
308.4167933
308.4267935
308.4367938
308.446794
308.4567942
308.4667944
308.4767946
308.4867949
308.4967951
308.5067953
308.5167955
308.5267957
308.536796
308.5467962
308.5567964
308.5667966
308.5767968
308.5867971
308.5967973
308.6067975
308.6167977
308.6267979
308.6367982
308.6467984
308.6567986
308.6667988
308.676799
308.6867993
308.6967995
308.7067997
308.7167999
308.7268001
308.7368004
308.7468006
308.7568008
308.766801
308.7768013
308.7868015
308.7968017
308.8068019
308.8168021
308.8268024
308.8368026
308.8468028
308.856803
308.8668032
308.8768035
308.8868037
308.8968039
308.9068041
308.9168043
308.9268046
308.9368048
308.946805
308.9568052
308.9668054
308.9768057
308.9868059
308.9968061
309.0068063
309.0168065
309.0268068
309.036807
309.0468072
309.0568074
309.0668076
309.0768079
309.0868081
309.0968083
309.1068085
309.1168087
309.126809
309.1368092
309.1468094
309.1568096
309.1668098
309.1768101
309.1868103
309.1968105
309.2068107
309.2168109
309.2268112
309.2368114
309.2468116
309.2568118
309.266812
309.2768123
309.2868125
309.2968127
309.3068129
309.3168131
309.3268134
309.3368136
309.3468138
309.356814
309.3668142
309.3768145
309.3868147
309.3968149
309.4068151
309.4168153
309.4268156
309.4368158
309.446816
309.4568162
309.4668164
309.4768167
309.4868169
309.4968171
309.5068173
309.5168176
309.5268178
309.536818
309.5468182
309.5568184
309.5668187
309.5768189
309.5868191
309.5968193
309.6068195
309.6168198
309.62682
309.6368202
309.6468204
309.6568206
309.6668209
309.6768211
309.6868213
309.6968215
309.7068217
309.716822
309.7268222
309.7368224
309.7468226
309.7568228
309.7668231
309.7768233
309.7868235
309.7968237
309.8068239
309.8168242
309.8268244
309.8368246
309.8468248
309.856825
309.8668253
309.8768255
309.8868257
309.8968259
309.9068261
309.9168264
309.9268266
309.9368268
309.946827
309.9568272
309.9668275
309.9768277
309.9868279
309.9968281
310.0068283
310.0168286
310.0268288
310.036829
310.0468292
310.0568294
310.0668297
310.0768299
310.0868301
310.0968303
310.1068305
310.1168308
310.126831
310.1368312
310.1468314
310.1568316
310.1668319
310.1768321
310.1868323
310.1968325
310.2068327
310.216833
310.2268332
310.2368334
310.2468336
310.2568339
310.2668341
310.2768343
310.2868345
310.2968347
310.306835
310.3168352
310.3268354
310.3368356
310.3468358
310.3568361
310.3668363
310.3768365
310.3868367
310.3968369
310.4068372
310.4168374
310.4268376
310.4368378
310.446838
310.4568383
310.4668385
310.4768387
310.4868389
310.4968391
310.5068394
310.5168396
310.5268398
310.53684
310.5468402
310.5568405
310.5668407
310.5768409
310.5868411
310.5968413
310.6068416
310.6168418
310.626842
310.6368422
310.6468424
310.6568427
310.6668429
310.6768431
310.6868433
310.6968435
310.7068438
310.716844
310.7268442
310.7368444
310.7468446
310.7568449
310.7668451
310.7768453
310.7868455
310.7968457
310.806846
310.8168462
310.8268464
310.8368466
310.8468468
310.8568471
310.8668473
310.8768475
310.8868477
310.8968479
310.9068482
310.9168484
310.9268486
310.9368488
310.946849
310.9568493
310.9668495
310.9768497
310.9868499
310.9968502
311.0068504
311.0168506
311.0268508
311.036851
311.0468513
311.0568515
311.0668517
311.0768519
311.0868521
311.0968524
311.1068526
311.1168528
311.126853
311.1368532
311.1468535
311.1568537
311.1668539
311.1768541
311.1868543
311.1968546
311.2068548
311.216855
311.2268552
311.2368554
311.2468557
311.2568559
311.2668561
311.2768563
311.2868565
311.2968568
311.306857
311.3168572
311.3268574
311.3368576
311.3468579
311.3568581
311.3668583
311.3768585
311.3868587
311.396859
311.4068592
311.4168594
311.4268596
311.4368598
311.4468601
311.4568603
311.4668605
311.4768607
311.4868609
311.4968612
311.5068614
311.5168616
311.5268618
311.536862
311.5468623
311.5568625
311.5668627
311.5768629
311.5868631
311.5968634
311.6068636
311.6168638
311.626864
311.6368642
311.6468645
311.6568647
311.6668649
311.6768651
311.6868653
311.6968656
311.7068658
311.716866
311.7268662
311.7368665
311.7468667
311.7568669
311.7668671
311.7768673
311.7868676
311.7968678
311.806868
311.8168682
311.8268684
311.8368687
311.8468689
311.8568691
311.8668693
311.8768695
311.8868698
311.89687
311.9068702
311.9168704
311.9268706
311.9368709
311.9468711
311.9568713
311.9668715
311.9768717
311.986872
311.9968722
312.0068724
312.0168726
312.0268728
312.0368731
312.0468733
312.0568735
312.0668737
312.0768739
312.0868742
312.0968744
312.1068746
312.1168748
312.126875
312.1368753
312.1468755
312.1568757
312.1668759
312.1768761
312.1868764
312.1968766
312.2068768
312.216877
312.2268772
312.2368775
312.2468777
312.2568779
312.2668781
312.2768783
312.2868786
312.2968788
312.306879
312.3168792
312.3268794
312.3368797
312.3468799
312.3568801
312.3668803
312.3768805
312.3868808
312.396881
312.4068812
312.4168814
312.4268816
312.4368819
312.4468821
312.4568823
312.4668825
312.4768828
312.486883
312.4968832
312.5068834
312.5168836
312.5268839
312.5368841
312.5468843
312.5568845
312.5668847
312.576885
312.5868852
312.5968854
312.6068856
312.6168858
312.6268861
312.6368863
312.6468865
312.6568867
312.6668869
312.6768872
312.6868874
312.6968876
312.7068878
312.716888
312.7268883
312.7368885
312.7468887
312.7568889
312.7668891
312.7768894
312.7868896
312.7968898
312.80689
312.8168902
312.8268905
312.8368907
312.8468909
312.8568911
312.8668913
312.8768916
312.8868918
312.896892
312.9068922
312.9168924
312.9268927
312.9368929
312.9468931
312.9568933
312.9668935
312.9768938
312.986894
312.9968942
313.0068944
313.0168946
313.0268949
313.0368951
313.0468953
313.0568955
313.0668957
313.076896
313.0868962
313.0968964
313.1068966
313.1168968
313.1268971
313.1368973
313.1468975
313.1568977
313.1668979
313.1768982
313.1868984
313.1968986
313.2068988
313.2168991
313.2268993
313.2368995
313.2468997
313.2568999
313.2669002
313.2769004
313.2869006
313.2969008
313.306901
313.3169013
313.3269015
313.3369017
313.3469019
313.3569021
313.3669024
313.3769026
313.3869028
313.396903
313.4069032
313.4169035
313.4269037
313.4369039
313.4469041
313.4569043
313.4669046
313.4769048
313.486905
313.4969052
313.5069054
313.5169057
313.5269059
313.5369061
313.5469063
313.5569065
313.5669068
313.576907
313.5869072
313.5969074
313.6069076
313.6169079
313.6269081
313.6369083
313.6469085
313.6569087
313.666909
313.6769092
313.6869094
313.6969096
313.7069098
313.7169101
313.7269103
313.7369105
313.7469107
313.7569109
313.7669112
313.7769114
313.7869116
313.7969118
313.806912
313.8169123
313.8269125
313.8369127
313.8469129
313.8569131
313.8669134
313.8769136
313.8869138
313.896914
313.9069142
313.9169145
313.9269147
313.9369149
313.9469151
313.9569154
313.9669156
313.9769158
313.986916
313.9969162
314.0069165
314.0169167
314.0269169
314.0369171
314.0469173
314.0569176
314.0669178
314.076918
314.0869182
314.0969184
314.1069187
314.1169189
314.1269191
314.1369193
314.1469195
314.1569198
314.16692
314.1769202
314.1869204
314.1969206
314.2069209
314.2169211
314.2269213
314.2369215
314.2469217
314.256922
314.2669222
314.2769224
314.2869226
314.2969228
314.3069231
314.3169233
314.3269235
314.3369237
314.3469239
314.3569242
314.3669244
314.3769246
314.3869248
314.396925
314.4069253
314.4169255
314.4269257
314.4369259
314.4469261
314.4569264
314.4669266
314.4769268
314.486927
314.4969272
314.5069275
314.5169277
314.5269279
314.5369281
314.5469283
314.5569286
314.5669288
314.576929
314.5869292
314.5969294
314.6069297
314.6169299
314.6269301
314.6369303
314.6469305
314.6569308
314.666931
314.6769312
314.6869314
314.6969317
314.7069319
314.7169321
314.7269323
314.7369325
314.7469328
314.756933
314.7669332
314.7769334
314.7869336
314.7969339
314.8069341
314.8169343
314.8269345
314.8369347
314.846935
314.8569352
314.8669354
314.8769356
314.8869358
314.8969361
314.9069363
314.9169365
314.9269367
314.9369369
314.9469372
314.9569374
314.9669376
314.9769378
314.986938
314.9969383
315.0069385
315.0169387
315.0269389
315.0369391
315.0469394
315.0569396
315.0669398
315.07694
315.0869402
315.0969405
315.1069407
315.1169409
315.1269411
315.1369413
315.1469416
315.1569418
315.166942
315.1769422
315.1869424
315.1969427
315.2069429
315.2169431
315.2269433
315.2369435
315.2469438
315.256944
315.2669442
315.2769444
315.2869446
315.2969449
315.3069451
315.3169453
315.3269455
315.3369457
315.346946
315.3569462
315.3669464
315.3769466
315.3869468
315.3969471
315.4069473
315.4169475
315.4269477
315.436948
315.4469482
315.4569484
315.4669486
315.4769488
315.4869491
315.4969493
315.5069495
315.5169497
315.5269499
315.5369502
315.5469504
315.5569506
315.5669508
315.576951
315.5869513
315.5969515
315.6069517
315.6169519
315.6269521
315.6369524
315.6469526
315.6569528
315.666953
315.6769532
315.6869535
315.6969537
315.7069539
315.7169541
315.7269543
315.7369546
315.7469548
315.756955
315.7669552
315.7769554
315.7869557
315.7969559
315.8069561
315.8169563
315.8269565
315.8369568
315.846957
315.8569572
315.8669574
315.8769576
315.8869579
315.8969581
315.9069583
315.9169585
315.9269587
315.936959
315.9469592
315.9569594
315.9669596
315.9769598
315.9869601
315.9969603
316.0069605
316.0169607
316.0269609
316.0369612
316.0469614
316.0569616
316.0669618
316.076962
316.0869623
316.0969625
316.1069627
316.1169629
316.1269631
316.1369634
316.1469636
316.1569638
316.166964
316.1769643
316.1869645
316.1969647
316.2069649
316.2169651
316.2269654
316.2369656
316.2469658
316.256966
316.2669662
316.2769665
316.2869667
316.2969669
316.3069671
316.3169673
316.3269676
316.3369678
316.346968
316.3569682
316.3669684
316.3769687
316.3869689
316.3969691
316.4069693
316.4169695
316.4269698
316.43697
316.4469702
316.4569704
316.4669706
316.4769709
316.4869711
316.4969713
316.5069715
316.5169717
316.526972
316.5369722
316.5469724
316.5569726
316.5669728
316.5769731
316.5869733
316.5969735
316.6069737
316.6169739
316.6269742
316.6369744
316.6469746
316.6569748
316.666975
316.6769753
316.6869755
316.6969757
316.7069759
316.7169761
316.7269764
316.7369766
316.7469768
316.756977
316.7669772
316.7769775
316.7869777
316.7969779
316.8069781
316.8169783
316.8269786
316.8369788
316.846979
316.8569792
316.8669794
316.8769797
316.8869799
316.8969801
316.9069803
316.9169806
316.9269808
316.936981
316.9469812
316.9569814
316.9669817
316.9769819
316.9869821
316.9969823
317.0069825
317.0169828
317.026983
317.0369832
317.0469834
317.0569836
317.0669839
317.0769841
317.0869843
317.0969845
317.1069847
317.116985
317.1269852
317.1369854
317.1469856
317.1569858
317.1669861
317.1769863
317.1869865
317.1969867
317.2069869
317.2169872
317.2269874
317.2369876
317.2469878
317.256988
317.2669883
317.2769885
317.2869887
317.2969889
317.3069891
317.3169894
317.3269896
317.3369898
317.34699
317.3569902
317.3669905
317.3769907
317.3869909
317.3969911
317.4069913
317.4169916
317.4269918
317.436992
317.4469922
317.4569924
317.4669927
317.4769929
317.4869931
317.4969933
317.5069935
317.5169938
317.526994
317.5369942
317.5469944
317.5569946
317.5669949
317.5769951
317.5869953
317.5969955
317.6069957
317.616996
317.6269962
317.6369964
317.6469966
317.6569969
317.6669971
317.6769973
317.6869975
317.6969977
317.706998
317.7169982
317.7269984
317.7369986
317.7469988
317.7569991
317.7669993
317.7769995
317.7869997
317.7969999
317.8070002
317.8170004
317.8270006
317.8370008
317.847001
317.8570013
317.8670015
317.8770017
317.8870019
317.8970021
317.9070024
317.9170026
317.9270028
317.937003
317.9470032
317.9570035
317.9670037
317.9770039
317.9870041
317.9970043
318.0070046
318.0170048
318.027005
318.0370052
318.0470054
318.0570057
318.0670059
318.0770061
318.0870063
318.0970065
318.1070068
318.117007
318.1270072
318.1370074
318.1470076
318.1570079
318.1670081
318.1770083
318.1870085
318.1970087
318.207009
318.2170092
318.2270094
318.2370096
318.2470098
318.2570101
318.2670103
318.2770105
318.2870107
318.2970109
318.3070112
318.3170114
318.3270116
318.3370118
318.347012
318.3570123
318.3670125
318.3770127
318.3870129
318.3970132
318.4070134
318.4170136
318.4270138
318.437014
318.4470143
318.4570145
318.4670147
318.4770149
318.4870151
318.4970154
318.5070156
318.5170158
318.527016
318.5370162
318.5470165
318.5570167
318.5670169
318.5770171
318.5870173
318.5970176
318.6070178
318.617018
318.6270182
318.6370184
318.6470187
318.6570189
318.6670191
318.6770193
318.6870195
318.6970198
318.70702
318.7170202
318.7270204
318.7370206
318.7470209
318.7570211
318.7670213
318.7770215
318.7870217
318.797022
318.8070222
318.8170224
318.8270226
318.8370228
318.8470231
318.8570233
318.8670235
318.8770237
318.8870239
318.8970242
318.9070244
318.9170246
318.9270248
318.937025
318.9470253
318.9570255
318.9670257
318.9770259
318.9870261
318.9970264
319.0070266
319.0170268
319.027027
319.0370272
319.0470275
319.0570277
319.0670279
319.0770281
319.0870283
319.0970286
319.1070288
319.117029
319.1270292
319.1370294
319.1470297
319.1570299
319.1670301
319.1770303
319.1870306
319.1970308
319.207031
319.2170312
319.2270314
319.2370317
319.2470319
319.2570321
319.2670323
319.2770325
319.2870328
319.297033
319.3070332
319.3170334
319.3270336
319.3370339
319.3470341
319.3570343
319.3670345
319.3770347
319.387035
319.3970352
319.4070354
319.4170356
319.4270358
319.4370361
319.4470363
319.4570365
319.4670367
319.4770369
319.4870372
319.4970374
319.5070376
319.5170378
319.527038
319.5370383
319.5470385
319.5570387
319.5670389
319.5770391
319.5870394
319.5970396
319.6070398
319.61704
319.6270402
319.6370405
319.6470407
319.6570409
319.6670411
319.6770413
319.6870416
319.6970418
319.707042
319.7170422
319.7270424
319.7370427
319.7470429
319.7570431
319.7670433
319.7770435
319.7870438
319.797044
319.8070442
319.8170444
319.8270446
319.8370449
319.8470451
319.8570453
319.8670455
319.8770457
319.887046
319.8970462
319.9070464
319.9170466
319.9270469
319.9370471
319.9470473
319.9570475
319.9670477
319.977048
319.9870482
319.9970484
320.0070486
320.0170488
320.0270491
320.0370493
320.0470495
320.0570497
320.0670499
320.0770502
320.0870504
320.0970506
320.1070508
320.117051
320.1270513
320.1370515
320.1470517
320.1570519
320.1670521
320.1770524
320.1870526
320.1970528
320.207053
320.2170532
320.2270535
320.2370537
320.2470539
320.2570541
320.2670543
320.2770546
320.2870548
320.297055
320.3070552
320.3170554
320.3270557
320.3370559
320.3470561
320.3570563
320.3670565
320.3770568
320.387057
320.3970572
320.4070574
320.4170576
320.4270579
320.4370581
320.4470583
320.4570585
320.4670587
320.477059
320.4870592
320.4970594
320.5070596
320.5170598
320.5270601
320.5370603
320.5470605
320.5570607
320.5670609
320.5770612
320.5870614
320.5970616
320.6070618
320.617062
320.6270623
320.6370625
320.6470627
320.6570629
320.6670632
320.6770634
320.6870636
320.6970638
320.707064
320.7170643
320.7270645
320.7370647
320.7470649
320.7570651
320.7670654
320.7770656
320.7870658
320.797066
320.8070662
320.8170665
320.8270667
320.8370669
320.8470671
320.8570673
320.8670676
320.8770678
320.887068
320.8970682
320.9070684
320.9170687
320.9270689
320.9370691
320.9470693
320.9570695
320.9670698
320.97707
320.9870702
320.9970704
321.0070706
321.0170709
321.0270711
321.0370713
321.0470715
321.0570717
321.067072
321.0770722
321.0870724
321.0970726
321.1070728
321.1170731
321.1270733
321.1370735
321.1470737
321.1570739
321.1670742
321.1770744
321.1870746
321.1970748
321.207075
321.2170753
321.2270755
321.2370757
321.2470759
321.2570761
321.2670764
321.2770766
321.2870768
321.297077
321.3070772
321.3170775
321.3270777
321.3370779
321.3470781
321.3570783
321.3670786
321.3770788
321.387079
321.3970792
321.4070795
321.4170797
321.4270799
321.4370801
321.4470803
321.4570806
321.4670808
321.477081
321.4870812
321.4970814
321.5070817
321.5170819
321.5270821
321.5370823
321.5470825
321.5570828
321.567083
321.5770832
321.5870834
321.5970836
321.6070839
321.6170841
321.6270843
321.6370845
321.6470847
321.657085
321.6670852
321.6770854
321.6870856
321.6970858
321.7070861
321.7170863
321.7270865
321.7370867
321.7470869
321.7570872
321.7670874
321.7770876
321.7870878
321.797088
321.8070883
321.8170885
321.8270887
321.8370889
321.8470891
321.8570894
321.8670896
321.8770898
321.88709
321.8970902
321.9070905
321.9170907
321.9270909
321.9370911
321.9470913
321.9570916
321.9670918
321.977092
321.9870922
321.9970924
322.0070927
322.0170929
322.0270931
322.0370933
322.0470935
322.0570938
322.067094
322.0770942
322.0870944
322.0970946
322.1070949
322.1170951
322.1270953
322.1370955
322.1470958
322.157096
322.1670962
322.1770964
322.1870966
322.1970969
322.2070971
322.2170973
322.2270975
322.2370977
322.247098
322.2570982
322.2670984
322.2770986
322.2870988
322.2970991
322.3070993
322.3170995
322.3270997
322.3370999
322.3471002
322.3571004
322.3671006
322.3771008
322.387101
322.3971013
322.4071015
322.4171017
322.4271019
322.4371021
322.4471024
322.4571026
322.4671028
322.477103
322.4871032
322.4971035
322.5071037
322.5171039
322.5271041
322.5371043
322.5471046
322.5571048
322.567105
322.5771052
322.5871054
322.5971057
322.6071059
322.6171061
322.6271063
322.6371065
322.6471068
322.657107
322.6671072
322.6771074
322.6871076
322.6971079
322.7071081
322.7171083
322.7271085
322.7371087
322.747109
322.7571092
322.7671094
322.7771096
322.7871098
322.7971101
322.8071103
322.8171105
322.8271107
322.8371109
322.8471112
322.8571114
322.8671116
322.8771118
322.8871121
322.8971123
322.9071125
322.9171127
322.9271129
322.9371132
322.9471134
322.9571136
322.9671138
322.977114
322.9871143
322.9971145
323.0071147
323.0171149
323.0271151
323.0371154
323.0471156
323.0571158
323.067116
323.0771162
323.0871165
323.0971167
323.1071169
323.1171171
323.1271173
323.1371176
323.1471178
323.157118
323.1671182
323.1771184
323.1871187
323.1971189
323.2071191
323.2171193
323.2271195
323.2371198
323.24712
323.2571202
323.2671204
323.2771206
323.2871209
323.2971211
323.3071213
323.3171215
323.3271217
323.337122
323.3471222
323.3571224
323.3671226
323.3771228
323.3871231
323.3971233
323.4071235
323.4171237
323.4271239
323.4371242
323.4471244
323.4571246
323.4671248
323.477125
323.4871253
323.4971255
323.5071257
323.5171259
323.5271261
323.5371264
323.5471266
323.5571268
323.567127
323.5771272
323.5871275
323.5971277
323.6071279
323.6171281
323.6271284
323.6371286
323.6471288
323.657129
323.6671292
323.6771295
323.6871297
323.6971299
323.7071301
323.7171303
323.7271306
323.7371308
323.747131
323.7571312
323.7671314
323.7771317
323.7871319
323.7971321
323.8071323
323.8171325
323.8271328
323.837133
323.8471332
323.8571334
323.8671336
323.8771339
323.8871341
323.8971343
323.9071345
323.9171347
323.927135
323.9371352
323.9471354
323.9571356
323.9671358
323.9771361
323.9871363
323.9971365
324.0071367
324.0171369
324.0271372
324.0371374
324.0471376
324.0571378
324.067138
324.0771383
324.0871385
324.0971387
324.1071389
324.1171391
324.1271394
324.1371396
324.1471398
324.15714
324.1671402
324.1771405
324.1871407
324.1971409
324.2071411
324.2171413
324.2271416
324.2371418
324.247142
324.2571422
324.2671424
324.2771427
324.2871429
324.2971431
324.3071433
324.3171435
324.3271438
324.337144
324.3471442
324.3571444
324.3671447
324.3771449
324.3871451
324.3971453
324.4071455
324.4171458
324.427146
324.4371462
324.4471464
324.4571466
324.4671469
324.4771471
324.4871473
324.4971475
324.5071477
324.517148
324.5271482
324.5371484
324.5471486
324.5571488
324.5671491
324.5771493
324.5871495
324.5971497
324.6071499
324.6171502
324.6271504
324.6371506
324.6471508
324.657151
324.6671513
324.6771515
324.6871517
324.6971519
324.7071521
324.7171524
324.7271526
324.7371528
324.747153
324.7571532
324.7671535
324.7771537
324.7871539
324.7971541
324.8071543
324.8171546
324.8271548
324.837155
324.8471552
324.8571554
324.8671557
324.8771559
324.8871561
324.8971563
324.9071565
324.9171568
324.927157
324.9371572
324.9471574
324.9571576
324.9671579
324.9771581
324.9871583
324.9971585
325.0071587
325.017159
325.0271592
325.0371594
325.0471596
325.0571598
325.0671601
325.0771603
325.0871605
325.0971607
325.107161
325.1171612
325.1271614
325.1371616
325.1471618
325.1571621
325.1671623
325.1771625
325.1871627
325.1971629
325.2071632
325.2171634
325.2271636
325.2371638
325.247164
325.2571643
325.2671645
325.2771647
325.2871649
325.2971651
325.3071654
325.3171656
325.3271658
325.337166
325.3471662
325.3571665
325.3671667
325.3771669
325.3871671
325.3971673
325.4071676
325.4171678
325.427168
325.4371682
325.4471684
325.4571687
325.4671689
325.4771691
325.4871693
325.4971695
325.5071698
325.51717
325.5271702
325.5371704
325.5471706
325.5571709
325.5671711
325.5771713
325.5871715
325.5971717
325.607172
325.6171722
325.6271724
325.6371726
325.6471728
325.6571731
325.6671733
325.6771735
325.6871737
325.6971739
325.7071742
325.7171744
325.7271746
325.7371748
325.747175
325.7571753
325.7671755
325.7771757
325.7871759
325.7971761
325.8071764
325.8171766
325.8271768
325.837177
325.8471773
325.8571775
325.8671777
325.8771779
325.8871781
325.8971784
325.9071786
325.9171788
325.927179
325.9371792
325.9471795
325.9571797
325.9671799
325.9771801
325.9871803
325.9971806
326.0071808
326.017181
326.0271812
326.0371814
326.0471817
326.0571819
326.0671821
326.0771823
326.0871825
326.0971828
326.107183
326.1171832
326.1271834
326.1371836
326.1471839
326.1571841
326.1671843
326.1771845
326.1871847
326.197185
326.2071852
326.2171854
326.2271856
326.2371858
326.2471861
326.2571863
326.2671865
326.2771867
326.2871869
326.2971872
326.3071874
326.3171876
326.3271878
326.337188
326.3471883
326.3571885
326.3671887
326.3771889
326.3871891
326.3971894
326.4071896
326.4171898
326.42719
326.4371902
326.4471905
326.4571907
326.4671909
326.4771911
326.4871913
326.4971916
326.5071918
326.517192
326.5271922
326.5371924
326.5471927
326.5571929
326.5671931
326.5771933
326.5871936
326.5971938
326.607194
326.6171942
326.6271944
326.6371947
326.6471949
326.6571951
326.6671953
326.6771955
326.6871958
326.697196
326.7071962
326.7171964
326.7271966
326.7371969
326.7471971
326.7571973
326.7671975
326.7771977
326.787198
326.7971982
326.8071984
326.8171986
326.8271988
326.8371991
326.8471993
326.8571995
326.8671997
326.8771999
326.8872002
326.8972004
326.9072006
326.9172008
326.927201
326.9372013
326.9472015
326.9572017
326.9672019
326.9772021
326.9872024
326.9972026
327.0072028
327.017203
327.0272032
327.0372035
327.0472037
327.0572039
327.0672041
327.0772043
327.0872046
327.0972048
327.107205
327.1172052
327.1272054
327.1372057
327.1472059
327.1572061
327.1672063
327.1772065
327.1872068
327.197207
327.2072072
327.2172074
327.2272076
327.2372079
327.2472081
327.2572083
327.2672085
327.2772087
327.287209
327.2972092
327.3072094
327.3172096
327.3272099
327.3372101
327.3472103
327.3572105
327.3672107
327.377211
327.3872112
327.3972114
327.4072116
327.4172118
327.4272121
327.4372123
327.4472125
327.4572127
327.4672129
327.4772132
327.4872134
327.4972136
327.5072138
327.517214
327.5272143
327.5372145
327.5472147
327.5572149
327.5672151
327.5772154
327.5872156
327.5972158
327.607216
327.6172162
327.6272165
327.6372167
327.6472169
327.6572171
327.6672173
327.6772176
327.6872178
327.697218
327.7072182
327.7172184
327.7272187
327.7372189
327.7472191
327.7572193
327.7672195
327.7772198
327.78722
327.7972202
327.8072204
327.8172206
327.8272209
327.8372211
327.8472213
327.8572215
327.8672217
327.877222
327.8872222
327.8972224
327.9072226
327.9172228
327.9272231
327.9372233
327.9472235
327.9572237
327.9672239
327.9772242
327.9872244
327.9972246
328.0072248
328.017225
328.0272253
328.0372255
328.0472257
328.0572259
328.0672262
328.0772264
328.0872266
328.0972268
328.107227
328.1172273
328.1272275
328.1372277
328.1472279
328.1572281
328.1672284
328.1772286
328.1872288
328.197229
328.2072292
328.2172295
328.2272297
328.2372299
328.2472301
328.2572303
328.2672306
328.2772308
328.287231
328.2972312
328.3072314
328.3172317
328.3272319
328.3372321
328.3472323
328.3572325
328.3672328
328.377233
328.3872332
328.3972334
328.4072336
328.4172339
328.4272341
328.4372343
328.4472345
328.4572347
328.467235
328.4772352
328.4872354
328.4972356
328.5072358
328.5172361
328.5272363
328.5372365
328.5472367
328.5572369
328.5672372
328.5772374
328.5872376
328.5972378
328.607238
328.6172383
328.6272385
328.6372387
328.6472389
328.6572391
328.6672394
328.6772396
328.6872398
328.69724
328.7072402
328.7172405
328.7272407
328.7372409
328.7472411
328.7572413
328.7672416
328.7772418
328.787242
328.7972422
328.8072425
328.8172427
328.8272429
328.8372431
328.8472433
328.8572436
328.8672438
328.877244
328.8872442
328.8972444
328.9072447
328.9172449
328.9272451
328.9372453
328.9472455
328.9572458
328.967246
328.9772462
328.9872464
328.9972466
329.0072469
329.0172471
329.0272473
329.0372475
329.0472477
329.057248
329.0672482
329.0772484
329.0872486
329.0972488
329.1072491
329.1172493
329.1272495
329.1372497
329.1472499
329.1572502
329.1672504
329.1772506
329.1872508
329.197251
329.2072513
329.2172515
329.2272517
329.2372519
329.2472521
329.2572524
329.2672526
329.2772528
329.287253
329.2972532
329.3072535
329.3172537
329.3272539
329.3372541
329.3472543
329.3572546
329.3672548
329.377255
329.3872552
329.3972554
329.4072557
329.4172559
329.4272561
329.4372563
329.4472565
329.4572568
329.467257
329.4772572
329.4872574
329.4972576
329.5072579
329.5172581
329.5272583
329.5372585
329.5472588
329.557259
329.5672592
329.5772594
329.5872596
329.5972599
329.6072601
329.6172603
329.6272605
329.6372607
329.647261
329.6572612
329.6672614
329.6772616
329.6872618
329.6972621
329.7072623
329.7172625
329.7272627
329.7372629
329.7472632
329.7572634
329.7672636
329.7772638
329.787264
329.7972643
329.8072645
329.8172647
329.8272649
329.8372651
329.8472654
329.8572656
329.8672658
329.877266
329.8872662
329.8972665
329.9072667
329.9172669
329.9272671
329.9372673
329.9472676
329.9572678
329.967268
329.9772682
329.9872684
329.9972687
330.0072689
330.0172691
330.0272693
330.0372695
330.0472698
330.05727
330.0672702
330.0772704
330.0872706
330.0972709
330.1072711
330.1172713
330.1272715
330.1372717
330.147272
330.1572722
330.1672724
330.1772726
330.1872728
330.1972731
330.2072733
330.2172735
330.2272737
330.2372739
330.2472742
330.2572744
330.2672746
330.2772748
330.2872751
330.2972753
330.3072755
330.3172757
330.3272759
330.3372762
330.3472764
330.3572766
330.3672768
330.377277
330.3872773
330.3972775
330.4072777
330.4172779
330.4272781
330.4372784
330.4472786
330.4572788
330.467279
330.4772792
330.4872795
330.4972797
330.5072799
330.5172801
330.5272803
330.5372806
330.5472808
330.557281
330.5672812
330.5772814
330.5872817
330.5972819
330.6072821
330.6172823
330.6272825
330.6372828
330.647283
330.6572832
330.6672834
330.6772836
330.6872839
330.6972841
330.7072843
330.7172845
330.7272847
330.737285
330.7472852
330.7572854
330.7672856
330.7772858
330.7872861
330.7972863
330.8072865
330.8172867
330.8272869
330.8372872
330.8472874
330.8572876
330.8672878
330.877288
330.8872883
330.8972885
330.9072887
330.9172889
330.9272891
330.9372894
330.9472896
330.9572898
330.96729
330.9772902
330.9872905
330.9972907
331.0072909
331.0172911
331.0272914
331.0372916
331.0472918
331.057292
331.0672922
331.0772925
331.0872927
331.0972929
331.1072931
331.1172933
331.1272936
331.1372938
331.147294
331.1572942
331.1672944
331.1772947
331.1872949
331.1972951
331.2072953
331.2172955
331.2272958
331.237296
331.2472962
331.2572964
331.2672966
331.2772969
331.2872971
331.2972973
331.3072975
331.3172977
331.327298
331.3372982
331.3472984
331.3572986
331.3672988
331.3772991
331.3872993
331.3972995
331.4072997
331.4172999
331.4273002
331.4373004
331.4473006
331.4573008
331.467301
331.4773013
331.4873015
331.4973017
331.5073019
331.5173021
331.5273024
331.5373026
331.5473028
331.557303
331.5673032
331.5773035
331.5873037
331.5973039
331.6073041
331.6173043
331.6273046
331.6373048
331.647305
331.6573052
331.6673054
331.6773057
331.6873059
331.6973061
331.7073063
331.7173065
331.7273068
331.737307
331.7473072
331.7573074
331.7673076
331.7773079
331.7873081
331.7973083
331.8073085
331.8173088
331.827309
331.8373092
331.8473094
331.8573096
331.8673099
331.8773101
331.8873103
331.8973105
331.9073107
331.917311
331.9273112
331.9373114
331.9473116
331.9573118
331.9673121
331.9773123
331.9873125
331.9973127
332.0073129
332.0173132
332.0273134
332.0373136
332.0473138
332.057314
332.0673143
332.0773145
332.0873147
332.0973149
332.1073151
332.1173154
332.1273156
332.1373158
332.147316
332.1573162
332.1673165
332.1773167
332.1873169
332.1973171
332.2073173
332.2173176
332.2273178
332.237318
332.2473182
332.2573184
332.2673187
332.2773189
332.2873191
332.2973193
332.3073195
332.3173198
332.32732
332.3373202
332.3473204
332.3573206
332.3673209
332.3773211
332.3873213
332.3973215
332.4073217
332.417322
332.4273222
332.4373224
332.4473226
332.4573228
332.4673231
332.4773233
332.4873235
332.4973237
332.5073239
332.5173242
332.5273244
332.5373246
332.5473248
332.5573251
332.5673253
332.5773255
332.5873257
332.5973259
332.6073262
332.6173264
332.6273266
332.6373268
332.647327
332.6573273
332.6673275
332.6773277
332.6873279
332.6973281
332.7073284
332.7173286
332.7273288
332.737329
332.7473292
332.7573295
332.7673297
332.7773299
332.7873301
332.7973303
332.8073306
332.8173308
332.827331
332.8373312
332.8473314
332.8573317
332.8673319
332.8773321
332.8873323
332.8973325
332.9073328
332.917333
332.9273332
332.9373334
332.9473336
332.9573339
332.9673341
332.9773343
332.9873345
332.9973347
333.007335
333.0173352
333.0273354
333.0373356
333.0473358
333.0573361
333.0673363
333.0773365
333.0873367
333.0973369
333.1073372
333.1173374
333.1273376
333.1373378
333.147338
333.1573383
333.1673385
333.1773387
333.1873389
333.1973391
333.2073394
333.2173396
333.2273398
333.23734
333.2473402
333.2573405
333.2673407
333.2773409
333.2873411
333.2973414
333.3073416
333.3173418
333.327342
333.3373422
333.3473425
333.3573427
333.3673429
333.3773431
333.3873433
333.3973436
333.4073438
333.417344
333.4273442
333.4373444
333.4473447
333.4573449
333.4673451
333.4773453
333.4873455
333.4973458
333.507346
333.5173462
333.5273464
333.5373466
333.5473469
333.5573471
333.5673473
333.5773475
333.5873477
333.597348
333.6073482
333.6173484
333.6273486
333.6373488
333.6473491
333.6573493
333.6673495
333.6773497
333.6873499
333.6973502
333.7073504
333.7173506
333.7273508
333.737351
333.7473513
333.7573515
333.7673517
333.7773519
333.7873521
333.7973524
333.8073526
333.8173528
333.827353
333.8373532
333.8473535
333.8573537
333.8673539
333.8773541
333.8873543
333.8973546
333.9073548
333.917355
333.9273552
333.9373554
333.9473557
333.9573559
333.9673561
333.9773563
333.9873565
333.9973568
334.007357
334.0173572
334.0273574
334.0373577
334.0473579
334.0573581
334.0673583
334.0773585
334.0873588
334.097359
334.1073592
334.1173594
334.1273596
334.1373599
334.1473601
334.1573603
334.1673605
334.1773607
334.187361
334.1973612
334.2073614
334.2173616
334.2273618
334.2373621
334.2473623
334.2573625
334.2673627
334.2773629
334.2873632
334.2973634
334.3073636
334.3173638
334.327364
334.3373643
334.3473645
334.3573647
334.3673649
334.3773651
334.3873654
334.3973656
334.4073658
334.417366
334.4273662
334.4373665
334.4473667
334.4573669
334.4673671
334.4773673
334.4873676
334.4973678
334.507368
334.5173682
334.5273684
334.5373687
334.5473689
334.5573691
334.5673693
334.5773695
334.5873698
334.59737
334.6073702
334.6173704
334.6273706
334.6373709
334.6473711
334.6573713
334.6673715
334.6773717
334.687372
334.6973722
334.7073724
334.7173726
334.7273728
334.7373731
334.7473733
334.7573735
334.7673737
334.777374
334.7873742
334.7973744
334.8073746
334.8173748
334.8273751
334.8373753
334.8473755
334.8573757
334.8673759
334.8773762
334.8873764
334.8973766
334.9073768
334.917377
334.9273773
334.9373775
334.9473777
334.9573779
334.9673781
334.9773784
334.9873786
334.9973788
335.007379
335.0173792
335.0273795
335.0373797
335.0473799
335.0573801
335.0673803
335.0773806
335.0873808
335.097381
335.1073812
335.1173814
335.1273817
335.1373819
335.1473821
335.1573823
335.1673825
335.1773828
335.187383
335.1973832
335.2073834
335.2173836
335.2273839
335.2373841
335.2473843
335.2573845
335.2673847
335.277385
335.2873852
335.2973854
335.3073856
335.3173858
335.3273861
335.3373863
335.3473865
335.3573867
335.3673869
335.3773872
335.3873874
335.3973876
335.4073878
335.417388
335.4273883
335.4373885
335.4473887
335.4573889
335.4673891
335.4773894
335.4873896
335.4973898
335.50739
335.5173903
335.5273905
335.5373907
335.5473909
335.5573911
335.5673914
335.5773916
335.5873918
335.597392
335.6073922
335.6173925
335.6273927
335.6373929
335.6473931
335.6573933
335.6673936
335.6773938
335.687394
335.6973942
335.7073944
335.7173947
335.7273949
335.7373951
335.7473953
335.7573955
335.7673958
335.777396
335.7873962
335.7973964
335.8073966
335.8173969
335.8273971
335.8373973
335.8473975
335.8573977
335.867398
335.8773982
335.8873984
335.8973986
335.9073988
335.9173991
335.9273993
335.9373995
335.9473997
335.9573999
335.9674002
335.9774004
335.9874006
335.9974008
336.007401
336.0174013
336.0274015
336.0374017
336.0474019
336.0574021
336.0674024
336.0774026
336.0874028
336.097403
336.1074032
336.1174035
336.1274037
336.1374039
336.1474041
336.1574043
336.1674046
336.1774048
336.187405
336.1974052
336.2074054
336.2174057
336.2274059
336.2374061
336.2474063
336.2574066
336.2674068
336.277407
336.2874072
336.2974074
336.3074077
336.3174079
336.3274081
336.3374083
336.3474085
336.3574088
336.367409
336.3774092
336.3874094
336.3974096
336.4074099
336.4174101
336.4274103
336.4374105
336.4474107
336.457411
336.4674112
336.4774114
336.4874116
336.4974118
336.5074121
336.5174123
336.5274125
336.5374127
336.5474129
336.5574132
336.5674134
336.5774136
336.5874138
336.597414
336.6074143
336.6174145
336.6274147
336.6374149
336.6474151
336.6574154
336.6674156
336.6774158
336.687416
336.6974162
336.7074165
336.7174167
336.7274169
336.7374171
336.7474173
336.7574176
336.7674178
336.777418
336.7874182
336.7974184
336.8074187
336.8174189
336.8274191
336.8374193
336.8474195
336.8574198
336.86742
336.8774202
336.8874204
336.8974206
336.9074209
336.9174211
336.9274213
336.9374215
336.9474217
336.957422
336.9674222
336.9774224
336.9874226
336.9974229
337.0074231
337.0174233
337.0274235
337.0374237
337.047424
337.0574242
337.0674244
337.0774246
337.0874248
337.0974251
337.1074253
337.1174255
337.1274257
337.1374259
337.1474262
337.1574264
337.1674266
337.1774268
337.187427
337.1974273
337.2074275
337.2174277
337.2274279
337.2374281
337.2474284
337.2574286
337.2674288
337.277429
337.2874292
337.2974295
337.3074297
337.3174299
337.3274301
337.3374303
337.3474306
337.3574308
337.367431
337.3774312
337.3874314
337.3974317
337.4074319
337.4174321
337.4274323
337.4374325
337.4474328
337.457433
337.4674332
337.4774334
337.4874336
337.4974339
337.5074341
337.5174343
337.5274345
337.5374347
337.547435
337.5574352
337.5674354
337.5774356
337.5874358
337.5974361
337.6074363
337.6174365
337.6274367
337.6374369
337.6474372
337.6574374
337.6674376
337.6774378
337.687438
337.6974383
337.7074385
337.7174387
337.7274389
337.7374392
337.7474394
337.7574396
337.7674398
337.77744
337.7874403
337.7974405
337.8074407
337.8174409
337.8274411
337.8374414
337.8474416
337.8574418
337.867442
337.8774422
337.8874425
337.8974427
337.9074429
337.9174431
337.9274433
337.9374436
337.9474438
337.957444
337.9674442
337.9774444
337.9874447
337.9974449
338.0074451
338.0174453
338.0274455
338.0374458
338.047446
338.0574462
338.0674464
338.0774466
338.0874469
338.0974471
338.1074473
338.1174475
338.1274477
338.137448
338.1474482
338.1574484
338.1674486
338.1774488
338.1874491
338.1974493
338.2074495
338.2174497
338.2274499
338.2374502
338.2474504
338.2574506
338.2674508
338.277451
338.2874513
338.2974515
338.3074517
338.3174519
338.3274521
338.3374524
338.3474526
338.3574528
338.367453
338.3774532
338.3874535
338.3974537
338.4074539
338.4174541
338.4274543
338.4374546
338.4474548
338.457455
338.4674552
338.4774555
338.4874557
338.4974559
338.5074561
338.5174563
338.5274566
338.5374568
338.547457
338.5574572
338.5674574
338.5774577
338.5874579
338.5974581
338.6074583
338.6174585
338.6274588
338.637459
338.6474592
338.6574594
338.6674596
338.6774599
338.6874601
338.6974603
338.7074605
338.7174607
338.727461
338.7374612
338.7474614
338.7574616
338.7674618
338.7774621
338.7874623
338.7974625
338.8074627
338.8174629
338.8274632
338.8374634
338.8474636
338.8574638
338.867464
338.8774643
338.8874645
338.8974647
338.9074649
338.9174651
338.9274654
338.9374656
338.9474658
338.957466
338.9674662
338.9774665
338.9874667
338.9974669
339.0074671
339.0174673
339.0274676
339.0374678
339.047468
339.0574682
339.0674684
339.0774687
339.0874689
339.0974691
339.1074693
339.1174695
339.1274698
339.13747
339.1474702
339.1574704
339.1674706
339.1774709
339.1874711
339.1974713
339.2074715
339.2174718
339.227472
339.2374722
339.2474724
339.2574726
339.2674729
339.2774731
339.2874733
339.2974735
339.3074737
339.317474
339.3274742
339.3374744
339.3474746
339.3574748
339.3674751
339.3774753
339.3874755
339.3974757
339.4074759
339.4174762
339.4274764
339.4374766
339.4474768
339.457477
339.4674773
339.4774775
339.4874777
339.4974779
339.5074781
339.5174784
339.5274786
339.5374788
339.547479
339.5574792
339.5674795
339.5774797
339.5874799
339.5974801
339.6074803
339.6174806
339.6274808
339.637481
339.6474812
339.6574814
339.6674817
339.6774819
339.6874821
339.6974823
339.7074825
339.7174828
339.727483
339.7374832
339.7474834
339.7574836
339.7674839
339.7774841
339.7874843
339.7974845
339.8074847
339.817485
339.8274852
339.8374854
339.8474856
339.8574858
339.8674861
339.8774863
339.8874865
339.8974867
339.9074869
339.9174872
339.9274874
339.9374876
339.9474878
339.9574881
339.9674883
339.9774885
339.9874887
339.9974889
340.0074892
340.0174894
340.0274896
340.0374898
340.04749
340.0574903
340.0674905
340.0774907
340.0874909
340.0974911
340.1074914
340.1174916
340.1274918
340.137492
340.1474922
340.1574925
340.1674927
340.1774929
340.1874931
340.1974933
340.2074936
340.2174938
340.227494
340.2374942
340.2474944
340.2574947
340.2674949
340.2774951
340.2874953
340.2974955
340.3074958
340.317496
340.3274962
340.3374964
340.3474966
340.3574969
340.3674971
340.3774973
340.3874975
340.3974977
340.407498
340.4174982
340.4274984
340.4374986
340.4474988
340.4574991
340.4674993
340.4774995
340.4874997
340.4974999
340.5075002
340.5175004
340.5275006
340.5375008
340.547501
340.5575013
340.5675015
340.5775017
340.5875019
340.5975021
340.6075024
340.6175026
340.6275028
340.637503
340.6475032
340.6575035
340.6675037
340.6775039
340.6875041
340.6975044
340.7075046
340.7175048
340.727505
340.7375052
340.7475055
340.7575057
340.7675059
340.7775061
340.7875063
340.7975066
340.8075068
340.817507
340.8275072
340.8375074
340.8475077
340.8575079
340.8675081
340.8775083
340.8875085
340.8975088
340.907509
340.9175092
340.9275094
340.9375096
340.9475099
340.9575101
340.9675103
340.9775105
340.9875107
340.997511
341.0075112
341.0175114
341.0275116
341.0375118
341.0475121
341.0575123
341.0675125
341.0775127
341.0875129
341.0975132
341.1075134
341.1175136
341.1275138
341.137514
341.1475143
341.1575145
341.1675147
341.1775149
341.1875151
341.1975154
341.2075156
341.2175158
341.227516
341.2375162
341.2475165
341.2575167
341.2675169
341.2775171
341.2875173
341.2975176
341.3075178
341.317518
341.3275182
341.3375184
341.3475187
341.3575189
341.3675191
341.3775193
341.3875195
341.3975198
341.40752
341.4175202
341.4275204
341.4375207
341.4475209
341.4575211
341.4675213
341.4775215
341.4875218
341.497522
341.5075222
341.5175224
341.5275226
341.5375229
341.5475231
341.5575233
341.5675235
341.5775237
341.587524
341.5975242
341.6075244
341.6175246
341.6275248
341.6375251
341.6475253
341.6575255
341.6675257
341.6775259
341.6875262
341.6975264
341.7075266
341.7175268
341.727527
341.7375273
341.7475275
341.7575277
341.7675279
341.7775281
341.7875284
341.7975286
341.8075288
341.817529
341.8275292
341.8375295
341.8475297
341.8575299
341.8675301
341.8775303
341.8875306
341.8975308
341.907531
341.9175312
341.9275314
341.9375317
341.9475319
341.9575321
341.9675323
341.9775325
341.9875328
341.997533
342.0075332
342.0175334
342.0275336
342.0375339
342.0475341
342.0575343
342.0675345
342.0775347
342.087535
342.0975352
342.1075354
342.1175356
342.1275358
342.1375361
342.1475363
342.1575365
342.1675367
342.177537
342.1875372
342.1975374
342.2075376
342.2175378
342.2275381
342.2375383
342.2475385
342.2575387
342.2675389
342.2775392
342.2875394
342.2975396
342.3075398
342.31754
342.3275403
342.3375405
342.3475407
342.3575409
342.3675411
342.3775414
342.3875416
342.3975418
342.407542
342.4175422
342.4275425
342.4375427
342.4475429
342.4575431
342.4675433
342.4775436
342.4875438
342.497544
342.5075442
342.5175444
342.5275447
342.5375449
342.5475451
342.5575453
342.5675455
342.5775458
342.587546
342.5975462
342.6075464
342.6175466
342.6275469
342.6375471
342.6475473
342.6575475
342.6675477
342.677548
342.6875482
342.6975484
342.7075486
342.7175488
342.7275491
342.7375493
342.7475495
342.7575497
342.7675499
342.7775502
342.7875504
342.7975506
342.8075508
342.817551
342.8275513
342.8375515
342.8475517
342.8575519
342.8675521
342.8775524
342.8875526
342.8975528
342.907553
342.9175533
342.9275535
342.9375537
342.9475539
342.9575541
342.9675544
342.9775546
342.9875548
342.997555
343.0075552
343.0175555
343.0275557
343.0375559
343.0475561
343.0575563
343.0675566
343.0775568
343.087557
343.0975572
343.1075574
343.1175577
343.1275579
343.1375581
343.1475583
343.1575585
343.1675588
343.177559
343.1875592
343.1975594
343.2075596
343.2175599
343.2275601
343.2375603
343.2475605
343.2575607
343.267561
343.2775612
343.2875614
343.2975616
343.3075618
343.3175621
343.3275623
343.3375625
343.3475627
343.3575629
343.3675632
343.3775634
343.3875636
343.3975638
343.407564
343.4175643
343.4275645
343.4375647
343.4475649
343.4575651
343.4675654
343.4775656
343.4875658
343.497566
343.5075662
343.5175665
343.5275667
343.5375669
343.5475671
343.5575673
343.5675676
343.5775678
343.587568
343.5975682
343.6075684
343.6175687
343.6275689
343.6375691
343.6475693
343.6575695
343.6675698
343.67757
343.6875702
343.6975704
343.7075707
343.7175709
343.7275711
343.7375713
343.7475715
343.7575718
343.767572
343.7775722
343.7875724
343.7975726
343.8075729
343.8175731
343.8275733
343.8375735
343.8475737
343.857574
343.8675742
343.8775744
343.8875746
343.8975748
343.9075751
343.9175753
343.9275755
343.9375757
343.9475759
343.9575762
343.9675764
343.9775766
343.9875768
343.997577
344.0075773
344.0175775
344.0275777
344.0375779
344.0475781
344.0575784
344.0675786
344.0775788
344.087579
344.0975792
344.1075795
344.1175797
344.1275799
344.1375801
344.1475803
344.1575806
344.1675808
344.177581
344.1875812
344.1975814
344.2075817
344.2175819
344.2275821
344.2375823
344.2475825
344.2575828
344.267583
344.2775832
344.2875834
344.2975836
344.3075839
344.3175841
344.3275843
344.3375845
344.3475847
344.357585
344.3675852
344.3775854
344.3875856
344.3975858
344.4075861
344.4175863
344.4275865
344.4375867
344.447587
344.4575872
344.4675874
344.4775876
344.4875878
344.4975881
344.5075883
344.5175885
344.5275887
344.5375889
344.5475892
344.5575894
344.5675896
344.5775898
344.58759
344.5975903
344.6075905
344.6175907
344.6275909
344.6375911
344.6475914
344.6575916
344.6675918
344.677592
344.6875922
344.6975925
344.7075927
344.7175929
344.7275931
344.7375933
344.7475936
344.7575938
344.767594
344.7775942
344.7875944
344.7975947
344.8075949
344.8175951
344.8275953
344.8375955
344.8475958
344.857596
344.8675962
344.8775964
344.8875966
344.8975969
344.9075971
344.9175973
344.9275975
344.9375977
344.947598
344.9575982
344.9675984
344.9775986
344.9875988
344.9975991
345.0075993
345.0175995
345.0275997
345.0375999
345.0476002
345.0576004
345.0676006
345.0776008
345.087601
345.0976013
345.1076015
345.1176017
345.1276019
345.1376021
345.1476024
345.1576026
345.1676028
345.177603
345.1876033
345.1976035
345.2076037
345.2176039
345.2276041
345.2376044
345.2476046
345.2576048
345.267605
345.2776052
345.2876055
345.2976057
345.3076059
345.3176061
345.3276063
345.3376066
345.3476068
345.357607
345.3676072
345.3776074
345.3876077
345.3976079
345.4076081
345.4176083
345.4276085
345.4376088
345.447609
345.4576092
345.4676094
345.4776096
345.4876099
345.4976101
345.5076103
345.5176105
345.5276107
345.537611
345.5476112
345.5576114
345.5676116
345.5776118
345.5876121
345.5976123
345.6076125
345.6176127
345.6276129
345.6376132
345.6476134
345.6576136
345.6676138
345.677614
345.6876143
345.6976145
345.7076147
345.7176149
345.7276151
345.7376154
345.7476156
345.7576158
345.767616
345.7776162
345.7876165
345.7976167
345.8076169
345.8176171
345.8276173
345.8376176
345.8476178
345.857618
345.8676182
345.8776184
345.8876187
345.8976189
345.9076191
345.9176193
345.9276196
345.9376198
345.94762
345.9576202
345.9676204
345.9776207
345.9876209
345.9976211
346.0076213
346.0176215
346.0276218
346.037622
346.0476222
346.0576224
346.0676226
346.0776229
346.0876231
346.0976233
346.1076235
346.1176237
346.127624
346.1376242
346.1476244
346.1576246
346.1676248
346.1776251
346.1876253
346.1976255
346.2076257
346.2176259
346.2276262
346.2376264
346.2476266
346.2576268
346.267627
346.2776273
346.2876275
346.2976277
346.3076279
346.3176281
346.3276284
346.3376286
346.3476288
346.357629
346.3676292
346.3776295
346.3876297
346.3976299
346.4076301
346.4176303
346.4276306
346.4376308
346.447631
346.4576312
346.4676314
346.4776317
346.4876319
346.4976321
346.5076323
346.5176325
346.5276328
346.537633
346.5476332
346.5576334
346.5676336
346.5776339
346.5876341
346.5976343
346.6076345
346.6176347
346.627635
346.6376352
346.6476354
346.6576356
346.6676359
346.6776361
346.6876363
346.6976365
346.7076367
346.717637
346.7276372
346.7376374
346.7476376
346.7576378
346.7676381
346.7776383
346.7876385
346.7976387
346.8076389
346.8176392
346.8276394
346.8376396
346.8476398
346.85764
346.8676403
346.8776405
346.8876407
346.8976409
346.9076411
346.9176414
346.9276416
346.9376418
346.947642
346.9576422
346.9676425
346.9776427
346.9876429
346.9976431
347.0076433
347.0176436
347.0276438
347.037644
347.0476442
347.0576444
347.0676447
347.0776449
347.0876451
347.0976453
347.1076455
347.1176458
347.127646
347.1376462
347.1476464
347.1576466
347.1676469
347.1776471
347.1876473
347.1976475
347.2076477
347.217648
347.2276482
347.2376484
347.2476486
347.2576488
347.2676491
347.2776493
347.2876495
347.2976497
347.3076499
347.3176502
347.3276504
347.3376506
347.3476508
347.357651
347.3676513
347.3776515
347.3876517
347.3976519
347.4076522
347.4176524
347.4276526
347.4376528
347.447653
347.4576533
347.4676535
347.4776537
347.4876539
347.4976541
347.5076544
347.5176546
347.5276548
347.537655
347.5476552
347.5576555
347.5676557
347.5776559
347.5876561
347.5976563
347.6076566
347.6176568
347.627657
347.6376572
347.6476574
347.6576577
347.6676579
347.6776581
347.6876583
347.6976585
347.7076588
347.717659
347.7276592
347.7376594
347.7476596
347.7576599
347.7676601
347.7776603
347.7876605
347.7976607
347.807661
347.8176612
347.8276614
347.8376616
347.8476618
347.8576621
347.8676623
347.8776625
347.8876627
347.8976629
347.9076632
347.9176634
347.9276636
347.9376638
347.947664
347.9576643
347.9676645
347.9776647
347.9876649
347.9976651
348.0076654
348.0176656
348.0276658
348.037666
348.0476662
348.0576665
348.0676667
348.0776669
348.0876671
348.0976673
348.1076676
348.1176678
348.127668
348.1376682
348.1476685
348.1576687
348.1676689
348.1776691
348.1876693
348.1976696
348.2076698
348.21767
348.2276702
348.2376704
348.2476707
348.2576709
348.2676711
348.2776713
348.2876715
348.2976718
348.307672
348.3176722
348.3276724
348.3376726
348.3476729
348.3576731
348.3676733
348.3776735
348.3876737
348.397674
348.4076742
348.4176744
348.4276746
348.4376748
348.4476751
348.4576753
348.4676755
348.4776757
348.4876759
348.4976762
348.5076764
348.5176766
348.5276768
348.537677
348.5476773
348.5576775
348.5676777
348.5776779
348.5876781
348.5976784
348.6076786
348.6176788
348.627679
348.6376792
348.6476795
348.6576797
348.6676799
348.6776801
348.6876803
348.6976806
348.7076808
348.717681
348.7276812
348.7376814
348.7476817
348.7576819
348.7676821
348.7776823
348.7876825
348.7976828
348.807683
348.8176832
348.8276834
348.8376836
348.8476839
348.8576841
348.8676843
348.8776845
348.8876848
348.897685
348.9076852
348.9176854
348.9276856
348.9376859
348.9476861
348.9576863
348.9676865
348.9776867
348.987687
348.9976872
349.0076874
349.0176876
349.0276878
349.0376881
349.0476883
349.0576885
349.0676887
349.0776889
349.0876892
349.0976894
349.1076896
349.1176898
349.12769
349.1376903
349.1476905
349.1576907
349.1676909
349.1776911
349.1876914
349.1976916
349.2076918
349.217692
349.2276922
349.2376925
349.2476927
349.2576929
349.2676931
349.2776933
349.2876936
349.2976938
349.307694
349.3176942
349.3276944
349.3376947
349.3476949
349.3576951
349.3676953
349.3776955
349.3876958
349.397696
349.4076962
349.4176964
349.4276966
349.4376969
349.4476971
349.4576973
349.4676975
349.4776977
349.487698
349.4976982
349.5076984
349.5176986
349.5276988
349.5376991
349.5476993
349.5576995
349.5676997
349.5776999
349.5877002
349.5977004
349.6077006
349.6177008
349.6277011
349.6377013
349.6477015
349.6577017
349.6677019
349.6777022
349.6877024
349.6977026
349.7077028
349.717703
349.7277033
349.7377035
349.7477037
349.7577039
349.7677041
349.7777044
349.7877046
349.7977048
349.807705
349.8177052
349.8277055
349.8377057
349.8477059
349.8577061
349.8677063
349.8777066
349.8877068
349.897707
349.9077072
349.9177074
349.9277077
349.9377079
349.9477081
349.9577083
349.9677085
349.9777088
349.987709
349.9977092
350.0077094
350.0177096
350.0277099
350.0377101
350.0477103
350.0577105
350.0677107
350.077711
350.0877112
350.0977114
350.1077116
350.1177118
350.1277121
350.1377123
350.1477125
350.1577127
350.1677129
350.1777132
350.1877134
350.1977136
350.2077138
350.217714
350.2277143
350.2377145
350.2477147
350.2577149
350.2677151
350.2777154
350.2877156
350.2977158
350.307716
350.3177162
350.3277165
350.3377167
350.3477169
350.3577171
350.3677174
350.3777176
350.3877178
350.397718
350.4077182
350.4177185
350.4277187
350.4377189
350.4477191
350.4577193
350.4677196
350.4777198
350.48772
350.4977202
350.5077204
350.5177207
350.5277209
350.5377211
350.5477213
350.5577215
350.5677218
350.577722
350.5877222
350.5977224
350.6077226
350.6177229
350.6277231
350.6377233
350.6477235
350.6577237
350.667724
350.6777242
350.6877244
350.6977246
350.7077248
350.7177251
350.7277253
350.7377255
350.7477257
350.7577259
350.7677262
350.7777264
350.7877266
350.7977268
350.807727
350.8177273
350.8277275
350.8377277
350.8477279
350.8577281
350.8677284
350.8777286
350.8877288
350.897729
350.9077292
350.9177295
350.9277297
350.9377299
350.9477301
350.9577303
350.9677306
350.9777308
350.987731
350.9977312
351.0077314
351.0177317
351.0277319
351.0377321
351.0477323
351.0577325
351.0677328
351.077733
351.0877332
351.0977334
351.1077337
351.1177339
351.1277341
351.1377343
351.1477345
351.1577348
351.167735
351.1777352
351.1877354
351.1977356
351.2077359
351.2177361
351.2277363
351.2377365
351.2477367
351.257737
351.2677372
351.2777374
351.2877376
351.2977378
351.3077381
351.3177383
351.3277385
351.3377387
351.3477389
351.3577392
351.3677394
351.3777396
351.3877398
351.39774
351.4077403
351.4177405
351.4277407
351.4377409
351.4477411
351.4577414
351.4677416
351.4777418
351.487742
351.4977422
351.5077425
351.5177427
351.5277429
351.5377431
351.5477433
351.5577436
351.5677438
351.577744
351.5877442
351.5977444
351.6077447
351.6177449
351.6277451
351.6377453
351.6477455
351.6577458
351.667746
351.6777462
351.6877464
351.6977466
351.7077469
351.7177471
351.7277473
351.7377475
351.7477477
351.757748
351.7677482
351.7777484
351.7877486
351.7977488
351.8077491
351.8177493
351.8277495
351.8377497
351.84775
351.8577502
351.8677504
351.8777506
351.8877508
351.8977511
351.9077513
351.9177515
351.9277517
351.9377519
351.9477522
351.9577524
351.9677526
351.9777528
351.987753
351.9977533
352.0077535
352.0177537
352.0277539
352.0377541
352.0477544
352.0577546
352.0677548
352.077755
352.0877552
352.0977555
352.1077557
352.1177559
352.1277561
352.1377563
352.1477566
352.1577568
352.167757
352.1777572
352.1877574
352.1977577
352.2077579
352.2177581
352.2277583
352.2377585
352.2477588
352.257759
352.2677592
352.2777594
352.2877596
352.2977599
352.3077601
352.3177603
352.3277605
352.3377607
352.347761
352.3577612
352.3677614
352.3777616
352.3877618
352.3977621
352.4077623
352.4177625
352.4277627
352.4377629
352.4477632
352.4577634
352.4677636
352.4777638
352.487764
352.4977643
352.5077645
352.5177647
352.5277649
352.5377651
352.5477654
352.5577656
352.5677658
352.577766
352.5877663
352.5977665
352.6077667
352.6177669
352.6277671
352.6377674
352.6477676
352.6577678
352.667768
352.6777682
352.6877685
352.6977687
352.7077689
352.7177691
352.7277693
352.7377696
352.7477698
352.75777
352.7677702
352.7777704
352.7877707
352.7977709
352.8077711
352.8177713
352.8277715
352.8377718
352.847772
352.8577722
352.8677724
352.8777726
352.8877729
352.8977731
352.9077733
352.9177735
352.9277737
352.937774
352.9477742
352.9577744
352.9677746
352.9777748
352.9877751
352.9977753
353.0077755
353.0177757
353.0277759
353.0377762
353.0477764
353.0577766
353.0677768
353.077777
353.0877773
353.0977775
353.1077777
353.1177779
353.1277781
353.1377784
353.1477786
353.1577788
353.167779
353.1777792
353.1877795
353.1977797
353.2077799
353.2177801
353.2277803
353.2377806
353.2477808
353.257781
353.2677812
353.2777814
353.2877817
353.2977819
353.3077821
353.3177823
353.3277826
353.3377828
353.347783
353.3577832
353.3677834
353.3777837
353.3877839
353.3977841
353.4077843
353.4177845
353.4277848
353.437785
353.4477852
353.4577854
353.4677856
353.4777859
353.4877861
353.4977863
353.5077865
353.5177867
353.527787
353.5377872
353.5477874
353.5577876
353.5677878
353.5777881
353.5877883
353.5977885
353.6077887
353.6177889
353.6277892
353.6377894
353.6477896
353.6577898
353.66779
353.6777903
353.6877905
353.6977907
353.7077909
353.7177911
353.7277914
353.7377916
353.7477918
353.757792
353.7677922
353.7777925
353.7877927
353.7977929
353.8077931
353.8177933
353.8277936
353.8377938
353.847794
353.8577942
353.8677944
353.8777947
353.8877949
353.8977951
353.9077953
353.9177955
353.9277958
353.937796
353.9477962
353.9577964
353.9677966
353.9777969
353.9877971
353.9977973
354.0077975
354.0177977
354.027798
354.0377982
354.0477984
354.0577986
354.0677989
354.0777991
354.0877993
354.0977995
354.1077997
354.1178
354.1278002
354.1378004
354.1478006
354.1578008
354.1678011
354.1778013
354.1878015
354.1978017
354.2078019
354.2178022
354.2278024
354.2378026
354.2478028
354.257803
354.2678033
354.2778035
354.2878037
354.2978039
354.3078041
354.3178044
354.3278046
354.3378048
354.347805
354.3578052
354.3678055
354.3778057
354.3878059
354.3978061
354.4078063
354.4178066
354.4278068
354.437807
354.4478072
354.4578074
354.4678077
354.4778079
354.4878081
354.4978083
354.5078085
354.5178088
354.527809
354.5378092
354.5478094
354.5578096
354.5678099
354.5778101
354.5878103
354.5978105
354.6078107
354.617811
354.6278112
354.6378114
354.6478116
354.6578118
354.6678121
354.6778123
354.6878125
354.6978127
354.7078129
354.7178132
354.7278134
354.7378136
354.7478138
354.757814
354.7678143
354.7778145
354.7878147
354.7978149
354.8078152
354.8178154
354.8278156
354.8378158
354.847816
354.8578163
354.8678165
354.8778167
354.8878169
354.8978171
354.9078174
354.9178176
354.9278178
354.937818
354.9478182
354.9578185
354.9678187
354.9778189
354.9878191
354.9978193
355.0078196
355.0178198
355.02782
355.0378202
355.0478204
355.0578207
355.0678209
355.0778211
355.0878213
355.0978215
355.1078218
355.117822
355.1278222
355.1378224
355.1478226
355.1578229
355.1678231
355.1778233
355.1878235
355.1978237
355.207824
355.2178242
355.2278244
355.2378246
355.2478248
355.2578251
355.2678253
355.2778255
355.2878257
355.2978259
355.3078262
355.3178264
355.3278266
355.3378268
355.347827
355.3578273
355.3678275
355.3778277
355.3878279
355.3978281
355.4078284
355.4178286
355.4278288
355.437829
355.4478292
355.4578295
355.4678297
355.4778299
355.4878301
355.4978303
355.5078306
355.5178308
355.527831
355.5378312
355.5478315
355.5578317
355.5678319
355.5778321
355.5878323
355.5978326
355.6078328
355.617833
355.6278332
355.6378334
355.6478337
355.6578339
355.6678341
355.6778343
355.6878345
355.6978348
355.707835
355.7178352
355.7278354
355.7378356
355.7478359
355.7578361
355.7678363
355.7778365
355.7878367
355.797837
355.8078372
355.8178374
355.8278376
355.8378378
355.8478381
355.8578383
355.8678385
355.8778387
355.8878389
355.8978392
355.9078394
355.9178396
355.9278398
355.93784
355.9478403
355.9578405
355.9678407
355.9778409
355.9878411
355.9978414
356.0078416
356.0178418
356.027842
356.0378422
356.0478425
356.0578427
356.0678429
356.0778431
356.0878433
356.0978436
356.1078438
356.117844
356.1278442
356.1378444
356.1478447
356.1578449
356.1678451
356.1778453
356.1878455
356.1978458
356.207846
356.2178462
356.2278464
356.2378466
356.2478469
356.2578471
356.2678473
356.2778475
356.2878477
356.297848
356.3078482
356.3178484
356.3278486
356.3378489
356.3478491
356.3578493
356.3678495
356.3778497
356.38785
356.3978502
356.4078504
356.4178506
356.4278508
356.4378511
356.4478513
356.4578515
356.4678517
356.4778519
356.4878522
356.4978524
356.5078526
356.5178528
356.527853
356.5378533
356.5478535
356.5578537
356.5678539
356.5778541
356.5878544
356.5978546
356.6078548
356.617855
356.6278552
356.6378555
356.6478557
356.6578559
356.6678561
356.6778563
356.6878566
356.6978568
356.707857
356.7178572
356.7278574
356.7378577
356.7478579
356.7578581
356.7678583
356.7778585
356.7878588
356.797859
356.8078592
356.8178594
356.8278596
356.8378599
356.8478601
356.8578603
356.8678605
356.8778607
356.887861
356.8978612
356.9078614
356.9178616
356.9278618
356.9378621
356.9478623
356.9578625
356.9678627
356.9778629
356.9878632
356.9978634
357.0078636
357.0178638
357.027864
357.0378643
357.0478645
357.0578647
357.0678649
357.0778652
357.0878654
357.0978656
357.1078658
357.117866
357.1278663
357.1378665
357.1478667
357.1578669
357.1678671
357.1778674
357.1878676
357.1978678
357.207868
357.2178682
357.2278685
357.2378687
357.2478689
357.2578691
357.2678693
357.2778696
357.2878698
357.29787
357.3078702
357.3178704
357.3278707
357.3378709
357.3478711
357.3578713
357.3678715
357.3778718
357.387872
357.3978722
357.4078724
357.4178726
357.4278729
357.4378731
357.4478733
357.4578735
357.4678737
357.477874
357.4878742
357.4978744
357.5078746
357.5178748
357.5278751
357.5378753
357.5478755
357.5578757
357.5678759
357.5778762
357.5878764
357.5978766
357.6078768
357.617877
357.6278773
357.6378775
357.6478777
357.6578779
357.6678781
357.6778784
357.6878786
357.6978788
357.707879
357.7178792
357.7278795
357.7378797
357.7478799
357.7578801
357.7678803
357.7778806
357.7878808
357.797881
357.8078812
357.8178815
357.8278817
357.8378819
357.8478821
357.8578823
357.8678826
357.8778828
357.887883
357.8978832
357.9078834
357.9178837
357.9278839
357.9378841
357.9478843
357.9578845
357.9678848
357.977885
357.9878852
357.9978854
358.0078856
358.0178859
358.0278861
358.0378863
358.0478865
358.0578867
358.067887
358.0778872
358.0878874
358.0978876
358.1078878
358.1178881
358.1278883
358.1378885
358.1478887
358.1578889
358.1678892
358.1778894
358.1878896
358.1978898
358.20789
358.2178903
358.2278905
358.2378907
358.2478909
358.2578911
358.2678914
358.2778916
358.2878918
358.297892
358.3078922
358.3178925
358.3278927
358.3378929
358.3478931
358.3578933
358.3678936
358.3778938
358.387894
358.3978942
358.4078944
358.4178947
358.4278949
358.4378951
358.4478953
358.4578955
358.4678958
358.477896
358.4878962
358.4978964
358.5078966
358.5178969
358.5278971
358.5378973
358.5478975
358.5578978
358.567898
358.5778982
358.5878984
358.5978986
358.6078989
358.6178991
358.6278993
358.6378995
358.6478997
358.6579
358.6679002
358.6779004
358.6879006
358.6979008
358.7079011
358.7179013
358.7279015
358.7379017
358.7479019
358.7579022
358.7679024
358.7779026
358.7879028
358.797903
358.8079033
358.8179035
358.8279037
358.8379039
358.8479041
358.8579044
358.8679046
358.8779048
358.887905
358.8979052
358.9079055
358.9179057
358.9279059
358.9379061
358.9479063
358.9579066
358.9679068
358.977907
358.9879072
358.9979074
359.0079077
359.0179079
359.0279081
359.0379083
359.0479085
359.0579088
359.067909
359.0779092
359.0879094
359.0979096
359.1079099
359.1179101
359.1279103
359.1379105
359.1479107
359.157911
359.1679112
359.1779114
359.1879116
359.1979118
359.2079121
359.2179123
359.2279125
359.2379127
359.2479129
359.2579132
359.2679134
359.2779136
359.2879138
359.2979141
359.3079143
359.3179145
359.3279147
359.3379149
359.3479152
359.3579154
359.3679156
359.3779158
359.387916
359.3979163
359.4079165
359.4179167
359.4279169
359.4379171
359.4479174
359.4579176
359.4679178
359.477918
359.4879182
359.4979185
359.5079187
359.5179189
359.5279191
359.5379193
359.5479196
359.5579198
359.56792
359.5779202
359.5879204
359.5979207
359.6079209
359.6179211
359.6279213
359.6379215
359.6479218
359.657922
359.6679222
359.6779224
359.6879226
359.6979229
359.7079231
359.7179233
359.7279235
359.7379237
359.747924
359.7579242
359.7679244
359.7779246
359.7879248
359.7979251
359.8079253
359.8179255
359.8279257
359.8379259
359.8479262
359.8579264
359.8679266
359.8779268
359.887927
359.8979273
359.9079275
359.9179277
359.9279279
359.9379281
359.9479284
359.9579286
359.9679288
359.977929
359.9879292
359.9979295
360.0079297
360.0179299
360.0279301
360.0379304
360.0479306
360.0579308
360.067931
360.0779312
360.0879315
360.0979317
360.1079319
360.1179321
360.1279323
360.1379326
360.1479328
360.157933
360.1679332
360.1779334
360.1879337
360.1979339
360.2079341
360.2179343
360.2279345
360.2379348
360.247935
360.2579352
360.2679354
360.2779356
360.2879359
360.2979361
360.3079363
360.3179365
360.3279367
360.337937
360.3479372
360.3579374
360.3679376
360.3779378
360.3879381
360.3979383
360.4079385
360.4179387
360.4279389
360.4379392
360.4479394
360.4579396
360.4679398
360.47794
360.4879403
360.4979405
360.5079407
360.5179409
360.5279411
360.5379414
360.5479416
360.5579418
360.567942
360.5779422
360.5879425
360.5979427
360.6079429
360.6179431
360.6279433
360.6379436
360.6479438
360.657944
360.6679442
360.6779444
360.6879447
360.6979449
360.7079451
360.7179453
360.7279455
360.7379458
360.747946
360.7579462
360.7679464
360.7779467
360.7879469
360.7979471
360.8079473
360.8179475
360.8279478
360.837948
360.8479482
360.8579484
360.8679486
360.8779489
360.8879491
360.8979493
360.9079495
360.9179497
360.92795
360.9379502
360.9479504
360.9579506
360.9679508
360.9779511
360.9879513
360.9979515
361.0079517
361.0179519
361.0279522
361.0379524
361.0479526
361.0579528
361.067953
361.0779533
361.0879535
361.0979537
361.1079539
361.1179541
361.1279544
361.1379546
361.1479548
361.157955
361.1679552
361.1779555
361.1879557
361.1979559
361.2079561
361.2179563
361.2279566
361.2379568
361.247957
361.2579572
361.2679574
361.2779577
361.2879579
361.2979581
361.3079583
361.3179585
361.3279588
361.337959
361.3479592
361.3579594
361.3679596
361.3779599
361.3879601
361.3979603
361.4079605
361.4179607
361.427961
361.4379612
361.4479614
361.4579616
361.4679618
361.4779621
361.4879623
361.4979625
361.5079627
361.517963
361.5279632
361.5379634
361.5479636
361.5579638
361.5679641
361.5779643
361.5879645
361.5979647
361.6079649
361.6179652
361.6279654
361.6379656
361.6479658
361.657966
361.6679663
361.6779665
361.6879667
361.6979669
361.7079671
361.7179674
361.7279676
361.7379678
361.747968
361.7579682
361.7679685
361.7779687
361.7879689
361.7979691
361.8079693
361.8179696
361.8279698
361.83797
361.8479702
361.8579704
361.8679707
361.8779709
361.8879711
361.8979713
361.9079715
361.9179718
361.927972
361.9379722
361.9479724
361.9579726
361.9679729
361.9779731
361.9879733
361.9979735
362.0079737
362.017974
362.0279742
362.0379744
362.0479746
362.0579748
362.0679751
362.0779753
362.0879755
362.0979757
362.1079759
362.1179762
362.1279764
362.1379766
362.1479768
362.157977
362.1679773
362.1779775
362.1879777
362.1979779
362.2079781
362.2179784
362.2279786
362.2379788
362.247979
362.2579793
362.2679795
362.2779797
362.2879799
362.2979801
362.3079804
362.3179806
362.3279808
362.337981
362.3479812
362.3579815
362.3679817
362.3779819
362.3879821
362.3979823
362.4079826
362.4179828
362.427983
362.4379832
362.4479834
362.4579837
362.4679839
362.4779841
362.4879843
362.4979845
362.5079848
362.517985
362.5279852
362.5379854
362.5479856
362.5579859
362.5679861
362.5779863
362.5879865
362.5979867
362.607987
362.6179872
362.6279874
362.6379876
362.6479878
362.6579881
362.6679883
362.6779885
362.6879887
362.6979889
362.7079892
362.7179894
362.7279896
362.7379898
362.74799
362.7579903
362.7679905
362.7779907
362.7879909
362.7979911
362.8079914
362.8179916
362.8279918
362.837992
362.8479922
362.8579925
362.8679927
362.8779929
362.8879931
362.8979933
362.9079936
362.9179938
362.927994
362.9379942
362.9479944
362.9579947
362.9679949
362.9779951
362.9879953
362.9979956
363.0079958
363.017996
363.0279962
363.0379964
363.0479967
363.0579969
363.0679971
363.0779973
363.0879975
363.0979978
363.107998
363.1179982
363.1279984
363.1379986
363.1479989
363.1579991
363.1679993
363.1779995
363.1879997
363.198
363.2080002
363.2180004
363.2280006
363.2380008
363.2480011
363.2580013
363.2680015
363.2780017
363.2880019
363.2980022
363.3080024
363.3180026
363.3280028
363.338003
363.3480033
363.3580035
363.3680037
363.3780039
363.3880041
363.3980044
363.4080046
363.4180048
363.428005
363.4380052
363.4480055
363.4580057
363.4680059
363.4780061
363.4880063
363.4980066
363.5080068
363.518007
363.5280072
363.5380074
363.5480077
363.5580079
363.5680081
363.5780083
363.5880085
363.5980088
363.608009
363.6180092
363.6280094
363.6380096
363.6480099
363.6580101
363.6680103
363.6780105
363.6880107
363.698011
363.7080112
363.7180114
363.7280116
363.7380119
363.7480121
363.7580123
363.7680125
363.7780127
363.788013
363.7980132
363.8080134
363.8180136
363.8280138
363.8380141
363.8480143
363.8580145
363.8680147
363.8780149
363.8880152
363.8980154
363.9080156
363.9180158
363.928016
363.9380163
363.9480165
363.9580167
363.9680169
363.9780171
363.9880174
363.9980176
364.0080178
364.018018
364.0280182
364.0380185
364.0480187
364.0580189
364.0680191
364.0780193
364.0880196
364.0980198
364.10802
364.1180202
364.1280204
364.1380207
364.1480209
364.1580211
364.1680213
364.1780215
364.1880218
364.198022
364.2080222
364.2180224
364.2280226
364.2380229
364.2480231
364.2580233
364.2680235
364.2780237
364.288024
364.2980242
364.3080244
364.3180246
364.3280248
364.3380251
364.3480253
364.3580255
364.3680257
364.3780259
364.3880262
364.3980264
364.4080266
364.4180268
364.428027
364.4380273
364.4480275
364.4580277
364.4680279
364.4780282
364.4880284
364.4980286
364.5080288
364.518029
364.5280293
364.5380295
364.5480297
364.5580299
364.5680301
364.5780304
364.5880306
364.5980308
364.608031
364.6180312
364.6280315
364.6380317
364.6480319
364.6580321
364.6680323
364.6780326
364.6880328
364.698033
364.7080332
364.7180334
364.7280337
364.7380339
364.7480341
364.7580343
364.7680345
364.7780348
364.788035
364.7980352
364.8080354
364.8180356
364.8280359
364.8380361
364.8480363
364.8580365
364.8680367
364.878037
364.8880372
364.8980374
364.9080376
364.9180378
364.9280381
364.9380383
364.9480385
364.9580387
364.9680389
364.9780392
364.9880394
364.9980396
365.0080398
365.01804
365.0280403
365.0380405
365.0480407
365.0580409
365.0680411
365.0780414
365.0880416
365.0980418
365.108042
365.1180422
365.1280425
365.1380427
365.1480429
365.1580431
365.1680433
365.1780436
365.1880438
365.198044
365.2080442
365.2180445
365.2280447
365.2380449
365.2480451
365.2580453
365.2680456
365.2780458
365.288046
365.2980462
365.3080464
365.3180467
365.3280469
365.3380471
365.3480473
365.3580475
365.3680478
365.378048
365.3880482
365.3980484
365.4080486
365.4180489
365.4280491
365.4380493
365.4480495
365.4580497
365.46805
365.4780502
365.4880504
365.4980506
365.5080508
365.5180511
365.5280513
365.5380515
365.5480517
365.5580519
365.5680522
365.5780524
365.5880526
365.5980528
365.608053
365.6180533
365.6280535
365.6380537
365.6480539
365.6580541
365.6680544
365.6780546
365.6880548
365.698055
365.7080552
365.7180555
365.7280557
365.7380559
365.7480561
365.7580563
365.7680566
365.7780568
365.788057
365.7980572
365.8080574
365.8180577
365.8280579
365.8380581
365.8480583
365.8580585
365.8680588
365.878059
365.8880592
365.8980594
365.9080596
365.9180599
365.9280601
365.9380603
365.9480605
365.9580608
365.968061
365.9780612
365.9880614
365.9980616
366.0080619
366.0180621
366.0280623
366.0380625
366.0480627
366.058063
366.0680632
366.0780634
366.0880636
366.0980638
366.1080641
366.1180643
366.1280645
366.1380647
366.1480649
366.1580652
366.1680654
366.1780656
366.1880658
366.198066
366.2080663
366.2180665
366.2280667
366.2380669
366.2480671
366.2580674
366.2680676
366.2780678
366.288068
366.2980682
366.3080685
366.3180687
366.3280689
366.3380691
366.3480693
366.3580696
366.3680698
366.37807
366.3880702
366.3980704
366.4080707
366.4180709
366.4280711
366.4380713
366.4480715
366.4580718
366.468072
366.4780722
366.4880724
366.4980726
366.5080729
366.5180731
366.5280733
366.5380735
366.5480737
366.558074
366.5680742
366.5780744
366.5880746
366.5980748
366.6080751
366.6180753
366.6280755
366.6380757
366.6480759
366.6580762
366.6680764
366.6780766
366.6880768
366.6980771
366.7080773
366.7180775
366.7280777
366.7380779
366.7480782
366.7580784
366.7680786
366.7780788
366.788079
366.7980793
366.8080795
366.8180797
366.8280799
366.8380801
366.8480804
366.8580806
366.8680808
366.878081
366.8880812
366.8980815
366.9080817
366.9180819
366.9280821
366.9380823
366.9480826
366.9580828
366.968083
366.9780832
366.9880834
366.9980837
367.0080839
367.0180841
367.0280843
367.0380845
367.0480848
367.058085
367.0680852
367.0780854
367.0880856
367.0980859
367.1080861
367.1180863
367.1280865
367.1380867
367.148087
367.1580872
367.1680874
367.1780876
367.1880878
367.1980881
367.2080883
367.2180885
367.2280887
367.2380889
367.2480892
367.2580894
367.2680896
367.2780898
367.28809
367.2980903
367.3080905
367.3180907
367.3280909
367.3380911
367.3480914
367.3580916
367.3680918
367.378092
367.3880922
367.3980925
367.4080927
367.4180929
367.4280931
367.4380934
367.4480936
367.4580938
367.468094
367.4780942
367.4880945
367.4980947
367.5080949
367.5180951
367.5280953
367.5380956
367.5480958
367.558096
367.5680962
367.5780964
367.5880967
367.5980969
367.6080971
367.6180973
367.6280975
367.6380978
367.648098
367.6580982
367.6680984
367.6780986
367.6880989
367.6980991
367.7080993
367.7180995
367.7280997
367.7381
367.7481002
367.7581004
367.7681006
367.7781008
367.7881011
367.7981013
367.8081015
367.8181017
367.8281019
367.8381022
367.8481024
367.8581026
367.8681028
367.878103
367.8881033
367.8981035
367.9081037
367.9181039
367.9281041
367.9381044
367.9481046
367.9581048
367.968105
367.9781052
367.9881055
367.9981057
368.0081059
368.0181061
368.0281063
368.0381066
368.0481068
368.058107
368.0681072
368.0781074
368.0881077
368.0981079
368.1081081
368.1181083
368.1281085
368.1381088
368.148109
368.1581092
368.1681094
368.1781096
368.1881099
368.1981101
368.2081103
368.2181105
368.2281108
368.238111
368.2481112
368.2581114
368.2681116
368.2781119
368.2881121
368.2981123
368.3081125
368.3181127
368.328113
368.3381132
368.3481134
368.3581136
368.3681138
368.3781141
368.3881143
368.3981145
368.4081147
368.4181149
368.4281152
368.4381154
368.4481156
368.4581158
368.468116
368.4781163
368.4881165
368.4981167
368.5081169
368.5181171
368.5281174
368.5381176
368.5481178
368.558118
368.5681182
368.5781185
368.5881187
368.5981189
368.6081191
368.6181193
368.6281196
368.6381198
368.64812
368.6581202
368.6681204
368.6781207
368.6881209
368.6981211
368.7081213
368.7181215
368.7281218
368.738122
368.7481222
368.7581224
368.7681226
368.7781229
368.7881231
368.7981233
368.8081235
368.8181237
368.828124
368.8381242
368.8481244
368.8581246
368.8681248
368.8781251
368.8881253
368.8981255
368.9081257
368.9181259
368.9281262
368.9381264
368.9481266
368.9581268
368.9681271
368.9781273
368.9881275
368.9981277
369.0081279
369.0181282
369.0281284
369.0381286
369.0481288
369.058129
369.0681293
369.0781295
369.0881297
369.0981299
369.1081301
369.1181304
369.1281306
369.1381308
369.148131
369.1581312
369.1681315
369.1781317
369.1881319
369.1981321
369.2081323
369.2181326
369.2281328
369.238133
369.2481332
369.2581334
369.2681337
369.2781339
369.2881341
369.2981343
369.3081345
369.3181348
369.328135
369.3381352
369.3481354
369.3581356
369.3681359
369.3781361
369.3881363
369.3981365
369.4081367
369.418137
369.4281372
369.4381374
369.4481376
369.4581378
369.4681381
369.4781383
369.4881385
369.4981387
369.5081389
369.5181392
369.5281394
369.5381396
369.5481398
369.55814
369.5681403
369.5781405
369.5881407
369.5981409
369.6081411
369.6181414
369.6281416
369.6381418
369.648142
369.6581422
369.6681425
369.6781427
369.6881429
369.6981431
369.7081434
369.7181436
369.7281438
369.738144
369.7481442
369.7581445
369.7681447
369.7781449
369.7881451
369.7981453
369.8081456
369.8181458
369.828146
369.8381462
369.8481464
369.8581467
369.8681469
369.8781471
369.8881473
369.8981475
369.9081478
369.918148
369.9281482
369.9381484
369.9481486
369.9581489
369.9681491
369.9781493
369.9881495
369.9981497
370.00815
370.0181502
370.0281504
370.0381506
370.0481508
370.0581511
370.0681513
370.0781515
370.0881517
370.0981519
370.1081522
370.1181524
370.1281526
370.1381528
370.148153
370.1581533
370.1681535
370.1781537
370.1881539
370.1981541
370.2081544
370.2181546
370.2281548
370.238155
370.2481552
370.2581555
370.2681557
370.2781559
370.2881561
370.2981563
370.3081566
370.3181568
370.328157
370.3381572
370.3481574
370.3581577
370.3681579
370.3781581
370.3881583
370.3981585
370.4081588
370.418159
370.4281592
370.4381594
370.4481597
370.4581599
370.4681601
370.4781603
370.4881605
370.4981608
370.508161
370.5181612
370.5281614
370.5381616
370.5481619
370.5581621
370.5681623
370.5781625
370.5881627
370.598163
370.6081632
370.6181634
370.6281636
370.6381638
370.6481641
370.6581643
370.6681645
370.6781647
370.6881649
370.6981652
370.7081654
370.7181656
370.7281658
370.738166
370.7481663
370.7581665
370.7681667
370.7781669
370.7881671
370.7981674
370.8081676
370.8181678
370.828168
370.8381682
370.8481685
370.8581687
370.8681689
370.8781691
370.8881693
370.8981696
370.9081698
370.91817
370.9281702
370.9381704
370.9481707
370.9581709
370.9681711
370.9781713
370.9881715
370.9981718
371.008172
371.0181722
371.0281724
371.0381726
371.0481729
371.0581731
371.0681733
371.0781735
371.0881737
371.098174
371.1081742
371.1181744
371.1281746
371.1381748
371.1481751
371.1581753
371.1681755
371.1781757
371.188176
371.1981762
371.2081764
371.2181766
371.2281768
371.2381771
371.2481773
371.2581775
371.2681777
371.2781779
371.2881782
371.2981784
371.3081786
371.3181788
371.328179
371.3381793
371.3481795
371.3581797
371.3681799
371.3781801
371.3881804
371.3981806
371.4081808
371.418181
371.4281812
371.4381815
371.4481817
371.4581819
371.4681821
371.4781823
371.4881826
371.4981828
371.508183
371.5181832
371.5281834
371.5381837
371.5481839
371.5581841
371.5681843
371.5781845
371.5881848
371.598185
371.6081852
371.6181854
371.6281856
371.6381859
371.6481861
371.6581863
371.6681865
371.6781867
371.688187
371.6981872
371.7081874
371.7181876
371.7281878
371.7381881
371.7481883
371.7581885
371.7681887
371.7781889
371.7881892
371.7981894
371.8081896
371.8181898
371.82819
371.8381903
371.8481905
371.8581907
371.8681909
371.8781911
371.8881914
371.8981916
371.9081918
371.918192
371.9281923
371.9381925
371.9481927
371.9581929
371.9681931
371.9781934
371.9881936
371.9981938
372.008194
372.0181942
372.0281945
372.0381947
372.0481949
372.0581951
372.0681953
372.0781956
372.0881958
372.098196
372.1081962
372.1181964
372.1281967
372.1381969
372.1481971
372.1581973
372.1681975
372.1781978
372.188198
372.1981982
372.2081984
372.2181986
372.2281989
372.2381991
372.2481993
372.2581995
372.2681997
372.2782
372.2882002
372.2982004
372.3082006
372.3182008
372.3282011
372.3382013
372.3482015
372.3582017
372.3682019
372.3782022
372.3882024
372.3982026
372.4082028
372.418203
372.4282033
372.4382035
372.4482037
372.4582039
372.4682041
372.4782044
372.4882046
372.4982048
372.508205
372.5182052
372.5282055
372.5382057
372.5482059
372.5582061
372.5682063
372.5782066
372.5882068
372.598207
372.6082072
372.6182074
372.6282077
372.6382079
372.6482081
372.6582083
372.6682086
372.6782088
372.688209
372.6982092
372.7082094
372.7182097
372.7282099
372.7382101
372.7482103
372.7582105
372.7682108
372.778211
372.7882112
372.7982114
372.8082116
372.8182119
372.8282121
372.8382123
372.8482125
372.8582127
372.868213
372.8782132
372.8882134
372.8982136
372.9082138
372.9182141
372.9282143
372.9382145
372.9482147
372.9582149
372.9682152
372.9782154
372.9882156
372.9982158
373.008216
373.0182163
373.0282165
373.0382167
373.0482169
373.0582171
373.0682174
373.0782176
373.0882178
373.098218
373.1082182
373.1182185
373.1282187
373.1382189
373.1482191
373.1582193
373.1682196
373.1782198
373.18822
373.1982202
373.2082204
373.2182207
373.2282209
373.2382211
373.2482213
373.2582215
373.2682218
373.278222
373.2882222
373.2982224
373.3082226
373.3182229
373.3282231
373.3382233
373.3482235
373.3582237
373.368224
373.3782242
373.3882244
373.3982246
373.4082249
373.4182251
373.4282253
373.4382255
373.4482257
373.458226
373.4682262
373.4782264
373.4882266
373.4982268
373.5082271
373.5182273
373.5282275
373.5382277
373.5482279
373.5582282
373.5682284
373.5782286
373.5882288
373.598229
373.6082293
373.6182295
373.6282297
373.6382299
373.6482301
373.6582304
373.6682306
373.6782308
373.688231
373.6982312
373.7082315
373.7182317
373.7282319
373.7382321
373.7482323
373.7582326
373.7682328
373.778233
373.7882332
373.7982334
373.8082337
373.8182339
373.8282341
373.8382343
373.8482345
373.8582348
373.868235
373.8782352
373.8882354
373.8982356
373.9082359
373.9182361
373.9282363
373.9382365
373.9482367
373.958237
373.9682372
373.9782374
373.9882376
373.9982378
374.0082381
374.0182383
374.0282385
374.0382387
374.0482389
374.0582392
374.0682394
374.0782396
374.0882398
374.09824
374.1082403
374.1182405
374.1282407
374.1382409
374.1482412
374.1582414
374.1682416
374.1782418
374.188242
374.1982423
374.2082425
374.2182427
374.2282429
374.2382431
374.2482434
374.2582436
374.2682438
374.278244
374.2882442
374.2982445
374.3082447
374.3182449
374.3282451
374.3382453
374.3482456
374.3582458
374.368246
374.3782462
374.3882464
374.3982467
374.4082469
374.4182471
374.4282473
374.4382475
374.4482478
374.458248
374.4682482
374.4782484
374.4882486
374.4982489
374.5082491
374.5182493
374.5282495
374.5382497
374.54825
374.5582502
374.5682504
374.5782506
374.5882508
374.5982511
374.6082513
374.6182515
374.6282517
374.6382519
374.6482522
374.6582524
374.6682526
374.6782528
374.688253
374.6982533
374.7082535
374.7182537
374.7282539
374.7382541
374.7482544
374.7582546
374.7682548
374.778255
374.7882552
374.7982555
374.8082557
374.8182559
374.8282561
374.8382563
374.8482566
374.8582568
374.868257
374.8782572
374.8882575
374.8982577
374.9082579
374.9182581
374.9282583
374.9382586
374.9482588
374.958259
374.9682592
374.9782594
374.9882597
374.9982599
375.0082601
375.0182603
375.0282605
375.0382608
375.048261
375.0582612
375.0682614
375.0782616
375.0882619
375.0982621
375.1082623
375.1182625
375.1282627
375.138263
375.1482632
375.1582634
375.1682636
375.1782638
375.1882641
375.1982643
375.2082645
375.2182647
375.2282649
375.2382652
375.2482654
375.2582656
375.2682658
375.278266
375.2882663
375.2982665
375.3082667
375.3182669
375.3282671
375.3382674
375.3482676
375.3582678
375.368268
375.3782682
375.3882685
375.3982687
375.4082689
375.4182691
375.4282693
375.4382696
375.4482698
375.45827
375.4682702
375.4782704
375.4882707
375.4982709
375.5082711
375.5182713
375.5282715
375.5382718
375.548272
375.5582722
375.5682724
375.5782726
375.5882729
375.5982731
375.6082733
375.6182735
375.6282738
375.638274
375.6482742
375.6582744
375.6682746
375.6782749
375.6882751
375.6982753
375.7082755
375.7182757
375.728276
375.7382762
375.7482764
375.7582766
375.7682768
375.7782771
375.7882773
375.7982775
375.8082777
375.8182779
375.8282782
375.8382784
375.8482786
375.8582788
375.868279
375.8782793
375.8882795
375.8982797
375.9082799
375.9182801
375.9282804
375.9382806
375.9482808
375.958281
375.9682812
375.9782815
375.9882817
375.9982819
376.0082821
376.0182823
376.0282826
376.0382828
376.048283
376.0582832
376.0682834
376.0782837
376.0882839
376.0982841
376.1082843
376.1182845
376.1282848
376.138285
376.1482852
376.1582854
376.1682856
376.1782859
376.1882861
376.1982863
376.2082865
376.2182867
376.228287
376.2382872
376.2482874
376.2582876
376.2682878
376.2782881
376.2882883
376.2982885
376.3082887
376.3182889
376.3282892
376.3382894
376.3482896
376.3582898
376.3682901
376.3782903
376.3882905
376.3982907
376.4082909
376.4182912
376.4282914
376.4382916
376.4482918
376.458292
376.4682923
376.4782925
376.4882927
376.4982929
376.5082931
376.5182934
376.5282936
376.5382938
376.548294
376.5582942
376.5682945
376.5782947
376.5882949
376.5982951
376.6082953
376.6182956
376.6282958
376.638296
376.6482962
376.6582964
376.6682967
376.6782969
376.6882971
376.6982973
376.7082975
376.7182978
376.728298
376.7382982
376.7482984
376.7582986
376.7682989
376.7782991
376.7882993
376.7982995
376.8082997
376.8183
376.8283002
376.8383004
376.8483006
376.8583008
376.8683011
376.8783013
376.8883015
376.8983017
376.9083019
376.9183022
376.9283024
376.9383026
376.9483028
376.958303
376.9683033
376.9783035
376.9883037
376.9983039
377.0083041
377.0183044
377.0283046
377.0383048
377.048305
377.0583052
377.0683055
377.0783057
377.0883059
377.0983061
377.1083064
377.1183066
377.1283068
377.138307
377.1483072
377.1583075
377.1683077
377.1783079
377.1883081
377.1983083
377.2083086
377.2183088
377.228309
377.2383092
377.2483094
377.2583097
377.2683099
377.2783101
377.2883103
377.2983105
377.3083108
377.318311
377.3283112
377.3383114
377.3483116
377.3583119
377.3683121
377.3783123
377.3883125
377.3983127
377.408313
377.4183132
377.4283134
377.4383136
377.4483138
377.4583141
377.4683143
377.4783145
377.4883147
377.4983149
377.5083152
377.5183154
377.5283156
377.5383158
377.548316
377.5583163
377.5683165
377.5783167
377.5883169
377.5983171
377.6083174
377.6183176
377.6283178
377.638318
377.6483182
377.6583185
377.6683187
377.6783189
377.6883191
377.6983193
377.7083196
377.7183198
377.72832
377.7383202
377.7483204
377.7583207
377.7683209
377.7783211
377.7883213
377.7983215
377.8083218
377.818322
377.8283222
377.8383224
377.8483227
377.8583229
377.8683231
377.8783233
377.8883235
377.8983238
377.908324
377.9183242
377.9283244
377.9383246
377.9483249
377.9583251
377.9683253
377.9783255
377.9883257
377.998326
378.0083262
378.0183264
378.0283266
378.0383268
378.0483271
378.0583273
378.0683275
378.0783277
378.0883279
378.0983282
378.1083284
378.1183286
378.1283288
378.138329
378.1483293
378.1583295
378.1683297
378.1783299
378.1883301
378.1983304
378.2083306
378.2183308
378.228331
378.2383312
378.2483315
378.2583317
378.2683319
378.2783321
378.2883323
378.2983326
378.3083328
378.318333
378.3283332
378.3383334
378.3483337
378.3583339
378.3683341
378.3783343
378.3883345
378.3983348
378.408335
378.4183352
378.4283354
378.4383356
378.4483359
378.4583361
378.4683363
378.4783365
378.4883367
378.498337
378.5083372
378.5183374
378.5283376
378.5383378
378.5483381
378.5583383
378.5683385
378.5783387
378.588339
378.5983392
378.6083394
378.6183396
378.6283398
378.6383401
378.6483403
378.6583405
378.6683407
378.6783409
378.6883412
378.6983414
378.7083416
378.7183418
378.728342
378.7383423
378.7483425
378.7583427
378.7683429
378.7783431
378.7883434
378.7983436
378.8083438
378.818344
378.8283442
378.8383445
378.8483447
378.8583449
378.8683451
378.8783453
378.8883456
378.8983458
378.908346
378.9183462
378.9283464
378.9383467
378.9483469
378.9583471
378.9683473
378.9783475
378.9883478
378.998348
379.0083482
379.0183484
379.0283486
379.0383489
379.0483491
379.0583493
379.0683495
379.0783497
379.08835
379.0983502
379.1083504
379.1183506
379.1283508
379.1383511
379.1483513
379.1583515
379.1683517
379.1783519
379.1883522
379.1983524
379.2083526
379.2183528
379.228353
379.2383533
379.2483535
379.2583537
379.2683539
379.2783541
379.2883544
379.2983546
379.3083548
379.318355
379.3283553
379.3383555
379.3483557
379.3583559
379.3683561
379.3783564
379.3883566
379.3983568
379.408357
379.4183572
379.4283575
379.4383577
379.4483579
379.4583581
379.4683583
379.4783586
379.4883588
379.498359
379.5083592
379.5183594
379.5283597
379.5383599
379.5483601
379.5583603
379.5683605
379.5783608
379.588361
379.5983612
379.6083614
379.6183616
379.6283619
379.6383621
379.6483623
379.6583625
379.6683627
379.678363
379.6883632
379.6983634
379.7083636
379.7183638
379.7283641
379.7383643
379.7483645
379.7583647
379.7683649
379.7783652
379.7883654
379.7983656
379.8083658
379.818366
379.8283663
379.8383665
379.8483667
379.8583669
379.8683671
379.8783674
379.8883676
379.8983678
379.908368
379.9183682
379.9283685
379.9383687
379.9483689
379.9583691
379.9683693
379.9783696
379.9883698
379.99837
380.0083702
380.0183704
380.0283707
380.0383709
380.0483711
380.0583713
380.0683716
380.0783718
380.088372
380.0983722
380.1083724
380.1183727
380.1283729
380.1383731
380.1483733
380.1583735
380.1683738
380.178374
380.1883742
380.1983744
380.2083746
380.2183749
380.2283751
380.2383753
380.2483755
380.2583757
380.268376
380.2783762
380.2883764
380.2983766
380.3083768
380.3183771
380.3283773
380.3383775
380.3483777
380.3583779
380.3683782
380.3783784
380.3883786
380.3983788
380.408379
380.4183793
380.4283795
380.4383797
380.4483799
380.4583801
380.4683804
380.4783806
380.4883808
380.498381
380.5083812
380.5183815
380.5283817
380.5383819
380.5483821
380.5583823
380.5683826
380.5783828
380.588383
380.5983832
380.6083834
380.6183837
380.6283839
380.6383841
380.6483843
380.6583845
380.6683848
380.678385
380.6883852
380.6983854
380.7083856
380.7183859
380.7283861
380.7383863
380.7483865
380.7583867
380.768387
380.7783872
380.7883874
380.7983876
380.8083878
380.8183881
380.8283883
380.8383885
380.8483887
380.858389
380.8683892
380.8783894
380.8883896
380.8983898
380.9083901
380.9183903
380.9283905
380.9383907
380.9483909
380.9583912
380.9683914
380.9783916
380.9883918
380.998392
381.0083923
381.0183925
381.0283927
381.0383929
381.0483931
381.0583934
381.0683936
381.0783938
381.088394
381.0983942
381.1083945
381.1183947
381.1283949
381.1383951
381.1483953
381.1583956
381.1683958
381.178396
381.1883962
381.1983964
381.2083967
381.2183969
381.2283971
381.2383973
381.2483975
381.2583978
381.268398
381.2783982
381.2883984
381.2983986
381.3083989
381.3183991
381.3283993
381.3383995
381.3483997
381.3584
381.3684002
381.3784004
381.3884006
381.3984008
381.4084011
381.4184013
381.4284015
381.4384017
381.4484019
381.4584022
381.4684024
381.4784026
381.4884028
381.498403
381.5084033
381.5184035
381.5284037
381.5384039
381.5484041
381.5584044
381.5684046
381.5784048
381.588405
381.5984053
381.6084055
381.6184057
381.6284059
381.6384061
381.6484064
381.6584066
381.6684068
381.678407
381.6884072
381.6984075
381.7084077
381.7184079
381.7284081
381.7384083
381.7484086
381.7584088
381.768409
381.7784092
381.7884094
381.7984097
381.8084099
381.8184101
381.8284103
381.8384105
381.8484108
381.858411
381.8684112
381.8784114
381.8884116
381.8984119
381.9084121
381.9184123
381.9284125
381.9384127
381.948413
381.9584132
381.9684134
381.9784136
381.9884138
381.9984141
382.0084143
382.0184145
382.0284147
382.0384149
382.0484152
382.0584154
382.0684156
382.0784158
382.088416
382.0984163
382.1084165
382.1184167
382.1284169
382.1384171
382.1484174
382.1584176
382.1684178
382.178418
382.1884182
382.1984185
382.2084187
382.2184189
382.2284191
382.2384193
382.2484196
382.2584198
382.26842
382.2784202
382.2884204
382.2984207
382.3084209
382.3184211
382.3284213
382.3384216
382.3484218
382.358422
382.3684222
382.3784224
382.3884227
382.3984229
382.4084231
382.4184233
382.4284235
382.4384238
382.448424
382.4584242
382.4684244
382.4784246
382.4884249
382.4984251
382.5084253
382.5184255
382.5284257
382.538426
382.5484262
382.5584264
382.5684266
382.5784268
382.5884271
382.5984273
382.6084275
382.6184277
382.6284279
382.6384282
382.6484284
382.6584286
382.6684288
382.678429
382.6884293
382.6984295
382.7084297
382.7184299
382.7284301
382.7384304
382.7484306
382.7584308
382.768431
382.7784312
382.7884315
382.7984317
382.8084319
382.8184321
382.8284323
382.8384326
382.8484328
382.858433
382.8684332
382.8784334
382.8884337
382.8984339
382.9084341
382.9184343
382.9284345
382.9384348
382.948435
382.9584352
382.9684354
382.9784356
382.9884359
382.9984361
383.0084363
383.0184365
383.0284367
383.038437
383.0484372
383.0584374
383.0684376
383.0784379
383.0884381
383.0984383
383.1084385
383.1184387
383.128439
383.1384392
383.1484394
383.1584396
383.1684398
383.1784401
383.1884403
383.1984405
383.2084407
383.2184409
383.2284412
383.2384414
383.2484416
383.2584418
383.268442
383.2784423
383.2884425
383.2984427
383.3084429
383.3184431
383.3284434
383.3384436
383.3484438
383.358444
383.3684442
383.3784445
383.3884447
383.3984449
383.4084451
383.4184453
383.4284456
383.4384458
383.448446
383.4584462
383.4684464
383.4784467
383.4884469
383.4984471
383.5084473
383.5184475
383.5284478
383.538448
383.5484482
383.5584484
383.5684486
383.5784489
383.5884491
383.5984493
383.6084495
383.6184497
383.62845
383.6384502
383.6484504
383.6584506
383.6684508
383.6784511
383.6884513
383.6984515
383.7084517
383.7184519
383.7284522
383.7384524
383.7484526
383.7584528
383.768453
383.7784533
383.7884535
383.7984537
383.8084539
383.8184542
383.8284544
383.8384546
383.8484548
383.858455
383.8684553
383.8784555
383.8884557
383.8984559
383.9084561
383.9184564
383.9284566
383.9384568
383.948457
383.9584572
383.9684575
383.9784577
383.9884579
383.9984581
384.0084583
384.0184586
384.0284588
384.038459
384.0484592
384.0584594
384.0684597
384.0784599
384.0884601
384.0984603
384.1084605
384.1184608
384.128461
384.1384612
384.1484614
384.1584616
384.1684619
384.1784621
384.1884623
384.1984625
384.2084627
384.218463
384.2284632
384.2384634
384.2484636
384.2584638
384.2684641
384.2784643
384.2884645
384.2984647
384.3084649
384.3184652
384.3284654
384.3384656
384.3484658
384.358466
384.3684663
384.3784665
384.3884667
384.3984669
384.4084671
384.4184674
384.4284676
384.4384678
384.448468
384.4584682
384.4684685
384.4784687
384.4884689
384.4984691
384.5084693
384.5184696
384.5284698
384.53847
384.5484702
384.5584705
384.5684707
384.5784709
384.5884711
384.5984713
384.6084716
384.6184718
384.628472
384.6384722
384.6484724
384.6584727
384.6684729
384.6784731
384.6884733
384.6984735
384.7084738
384.718474
384.7284742
384.7384744
384.7484746
384.7584749
384.7684751
384.7784753
384.7884755
384.7984757
384.808476
384.8184762
384.8284764
384.8384766
384.8484768
384.8584771
384.8684773
384.8784775
384.8884777
384.8984779
384.9084782
384.9184784
384.9284786
384.9384788
384.948479
384.9584793
384.9684795
384.9784797
384.9884799
384.9984801
385.0084804
385.0184806
385.0284808
385.038481
385.0484812
385.0584815
385.0684817
385.0784819
385.0884821
385.0984823
385.1084826
385.1184828
385.128483
385.1384832
385.1484834
385.1584837
385.1684839
385.1784841
385.1884843
385.1984845
385.2084848
385.218485
385.2284852
385.2384854
385.2484856
385.2584859
385.2684861
385.2784863
385.2884865
385.2984868
385.308487
385.3184872
385.3284874
385.3384876
385.3484879
385.3584881
385.3684883
385.3784885
385.3884887
385.398489
385.4084892
385.4184894
385.4284896
385.4384898
385.4484901
385.4584903
385.4684905
385.4784907
385.4884909
385.4984912
385.5084914
385.5184916
385.5284918
385.538492
385.5484923
385.5584925
385.5684927
385.5784929
385.5884931
385.5984934
385.6084936
385.6184938
385.628494
385.6384942
385.6484945
385.6584947
385.6684949
385.6784951
385.6884953
385.6984956
385.7084958
385.718496
385.7284962
385.7384964
385.7484967
385.7584969
385.7684971
385.7784973
385.7884975
385.7984978
385.808498
385.8184982
385.8284984
385.8384986
385.8484989
385.8584991
385.8684993
385.8784995
385.8884997
385.8985
385.9085002
385.9185004
385.9285006
385.9385008
385.9485011
385.9585013
385.9685015
385.9785017
385.9885019
385.9985022
386.0085024
386.0185026
386.0285028
386.0385031
386.0485033
386.0585035
386.0685037
386.0785039
386.0885042
386.0985044
386.1085046
386.1185048
386.128505
386.1385053
386.1485055
386.1585057
386.1685059
386.1785061
386.1885064
386.1985066
386.2085068
386.218507
386.2285072
386.2385075
386.2485077
386.2585079
386.2685081
386.2785083
386.2885086
386.2985088
386.308509
386.3185092
386.3285094
386.3385097
386.3485099
386.3585101
386.3685103
386.3785105
386.3885108
386.398511
386.4085112
386.4185114
386.4285116
386.4385119
386.4485121
386.4585123
386.4685125
386.4785127
386.488513
386.4985132
386.5085134
386.5185136
386.5285138
386.5385141
386.5485143
386.5585145
386.5685147
386.5785149
386.5885152
386.5985154
386.6085156
386.6185158
386.628516
386.6385163
386.6485165
386.6585167
386.6685169
386.6785171
386.6885174
386.6985176
386.7085178
386.718518
386.7285182
386.7385185
386.7485187
386.7585189
386.7685191
386.7785194
386.7885196
386.7985198
386.80852
386.8185202
386.8285205
386.8385207
386.8485209
386.8585211
386.8685213
386.8785216
386.8885218
386.898522
386.9085222
386.9185224
386.9285227
386.9385229
386.9485231
386.9585233
386.9685235
386.9785238
386.988524
386.9985242
387.0085244
387.0185246
387.0285249
387.0385251
387.0485253
387.0585255
387.0685257
387.078526
387.0885262
387.0985264
387.1085266
387.1185268
387.1285271
387.1385273
387.1485275
387.1585277
387.1685279
387.1785282
387.1885284
387.1985286
387.2085288
387.218529
387.2285293
387.2385295
387.2485297
387.2585299
387.2685301
387.2785304
387.2885306
387.2985308
387.308531
387.3185312
387.3285315
387.3385317
387.3485319
387.3585321
387.3685323
387.3785326
387.3885328
387.398533
387.4085332
387.4185334
387.4285337
387.4385339
387.4485341
387.4585343
387.4685345
387.4785348
387.488535
387.4985352
387.5085354
387.5185357
387.5285359
387.5385361
387.5485363
387.5585365
387.5685368
387.578537
387.5885372
387.5985374
387.6085376
387.6185379
387.6285381
387.6385383
387.6485385
387.6585387
387.668539
387.6785392
387.6885394
387.6985396
387.7085398
387.7185401
387.7285403
387.7385405
387.7485407
387.7585409
387.7685412
387.7785414
387.7885416
387.7985418
387.808542
387.8185423
387.8285425
387.8385427
387.8485429
387.8585431
387.8685434
387.8785436
387.8885438
387.898544
387.9085442
387.9185445
387.9285447
387.9385449
387.9485451
387.9585453
387.9685456
387.9785458
387.988546
387.9985462
388.0085464
388.0185467
388.0285469
388.0385471
388.0485473
388.0585475
388.0685478
388.078548
388.0885482
388.0985484
388.1085486
388.1185489
388.1285491
388.1385493
388.1485495
388.1585497
388.16855
388.1785502
388.1885504
388.1985506
388.2085508
388.2185511
388.2285513
388.2385515
388.2485517
388.258552
388.2685522
388.2785524
388.2885526
388.2985528
388.3085531
388.3185533
388.3285535
388.3385537
388.3485539
388.3585542
388.3685544
388.3785546
388.3885548
388.398555
388.4085553
388.4185555
388.4285557
388.4385559
388.4485561
388.4585564
388.4685566
388.4785568
388.488557
388.4985572
388.5085575
388.5185577
388.5285579
388.5385581
388.5485583
388.5585586
388.5685588
388.578559
388.5885592
388.5985594
388.6085597
388.6185599
388.6285601
388.6385603
388.6485605
388.6585608
388.668561
388.6785612
388.6885614
388.6985616
388.7085619
388.7185621
388.7285623
388.7385625
388.7485627
388.758563
388.7685632
388.7785634
388.7885636
388.7985638
388.8085641
388.8185643
388.8285645
388.8385647
388.8485649
388.8585652
388.8685654
388.8785656
388.8885658
388.898566
388.9085663
388.9185665
388.9285667
388.9385669
388.9485671
388.9585674
388.9685676
388.9785678
388.988568
388.9985683
389.0085685
389.0185687
389.0285689
389.0385691
389.0485694
389.0585696
389.0685698
389.07857
389.0885702
389.0985705
389.1085707
389.1185709
389.1285711
389.1385713
389.1485716
389.1585718
389.168572
389.1785722
389.1885724
389.1985727
389.2085729
389.2185731
389.2285733
389.2385735
389.2485738
389.258574
389.2685742
389.2785744
389.2885746
389.2985749
389.3085751
389.3185753
389.3285755
389.3385757
389.348576
389.3585762
389.3685764
389.3785766
389.3885768
389.3985771
389.4085773
389.4185775
389.4285777
389.4385779
389.4485782
389.4585784
389.4685786
389.4785788
389.488579
389.4985793
389.5085795
389.5185797
389.5285799
389.5385801
389.5485804
389.5585806
389.5685808
389.578581
389.5885812
389.5985815
389.6085817
389.6185819
389.6285821
389.6385823
389.6485826
389.6585828
389.668583
389.6785832
389.6885834
389.6985837
389.7085839
389.7185841
389.7285843
389.7385846
389.7485848
389.758585
389.7685852
389.7785854
389.7885857
389.7985859
389.8085861
389.8185863
389.8285865
389.8385868
389.848587
389.8585872
389.8685874
389.8785876
389.8885879
389.8985881
389.9085883
389.9185885
389.9285887
389.938589
389.9485892
389.9585894
389.9685896
389.9785898
389.9885901
389.9985903
390.0085905
390.0185907
390.0285909
390.0385912
390.0485914
390.0585916
390.0685918
390.078592
390.0885923
390.0985925
390.1085927
390.1185929
390.1285931
390.1385934
390.1485936
390.1585938
390.168594
390.1785942
390.1885945
390.1985947
390.2085949
390.2185951
390.2285953
390.2385956
390.2485958
390.258596
390.2685962
390.2785964
390.2885967
390.2985969
390.3085971
390.3185973
390.3285975
390.3385978
390.348598
390.3585982
390.3685984
390.3785986
390.3885989
390.3985991
390.4085993
390.4185995
390.4285997
390.4386
390.4486002
390.4586004
390.4686006
390.4786009
390.4886011
390.4986013
390.5086015
390.5186017
390.528602
390.5386022
390.5486024
390.5586026
390.5686028
390.5786031
390.5886033
390.5986035
390.6086037
390.6186039
390.6286042
390.6386044
390.6486046
390.6586048
390.668605
390.6786053
390.6886055
390.6986057
390.7086059
390.7186061
390.7286064
390.7386066
390.7486068
390.758607
390.7686072
390.7786075
390.7886077
390.7986079
390.8086081
390.8186083
390.8286086
390.8386088
390.848609
390.8586092
390.8686094
390.8786097
390.8886099
390.8986101
390.9086103
390.9186105
390.9286108
390.938611
390.9486112
390.9586114
390.9686116
390.9786119
390.9886121
390.9986123
391.0086125
391.0186127
391.028613
391.0386132
391.0486134
391.0586136
391.0686138
391.0786141
391.0886143
391.0986145
391.1086147
391.1186149
391.1286152
391.1386154
391.1486156
391.1586158
391.168616
391.1786163
391.1886165
391.1986167
391.2086169
391.2186172
391.2286174
391.2386176
391.2486178
391.258618
391.2686183
391.2786185
391.2886187
391.2986189
391.3086191
391.3186194
391.3286196
391.3386198
391.34862
391.3586202
391.3686205
391.3786207
391.3886209
391.3986211
391.4086213
391.4186216
391.4286218
391.438622
391.4486222
391.4586224
391.4686227
391.4786229
391.4886231
391.4986233
391.5086235
391.5186238
391.528624
391.5386242
391.5486244
391.5586246
391.5686249
391.5786251
391.5886253
391.5986255
391.6086257
391.618626
391.6286262
391.6386264
391.6486266
391.6586268
391.6686271
391.6786273
391.6886275
391.6986277
391.7086279
391.7186282
391.7286284
391.7386286
391.7486288
391.758629
391.7686293
391.7786295
391.7886297
391.7986299
391.8086301
391.8186304
391.8286306
391.8386308
391.848631
391.8586312
391.8686315
391.8786317
391.8886319
391.8986321
391.9086323
391.9186326
391.9286328
391.938633
391.9486332
391.9586335
391.9686337
391.9786339
391.9886341
391.9986343
392.0086346
392.0186348
392.028635
392.0386352
392.0486354
392.0586357
392.0686359
392.0786361
392.0886363
392.0986365
392.1086368
392.118637
392.1286372
392.1386374
392.1486376
392.1586379
392.1686381
392.1786383
392.1886385
392.1986387
392.208639
392.2186392
392.2286394
392.2386396
392.2486398
392.2586401
392.2686403
392.2786405
392.2886407
392.2986409
392.3086412
392.3186414
392.3286416
392.3386418
392.348642
392.3586423
392.3686425
392.3786427
392.3886429
392.3986431
392.4086434
392.4186436
392.4286438
392.438644
392.4486442
392.4586445
392.4686447
392.4786449
392.4886451
392.4986453
392.5086456
392.5186458
392.528646
392.5386462
392.5486464
392.5586467
392.5686469
392.5786471
392.5886473
392.5986475
392.6086478
392.618648
392.6286482
392.6386484
392.6486486
392.6586489
392.6686491
392.6786493
392.6886495
392.6986497
392.70865
392.7186502
392.7286504
392.7386506
392.7486509
392.7586511
392.7686513
392.7786515
392.7886517
392.798652
392.8086522
392.8186524
392.8286526
392.8386528
392.8486531
392.8586533
392.8686535
392.8786537
392.8886539
392.8986542
392.9086544
392.9186546
392.9286548
392.938655
392.9486553
392.9586555
392.9686557
392.9786559
392.9886561
392.9986564
393.0086566
393.0186568
393.028657
393.0386572
393.0486575
393.0586577
393.0686579
393.0786581
393.0886583
393.0986586
393.1086588
393.118659
393.1286592
393.1386594
393.1486597
393.1586599
393.1686601
393.1786603
393.1886605
393.1986608
393.208661
393.2186612
393.2286614
393.2386616
393.2486619
393.2586621
393.2686623
393.2786625
393.2886627
393.298663
393.3086632
393.3186634
393.3286636
393.3386638
393.3486641
393.3586643
393.3686645
393.3786647
393.3886649
393.3986652
393.4086654
393.4186656
393.4286658
393.438666
393.4486663
393.4586665
393.4686667
393.4786669
393.4886672
393.4986674
393.5086676
393.5186678
393.528668
393.5386683
393.5486685
393.5586687
393.5686689
393.5786691
393.5886694
393.5986696
393.6086698
393.61867
393.6286702
393.6386705
393.6486707
393.6586709
393.6686711
393.6786713
393.6886716
393.6986718
393.708672
393.7186722
393.7286724
393.7386727
393.7486729
393.7586731
393.7686733
393.7786735
393.7886738
393.798674
393.8086742
393.8186744
393.8286746
393.8386749
393.8486751
393.8586753
393.8686755
393.8786757
393.888676
393.8986762
393.9086764
393.9186766
393.9286768
393.9386771
393.9486773
393.9586775
393.9686777
393.9786779
393.9886782
393.9986784
394.0086786
394.0186788
394.028679
394.0386793
394.0486795
394.0586797
394.0686799
394.0786801
394.0886804
394.0986806
394.1086808
394.118681
394.1286812
394.1386815
394.1486817
394.1586819
394.1686821
394.1786823
394.1886826
394.1986828
394.208683
394.2186832
394.2286835
394.2386837
394.2486839
394.2586841
394.2686843
394.2786846
394.2886848
394.298685
394.3086852
394.3186854
394.3286857
394.3386859
394.3486861
394.3586863
394.3686865
394.3786868
394.388687
394.3986872
394.4086874
394.4186876
394.4286879
394.4386881
394.4486883
394.4586885
394.4686887
394.478689
394.4886892
394.4986894
394.5086896
394.5186898
394.5286901
394.5386903
394.5486905
394.5586907
394.5686909
394.5786912
394.5886914
394.5986916
394.6086918
394.618692
394.6286923
394.6386925
394.6486927
394.6586929
394.6686931
394.6786934
394.6886936
394.6986938
394.708694
394.7186942
394.7286945
394.7386947
394.7486949
394.7586951
394.7686953
394.7786956
394.7886958
394.798696
394.8086962
394.8186964
394.8286967
394.8386969
394.8486971
394.8586973
394.8686975
394.8786978
394.888698
394.8986982
394.9086984
394.9186986
394.9286989
394.9386991
394.9486993
394.9586995
394.9686998
394.9787
394.9887002
394.9987004
395.0087006
395.0187009
395.0287011
395.0387013
395.0487015
395.0587017
395.068702
395.0787022
395.0887024
395.0987026
395.1087028
395.1187031
395.1287033
395.1387035
395.1487037
395.1587039
395.1687042
395.1787044
395.1887046
395.1987048
395.208705
395.2187053
395.2287055
395.2387057
395.2487059
395.2587061
395.2687064
395.2787066
395.2887068
395.298707
395.3087072
395.3187075
395.3287077
395.3387079
395.3487081
395.3587083
395.3687086
395.3787088
395.388709
395.3987092
395.4087094
395.4187097
395.4287099
395.4387101
395.4487103
395.4587105
395.4687108
395.478711
395.4887112
395.4987114
395.5087116
395.5187119
395.5287121
395.5387123
395.5487125
395.5587127
395.568713
395.5787132
395.5887134
395.5987136
395.6087138
395.6187141
395.6287143
395.6387145
395.6487147
395.6587149
395.6687152
395.6787154
395.6887156
395.6987158
395.7087161
395.7187163
395.7287165
395.7387167
395.7487169
395.7587172
395.7687174
395.7787176
395.7887178
395.798718
395.8087183
395.8187185
395.8287187
395.8387189
395.8487191
395.8587194
395.8687196
395.8787198
395.88872
395.8987202
395.9087205
395.9187207
395.9287209
395.9387211
395.9487213
395.9587216
395.9687218
395.978722
395.9887222
395.9987224
396.0087227
396.0187229
396.0287231
396.0387233
396.0487235
396.0587238
396.068724
396.0787242
396.0887244
396.0987246
396.1087249
396.1187251
396.1287253
396.1387255
396.1487257
396.158726
396.1687262
396.1787264
396.1887266
396.1987268
396.2087271
396.2187273
396.2287275
396.2387277
396.2487279
396.2587282
396.2687284
396.2787286
396.2887288
396.298729
396.3087293
396.3187295
396.3287297
396.3387299
396.3487301
396.3587304
396.3687306
396.3787308
396.388731
396.3987312
396.4087315
396.4187317
396.4287319
396.4387321
396.4487324
396.4587326
396.4687328
396.478733
396.4887332
396.4987335
396.5087337
396.5187339
396.5287341
396.5387343
396.5487346
396.5587348
396.568735
396.5787352
396.5887354
396.5987357
396.6087359
396.6187361
396.6287363
396.6387365
396.6487368
396.658737
396.6687372
396.6787374
396.6887376
396.6987379
396.7087381
396.7187383
396.7287385
396.7387387
396.748739
396.7587392
396.7687394
396.7787396
396.7887398
396.7987401
396.8087403
396.8187405
396.8287407
396.8387409
396.8487412
396.8587414
396.8687416
396.8787418
396.888742
396.8987423
396.9087425
396.9187427
396.9287429
396.9387431
396.9487434
396.9587436
396.9687438
396.978744
396.9887442
396.9987445
397.0087447
397.0187449
397.0287451
397.0387453
397.0487456
397.0587458
397.068746
397.0787462
397.0887464
397.0987467
397.1087469
397.1187471
397.1287473
397.1387475
397.1487478
397.158748
397.1687482
397.1787484
397.1887487
397.1987489
397.2087491
397.2187493
397.2287495
397.2387498
397.24875
397.2587502
397.2687504
397.2787506
397.2887509
397.2987511
397.3087513
397.3187515
397.3287517
397.338752
397.3487522
397.3587524
397.3687526
397.3787528
397.3887531
397.3987533
397.4087535
397.4187537
397.4287539
397.4387542
397.4487544
397.4587546
397.4687548
397.478755
397.4887553
397.4987555
397.5087557
397.5187559
397.5287561
397.5387564
397.5487566
397.5587568
397.568757
397.5787572
397.5887575
397.5987577
397.6087579
397.6187581
397.6287583
397.6387586
397.6487588
397.658759
397.6687592
397.6787594
397.6887597
397.6987599
397.7087601
397.7187603
397.7287605
397.7387608
397.748761
397.7587612
397.7687614
397.7787616
397.7887619
397.7987621
397.8087623
397.8187625
397.8287627
397.838763
397.8487632
397.8587634
397.8687636
397.8787638
397.8887641
397.8987643
397.9087645
397.9187647
397.928765
397.9387652
397.9487654
397.9587656
397.9687658
397.9787661
397.9887663
397.9987665
398.0087667
398.0187669
398.0287672
398.0387674
398.0487676
398.0587678
398.068768
398.0787683
398.0887685
398.0987687
398.1087689
398.1187691
398.1287694
398.1387696
398.1487698
398.15877
398.1687702
398.1787705
398.1887707
398.1987709
398.2087711
398.2187713
398.2287716
398.2387718
398.248772
398.2587722
398.2687724
398.2787727
398.2887729
398.2987731
398.3087733
398.3187735
398.3287738
398.338774
398.3487742
398.3587744
398.3687746
398.3787749
398.3887751
398.3987753
398.4087755
398.4187757
398.428776
398.4387762
398.4487764
398.4587766
398.4687768
398.4787771
398.4887773
398.4987775
398.5087777
398.5187779
398.5287782
398.5387784
398.5487786
398.5587788
398.568779
398.5787793
398.5887795
398.5987797
398.6087799
398.6187801
398.6287804
398.6387806
398.6487808
398.658781
398.6687813
398.6787815
398.6887817
398.6987819
398.7087821
398.7187824
398.7287826
398.7387828
398.748783
398.7587832
398.7687835
398.7787837
398.7887839
398.7987841
398.8087843
398.8187846
398.8287848
398.838785
398.8487852
398.8587854
398.8687857
398.8787859
398.8887861
398.8987863
398.9087865
398.9187868
398.928787
398.9387872
398.9487874
398.9587876
398.9687879
398.9787881
398.9887883
398.9987885
399.0087887
399.018789
399.0287892
399.0387894
399.0487896
399.0587898
399.0687901
399.0787903
399.0887905
399.0987907
399.1087909
399.1187912
399.1287914
399.1387916
399.1487918
399.158792
399.1687923
399.1787925
399.1887927
399.1987929
399.2087931
399.2187934
399.2287936
399.2387938
399.248794
399.2587942
399.2687945
399.2787947
399.2887949
399.2987951
399.3087953
399.3187956
399.3287958
399.338796
399.3487962
399.3587964
399.3687967
399.3787969
399.3887971
399.3987973
399.4087976
399.4187978
399.428798
399.4387982
399.4487984
399.4587987
399.4687989
399.4787991
399.4887993
399.4987995
399.5087998
399.5188
399.5288002
399.5388004
399.5488006
399.5588009
399.5688011
399.5788013
399.5888015
399.5988017
399.608802
399.6188022
399.6288024
399.6388026
399.6488028
399.6588031
399.6688033
399.6788035
399.6888037
399.6988039
399.7088042
399.7188044
399.7288046
399.7388048
399.748805
399.7588053
399.7688055
399.7788057
399.7888059
399.7988061
399.8088064
399.8188066
399.8288068
399.838807
399.8488072
399.8588075
399.8688077
399.8788079
399.8888081
399.8988083
399.9088086
399.9188088
399.928809
399.9388092
399.9488094
399.9588097
399.9688099
399.9788101
399.9888103
399.9988105
400.0088108
400.018811
400.0288112
400.0388114
400.0488116
400.0588119
400.0688121
400.0788123
400.0888125
400.0988127
400.108813
400.1188132
400.1288134
400.1388136
400.1488139
400.1588141
400.1688143
400.1788145
400.1888147
400.198815
400.2088152
400.2188154
400.2288156
400.2388158
400.2488161
400.2588163
400.2688165
400.2788167
400.2888169
400.2988172
400.3088174
400.3188176
400.3288178
400.338818
400.3488183
400.3588185
400.3688187
400.3788189
400.3888191
400.3988194
400.4088196
400.4188198
400.42882
400.4388202
400.4488205
400.4588207
400.4688209
400.4788211
400.4888213
400.4988216
400.5088218
400.518822
400.5288222
400.5388224
400.5488227
400.5588229
400.5688231
400.5788233
400.5888235
400.5988238
400.608824
400.6188242
400.6288244
400.6388246
400.6488249
400.6588251
400.6688253
400.6788255
400.6888257
400.698826
400.7088262
400.7188264
400.7288266
400.7388268
400.7488271
400.7588273
400.7688275
400.7788277
400.7888279
400.7988282
400.8088284
400.8188286
400.8288288
400.838829
400.8488293
400.8588295
400.8688297
400.8788299
400.8888302
400.8988304
400.9088306
400.9188308
400.928831
400.9388313
400.9488315
400.9588317
400.9688319
400.9788321
400.9888324
400.9988326
401.0088328
401.018833
401.0288332
401.0388335
401.0488337
401.0588339
401.0688341
401.0788343
401.0888346
401.0988348
401.108835
401.1188352
401.1288354
401.1388357
401.1488359
401.1588361
401.1688363
401.1788365
401.1888368
401.198837
401.2088372
401.2188374
401.2288376
401.2388379
401.2488381
401.2588383
401.2688385
401.2788387
401.288839
401.2988392
401.3088394
401.3188396
401.3288398
401.3388401
401.3488403
401.3588405
401.3688407
401.3788409
401.3888412
401.3988414
401.4088416
401.4188418
401.428842
401.4388423
401.4488425
401.4588427
401.4688429
401.4788431
401.4888434
401.4988436
401.5088438
401.518844
401.5288442
401.5388445
401.5488447
401.5588449
401.5688451
401.5788453
401.5888456
401.5988458
401.608846
401.6188462
401.6288465
401.6388467
401.6488469
401.6588471
401.6688473
401.6788476
401.6888478
401.698848
401.7088482
401.7188484
401.7288487
401.7388489
401.7488491
401.7588493
401.7688495
401.7788498
401.78885
401.7988502
401.8088504
401.8188506
401.8288509
401.8388511
401.8488513
401.8588515
401.8688517
401.878852
401.8888522
401.8988524
401.9088526
401.9188528
401.9288531
401.9388533
401.9488535
401.9588537
401.9688539
401.9788542
401.9888544
401.9988546
402.0088548
402.018855
402.0288553
402.0388555
402.0488557
402.0588559
402.0688561
402.0788564
402.0888566
402.0988568
402.108857
402.1188572
402.1288575
402.1388577
402.1488579
402.1588581
402.1688583
402.1788586
402.1888588
402.198859
402.2088592
402.2188594
402.2288597
402.2388599
402.2488601
402.2588603
402.2688605
402.2788608
402.288861
402.2988612
402.3088614
402.3188616
402.3288619
402.3388621
402.3488623
402.3588625
402.3688628
402.378863
402.3888632
402.3988634
402.4088636
402.4188639
402.4288641
402.4388643
402.4488645
402.4588647
402.468865
402.4788652
402.4888654
402.4988656
402.5088658
402.5188661
402.5288663
402.5388665
402.5488667
402.5588669
402.5688672
402.5788674
402.5888676
402.5988678
402.608868
402.6188683
402.6288685
402.6388687
402.6488689
402.6588691
402.6688694
402.6788696
402.6888698
402.69887
402.7088702
402.7188705
402.7288707
402.7388709
402.7488711
402.7588713
402.7688716
402.7788718
402.788872
402.7988722
402.8088724
402.8188727
402.8288729
402.8388731
402.8488733
402.8588735
402.8688738
402.878874
402.8888742
402.8988744
402.9088746
402.9188749
402.9288751
402.9388753
402.9488755
402.9588757
402.968876
402.9788762
402.9888764
402.9988766
403.0088768
403.0188771
403.0288773
403.0388775
403.0488777
403.0588779
403.0688782
403.0788784
403.0888786
403.0988788
403.1088791
403.1188793
403.1288795
403.1388797
403.1488799
403.1588802
403.1688804
403.1788806
403.1888808
403.198881
403.2088813
403.2188815
403.2288817
403.2388819
403.2488821
403.2588824
403.2688826
403.2788828
403.288883
403.2988832
403.3088835
403.3188837
403.3288839
403.3388841
403.3488843
403.3588846
403.3688848
403.378885
403.3888852
403.3988854
403.4088857
403.4188859
403.4288861
403.4388863
403.4488865
403.4588868
403.468887
403.4788872
403.4888874
403.4988876
403.5088879
403.5188881
403.5288883
403.5388885
403.5488887
403.558889
403.5688892
403.5788894
403.5888896
403.5988898
403.6088901
403.6188903
403.6288905
403.6388907
403.6488909
403.6588912
403.6688914
403.6788916
403.6888918
403.698892
403.7088923
403.7188925
403.7288927
403.7388929
403.7488931
403.7588934
403.7688936
403.7788938
403.788894
403.7988942
403.8088945
403.8188947
403.8288949
403.8388951
403.8488954
403.8588956
403.8688958
403.878896
403.8888962
403.8988965
403.9088967
403.9188969
403.9288971
403.9388973
403.9488976
403.9588978
403.968898
403.9788982
403.9888984
403.9988987
404.0088989
404.0188991
404.0288993
404.0388995
404.0488998
404.0589
404.0689002
404.0789004
404.0889006
404.0989009
404.1089011
404.1189013
404.1289015
404.1389017
404.148902
404.1589022
404.1689024
404.1789026
404.1889028
404.1989031
404.2089033
404.2189035
404.2289037
404.2389039
404.2489042
404.2589044
404.2689046
404.2789048
404.288905
404.2989053
404.3089055
404.3189057
404.3289059
404.3389061
404.3489064
404.3589066
404.3689068
404.378907
404.3889072
404.3989075
404.4089077
404.4189079
404.4289081
404.4389083
404.4489086
404.4589088
404.468909
404.4789092
404.4889094
404.4989097
404.5089099
404.5189101
404.5289103
404.5389105
404.5489108
404.558911
404.5689112
404.5789114
404.5889117
404.5989119
404.6089121
404.6189123
404.6289125
404.6389128
404.648913
404.6589132
404.6689134
404.6789136
404.6889139
404.6989141
404.7089143
404.7189145
404.7289147
404.738915
404.7489152
404.7589154
404.7689156
404.7789158
404.7889161
404.7989163
404.8089165
404.8189167
404.8289169
404.8389172
404.8489174
404.8589176
404.8689178
404.878918
404.8889183
404.8989185
404.9089187
404.9189189
404.9289191
404.9389194
404.9489196
404.9589198
404.96892
404.9789202
404.9889205
404.9989207
405.0089209
405.0189211
405.0289213
405.0389216
405.0489218
405.058922
405.0689222
405.0789224
405.0889227
405.0989229
405.1089231
405.1189233
405.1289235
405.1389238
405.148924
405.1589242
405.1689244
405.1789246
405.1889249
405.1989251
405.2089253
405.2189255
405.2289257
405.238926
405.2489262
405.2589264
405.2689266
405.2789268
405.2889271
405.2989273
405.3089275
405.3189277
405.3289279
405.3389282
405.3489284
405.3589286
405.3689288
405.3789291
405.3889293
405.3989295
405.4089297
405.4189299
405.4289302
405.4389304
405.4489306
405.4589308
405.468931
405.4789313
405.4889315
405.4989317
405.5089319
405.5189321
405.5289324
405.5389326
405.5489328
405.558933
405.5689332
405.5789335
405.5889337
405.5989339
405.6089341
405.6189343
405.6289346
405.6389348
405.648935
405.6589352
405.6689354
405.6789357
405.6889359
405.6989361
405.7089363
405.7189365
405.7289368
405.738937
405.7489372
405.7589374
405.7689376
405.7789379
405.7889381
405.7989383
405.8089385
405.8189387
405.828939
405.8389392
405.8489394
405.8589396
405.8689398
405.8789401
405.8889403
405.8989405
405.9089407
405.9189409
405.9289412
405.9389414
405.9489416
405.9589418
405.968942
405.9789423
405.9889425
405.9989427
406.0089429
406.0189431
406.0289434
406.0389436
406.0489438
406.058944
406.0689442
406.0789445
406.0889447
406.0989449
406.1089451
406.1189454
406.1289456
406.1389458
406.148946
406.1589462
406.1689465
406.1789467
406.1889469
406.1989471
406.2089473
406.2189476
406.2289478
406.238948
406.2489482
406.2589484
406.2689487
406.2789489
406.2889491
406.2989493
406.3089495
406.3189498
406.32895
406.3389502
406.3489504
406.3589506
406.3689509
406.3789511
406.3889513
406.3989515
406.4089517
406.418952
406.4289522
406.4389524
406.4489526
406.4589528
406.4689531
406.4789533
406.4889535
406.4989537
406.5089539
406.5189542
406.5289544
406.5389546
406.5489548
406.558955
406.5689553
406.5789555
406.5889557
406.5989559
406.6089561
406.6189564
406.6289566
406.6389568
406.648957
406.6589572
406.6689575
406.6789577
406.6889579
406.6989581
406.7089583
406.7189586
406.7289588
406.738959
406.7489592
406.7589594
406.7689597
406.7789599
406.7889601
406.7989603
406.8089605
406.8189608
406.828961
406.8389612
406.8489614
406.8589617
406.8689619
406.8789621
406.8889623
406.8989625
406.9089628
406.918963
406.9289632
406.9389634
406.9489636
406.9589639
406.9689641
406.9789643
406.9889645
406.9989647
407.008965
407.0189652
407.0289654
407.0389656
407.0489658
407.0589661
407.0689663
407.0789665
407.0889667
407.0989669
407.1089672
407.1189674
407.1289676
407.1389678
407.148968
407.1589683
407.1689685
407.1789687
407.1889689
407.1989691
407.2089694
407.2189696
407.2289698
407.23897
407.2489702
407.2589705
407.2689707
407.2789709
407.2889711
407.2989713
407.3089716
407.3189718
407.328972
407.3389722
407.3489724
407.3589727
407.3689729
407.3789731
407.3889733
407.3989735
407.4089738
407.418974
407.4289742
407.4389744
407.4489746
407.4589749
407.4689751
407.4789753
407.4889755
407.4989757
407.508976
407.5189762
407.5289764
407.5389766
407.5489768
407.5589771
407.5689773
407.5789775
407.5889777
407.598978
407.6089782
407.6189784
407.6289786
407.6389788
407.6489791
407.6589793
407.6689795
407.6789797
407.6889799
407.6989802
407.7089804
407.7189806
407.7289808
407.738981
407.7489813
407.7589815
407.7689817
407.7789819
407.7889821
407.7989824
407.8089826
407.8189828
407.828983
407.8389832
407.8489835
407.8589837
407.8689839
407.8789841
407.8889843
407.8989846
407.9089848
407.918985
407.9289852
407.9389854
407.9489857
407.9589859
407.9689861
407.9789863
407.9889865
407.9989868
408.008987
408.0189872
408.0289874
408.0389876
408.0489879
408.0589881
408.0689883
408.0789885
408.0889887
408.098989
408.1089892
408.1189894
408.1289896
408.1389898
408.1489901
408.1589903
408.1689905
408.1789907
408.1889909
408.1989912
408.2089914
408.2189916
408.2289918
408.238992
408.2489923
408.2589925
408.2689927
408.2789929
408.2889931
408.2989934
408.3089936
408.3189938
408.328994
408.3389943
408.3489945
408.3589947
408.3689949
408.3789951
408.3889954
408.3989956
408.4089958
408.418996
408.4289962
408.4389965
408.4489967
408.4589969
408.4689971
408.4789973
408.4889976
408.4989978
408.508998
408.5189982
408.5289984
408.5389987
408.5489989
408.5589991
408.5689993
408.5789995
408.5889998
408.599
408.6090002
408.6190004
408.6290006
408.6390009
408.6490011
408.6590013
408.6690015
408.6790017
408.689002
408.6990022
408.7090024
408.7190026
408.7290028
408.7390031
408.7490033
408.7590035
408.7690037
408.7790039
408.7890042
408.7990044
408.8090046
408.8190048
408.829005
408.8390053
408.8490055
408.8590057
408.8690059
408.8790061
408.8890064
408.8990066
408.9090068
408.919007
408.9290072
408.9390075
408.9490077
408.9590079
408.9690081
408.9790083
408.9890086
408.9990088
409.009009
409.0190092
409.0290094
409.0390097
409.0490099
409.0590101
409.0690103
409.0790106
409.0890108
409.099011
409.1090112
409.1190114
409.1290117
409.1390119
409.1490121
409.1590123
409.1690125
409.1790128
409.189013
409.1990132
409.2090134
409.2190136
409.2290139
409.2390141
409.2490143
409.2590145
409.2690147
409.279015
409.2890152
409.2990154
409.3090156
409.3190158
409.3290161
409.3390163
409.3490165
409.3590167
409.3690169
409.3790172
409.3890174
409.3990176
409.4090178
409.419018
409.4290183
409.4390185
409.4490187
409.4590189
409.4690191
409.4790194
409.4890196
409.4990198
409.50902
409.5190202
409.5290205
409.5390207
409.5490209
409.5590211
409.5690213
409.5790216
409.5890218
409.599022
409.6090222
409.6190224
409.6290227
409.6390229
409.6490231
409.6590233
409.6690235
409.6790238
409.689024
409.6990242
409.7090244
409.7190246
409.7290249
409.7390251
409.7490253
409.7590255
409.7690257
409.779026
409.7890262
409.7990264
409.8090266
409.8190269
409.8290271
409.8390273
409.8490275
409.8590277
409.869028
409.8790282
409.8890284
409.8990286
409.9090288
409.9190291
409.9290293
409.9390295
409.9490297
409.9590299
409.9690302
409.9790304
409.9890306
409.9990308
410.009031
410.0190313
410.0290315
410.0390317
410.0490319
410.0590321
410.0690324
410.0790326
410.0890328
410.099033
410.1090332
410.1190335
410.1290337
410.1390339
410.1490341
410.1590343
410.1690346
410.1790348
410.189035
410.1990352
410.2090354
410.2190357
410.2290359
410.2390361
410.2490363
410.2590365
410.2690368
410.279037
410.2890372
410.2990374
410.3090376
410.3190379
410.3290381
410.3390383
410.3490385
410.3590387
410.369039
410.3790392
410.3890394
410.3990396
410.4090398
410.4190401
410.4290403
410.4390405
410.4490407
410.4590409
410.4690412
410.4790414
410.4890416
410.4990418
410.509042
410.5190423
410.5290425
410.5390427
410.5490429
410.5590432
410.5690434
410.5790436
410.5890438
410.599044
410.6090443
410.6190445
410.6290447
410.6390449
410.6490451
410.6590454
410.6690456
410.6790458
410.689046
410.6990462
410.7090465
410.7190467
410.7290469
410.7390471
410.7490473
410.7590476
410.7690478
410.779048
410.7890482
410.7990484
410.8090487
410.8190489
410.8290491
410.8390493
410.8490495
410.8590498
410.86905
410.8790502
410.8890504
410.8990506
410.9090509
410.9190511
410.9290513
410.9390515
410.9490517
410.959052
410.9690522
410.9790524
410.9890526
410.9990528
411.0090531
411.0190533
411.0290535
411.0390537
411.0490539
411.0590542
411.0690544
411.0790546
411.0890548
411.099055
411.1090553
411.1190555
411.1290557
411.1390559
411.1490561
411.1590564
411.1690566
411.1790568
411.189057
411.1990572
411.2090575
411.2190577
411.2290579
411.2390581
411.2490583
411.2590586
411.2690588
411.279059
411.2890592
411.2990595
411.3090597
411.3190599
411.3290601
411.3390603
411.3490606
411.3590608
411.369061
411.3790612
411.3890614
411.3990617
411.4090619
411.4190621
411.4290623
411.4390625
411.4490628
411.459063
411.4690632
411.4790634
411.4890636
411.4990639
411.5090641
411.5190643
411.5290645
411.5390647
411.549065
411.5590652
411.5690654
411.5790656
411.5890658
411.5990661
411.6090663
411.6190665
411.6290667
411.6390669
411.6490672
411.6590674
411.6690676
411.6790678
411.689068
411.6990683
411.7090685
411.7190687
411.7290689
411.7390691
411.7490694
411.7590696
411.7690698
411.77907
411.7890702
411.7990705
411.8090707
411.8190709
411.8290711
411.8390713
411.8490716
411.8590718
411.869072
411.8790722
411.8890724
411.8990727
411.9090729
411.9190731
411.9290733
411.9390735
411.9490738
411.959074
411.9690742
411.9790744
411.9890746
411.9990749
412.0090751
412.0190753
412.0290755
412.0390758
412.049076
412.0590762
412.0690764
412.0790766
412.0890769
412.0990771
412.1090773
412.1190775
412.1290777
412.139078
412.1490782
412.1590784
412.1690786
412.1790788
412.1890791
412.1990793
412.2090795
412.2190797
412.2290799
412.2390802
412.2490804
412.2590806
412.2690808
412.279081
412.2890813
412.2990815
412.3090817
412.3190819
412.3290821
412.3390824
412.3490826
412.3590828
412.369083
412.3790832
412.3890835
412.3990837
412.4090839
412.4190841
412.4290843
412.4390846
412.4490848
412.459085
412.4690852
412.4790854
412.4890857
412.4990859
412.5090861
412.5190863
412.5290865
412.5390868
412.549087
412.5590872
412.5690874
412.5790876
412.5890879
412.5990881
412.6090883
412.6190885
412.6290887
412.639089
412.6490892
412.6590894
412.6690896
412.6790898
412.6890901
412.6990903
412.7090905
412.7190907
412.7290909
412.7390912
412.7490914
412.7590916
412.7690918
412.7790921
412.7890923
412.7990925
412.8090927
412.8190929
412.8290932
412.8390934
412.8490936
412.8590938
412.869094
412.8790943
412.8890945
412.8990947
412.9090949
412.9190951
412.9290954
412.9390956
412.9490958
412.959096
412.9690962
412.9790965
412.9890967
412.9990969
413.0090971
413.0190973
413.0290976
413.0390978
413.049098
413.0590982
413.0690984
413.0790987
413.0890989
413.0990991
413.1090993
413.1190995
413.1290998
413.1391
413.1491002
413.1591004
413.1691006
413.1791009
413.1891011
413.1991013
413.2091015
413.2191017
413.229102
413.2391022
413.2491024
413.2591026
413.2691028
413.2791031
413.2891033
413.2991035
413.3091037
413.3191039
413.3291042
413.3391044
413.3491046
413.3591048
413.369105
413.3791053
413.3891055
413.3991057
413.4091059
413.4191061
413.4291064
413.4391066
413.4491068
413.459107
413.4691072
413.4791075
413.4891077
413.4991079
413.5091081
413.5191084
413.5291086
413.5391088
413.549109
413.5591092
413.5691095
413.5791097
413.5891099
413.5991101
413.6091103
413.6191106
413.6291108
413.639111
413.6491112
413.6591114
413.6691117
413.6791119
413.6891121
413.6991123
413.7091125
413.7191128
413.729113
413.7391132
413.7491134
413.7591136
413.7691139
413.7791141
413.7891143
413.7991145
413.8091147
413.819115
413.8291152
413.8391154
413.8491156
413.8591158
413.8691161
413.8791163
413.8891165
413.8991167
413.9091169
413.9191172
413.9291174
413.9391176
413.9491178
413.959118
413.9691183
413.9791185
413.9891187
413.9991189
414.0091191
414.0191194
414.0291196
414.0391198
414.04912
414.0591202
414.0691205
414.0791207
414.0891209
414.0991211
414.1091213
414.1191216
414.1291218
414.139122
414.1491222
414.1591224
414.1691227
414.1791229
414.1891231
414.1991233
414.2091235
414.2191238
414.229124
414.2391242
414.2491244
414.2591247
414.2691249
414.2791251
414.2891253
414.2991255
414.3091258
414.319126
414.3291262
414.3391264
414.3491266
414.3591269
414.3691271
414.3791273
414.3891275
414.3991277
414.409128
414.4191282
414.4291284
414.4391286
414.4491288
414.4591291
414.4691293
414.4791295
414.4891297
414.4991299
414.5091302
414.5191304
414.5291306
414.5391308
414.549131
414.5591313
414.5691315
414.5791317
414.5891319
414.5991321
414.6091324
414.6191326
414.6291328
414.639133
414.6491332
414.6591335
414.6691337
414.6791339
414.6891341
414.6991343
414.7091346
414.7191348
414.729135
414.7391352
414.7491354
414.7591357
414.7691359
414.7791361
414.7891363
414.7991365
414.8091368
414.819137
414.8291372
414.8391374
414.8491376
414.8591379
414.8691381
414.8791383
414.8891385
414.8991387
414.909139
414.9191392
414.9291394
414.9391396
414.9491398
414.9591401
414.9691403
414.9791405
414.9891407
414.999141
415.0091412
415.0191414
415.0291416
415.0391418
415.0491421
415.0591423
415.0691425
415.0791427
415.0891429
415.0991432
415.1091434
415.1191436
415.1291438
415.139144
415.1491443
415.1591445
415.1691447
415.1791449
415.1891451
415.1991454
415.2091456
415.2191458
415.229146
415.2391462
415.2491465
415.2591467
415.2691469
415.2791471
415.2891473
415.2991476
415.3091478
415.319148
415.3291482
415.3391484
415.3491487
415.3591489
415.3691491
415.3791493
415.3891495
415.3991498
415.40915
415.4191502
415.4291504
415.4391506
415.4491509
415.4591511
415.4691513
415.4791515
415.4891517
415.499152
415.5091522
415.5191524
415.5291526
415.5391528
415.5491531
415.5591533
415.5691535
415.5791537
415.5891539
415.5991542
415.6091544
415.6191546
415.6291548
415.639155
415.6491553
415.6591555
415.6691557
415.6791559
415.6891561
415.6991564
415.7091566
415.7191568
415.729157
415.7391573
415.7491575
415.7591577
415.7691579
415.7791581
415.7891584
415.7991586
415.8091588
415.819159
415.8291592
415.8391595
415.8491597
415.8591599
415.8691601
415.8791603
415.8891606
415.8991608
415.909161
415.9191612
415.9291614
415.9391617
415.9491619
415.9591621
415.9691623
415.9791625
415.9891628
415.999163
416.0091632
416.0191634
416.0291636
416.0391639
416.0491641
416.0591643
416.0691645
416.0791647
416.089165
416.0991652
416.1091654
416.1191656
416.1291658
416.1391661
416.1491663
416.1591665
416.1691667
416.1791669
416.1891672
416.1991674
416.2091676
416.2191678
416.229168
416.2391683
416.2491685
416.2591687
416.2691689
416.2791691
416.2891694
416.2991696
416.3091698
416.31917
416.3291702
416.3391705
416.3491707
416.3591709
416.3691711
416.3791713
416.3891716
416.3991718
416.409172
416.4191722
416.4291724
416.4391727
416.4491729
416.4591731
416.4691733
416.4791736
416.4891738
416.499174
416.5091742
416.5191744
416.5291747
416.5391749
416.5491751
416.5591753
416.5691755
416.5791758
416.589176
416.5991762
416.6091764
416.6191766
416.6291769
416.6391771
416.6491773
416.6591775
416.6691777
416.679178
416.6891782
416.6991784
416.7091786
416.7191788
416.7291791
416.7391793
416.7491795
416.7591797
416.7691799
416.7791802
416.7891804
416.7991806
416.8091808
416.819181
416.8291813
416.8391815
416.8491817
416.8591819
416.8691821
416.8791824
416.8891826
416.8991828
416.909183
416.9191832
416.9291835
416.9391837
416.9491839
416.9591841
416.9691843
416.9791846
416.9891848
416.999185
417.0091852
417.0191854
417.0291857
417.0391859
417.0491861
417.0591863
417.0691865
417.0791868
417.089187
417.0991872
417.1091874
417.1191876
417.1291879
417.1391881
417.1491883
417.1591885
417.1691887
417.179189
417.1891892
417.1991894
417.2091896
417.2191898
417.2291901
417.2391903
417.2491905
417.2591907
417.269191
417.2791912
417.2891914
417.2991916
417.3091918
417.3191921
417.3291923
417.3391925
417.3491927
417.3591929
417.3691932
417.3791934
417.3891936
417.3991938
417.409194
417.4191943
417.4291945
417.4391947
417.4491949
417.4591951
417.4691954
417.4791956
417.4891958
417.499196
417.5091962
417.5191965
417.5291967
417.5391969
417.5491971
417.5591973
417.5691976
417.5791978
417.589198
417.5991982
417.6091984
417.6191987
417.6291989
417.6391991
417.6491993
417.6591995
417.6691998
417.6792
417.6892002
417.6992004
417.7092006
417.7192009
417.7292011
417.7392013
417.7492015
417.7592017
417.769202
417.7792022
417.7892024
417.7992026
417.8092028
417.8192031
417.8292033
417.8392035
417.8492037
417.8592039
417.8692042
417.8792044
417.8892046
417.8992048
417.909205
417.9192053
417.9292055
417.9392057
417.9492059
417.9592061
417.9692064
417.9792066
417.9892068
417.999207
418.0092073
418.0192075
418.0292077
418.0392079
418.0492081
418.0592084
418.0692086
418.0792088
418.089209
418.0992092
418.1092095
418.1192097
418.1292099
418.1392101
418.1492103
418.1592106
418.1692108
418.179211
418.1892112
418.1992114
418.2092117
418.2192119
418.2292121
418.2392123
418.2492125
418.2592128
418.269213
418.2792132
418.2892134
418.2992136
418.3092139
418.3192141
418.3292143
418.3392145
418.3492147
418.359215
418.3692152
418.3792154
418.3892156
418.3992158
418.4092161
418.4192163
418.4292165
418.4392167
418.4492169
418.4592172
418.4692174
418.4792176
418.4892178
418.499218
418.5092183
418.5192185
418.5292187
418.5392189
418.5492191
418.5592194
418.5692196
418.5792198
418.58922
418.5992202
418.6092205
418.6192207
418.6292209
418.6392211
418.6492213
418.6592216
418.6692218
418.679222
418.6892222
418.6992224
418.7092227
418.7192229
418.7292231
418.7392233
418.7492236
418.7592238
418.769224
418.7792242
418.7892244
418.7992247
418.8092249
418.8192251
418.8292253
418.8392255
418.8492258
418.859226
418.8692262
418.8792264
418.8892266
418.8992269
418.9092271
418.9192273
418.9292275
418.9392277
418.949228
418.9592282
418.9692284
418.9792286
418.9892288
418.9992291
419.0092293
419.0192295
419.0292297
419.0392299
419.0492302
419.0592304
419.0692306
419.0792308
419.089231
419.0992313
419.1092315
419.1192317
419.1292319
419.1392321
419.1492324
419.1592326
419.1692328
419.179233
419.1892332
419.1992335
419.2092337
419.2192339
419.2292341
419.2392343
419.2492346
419.2592348
419.269235
419.2792352
419.2892354
419.2992357
419.3092359
419.3192361
419.3292363
419.3392365
419.3492368
419.359237
419.3692372
419.3792374
419.3892376
419.3992379
419.4092381
419.4192383
419.4292385
419.4392387
419.449239
419.4592392
419.4692394
419.4792396
419.4892399
419.4992401
419.5092403
419.5192405
419.5292407
419.539241
419.5492412
419.5592414
419.5692416
419.5792418
419.5892421
419.5992423
419.6092425
419.6192427
419.6292429
419.6392432
419.6492434
419.6592436
419.6692438
419.679244
419.6892443
419.6992445
419.7092447
419.7192449
419.7292451
419.7392454
419.7492456
419.7592458
419.769246
419.7792462
419.7892465
419.7992467
419.8092469
419.8192471
419.8292473
419.8392476
419.8492478
419.859248
419.8692482
419.8792484
419.8892487
419.8992489
419.9092491
419.9192493
419.9292495
419.9392498
419.94925
419.9592502
419.9692504
419.9792506
419.9892509
419.9992511
420.0092513
420.0192515
420.0292517
420.039252
420.0492522
420.0592524
420.0692526
420.0792528
420.0892531
420.0992533
420.1092535
420.1192537
420.1292539
420.1392542
420.1492544
420.1592546
420.1692548
420.179255
420.1892553
420.1992555
420.2092557
420.2192559
420.2292562
420.2392564
420.2492566
420.2592568
420.269257
420.2792573
420.2892575
420.2992577
420.3092579
420.3192581
420.3292584
420.3392586
420.3492588
420.359259
420.3692592
420.3792595
420.3892597
420.3992599
420.4092601
420.4192603
420.4292606
420.4392608
420.449261
420.4592612
420.4692614
420.4792617
420.4892619
420.4992621
420.5092623
420.5192625
420.5292628
420.539263
420.5492632
420.5592634
420.5692636
420.5792639
420.5892641
420.5992643
420.6092645
420.6192647
420.629265
420.6392652
420.6492654
420.6592656
420.6692658
420.6792661
420.6892663
420.6992665
420.7092667
420.7192669
420.7292672
420.7392674
420.7492676
420.7592678
420.769268
420.7792683
420.7892685
420.7992687
420.8092689
420.8192691
420.8292694
420.8392696
420.8492698
420.85927
420.8692702
420.8792705
420.8892707
420.8992709
420.9092711
420.9192713
420.9292716
420.9392718
420.949272
420.9592722
420.9692725
420.9792727
420.9892729
420.9992731
421.0092733
421.0192736
421.0292738
421.039274
421.0492742
421.0592744
421.0692747
421.0792749
421.0892751
421.0992753
421.1092755
421.1192758
421.129276
421.1392762
421.1492764
421.1592766
421.1692769
421.1792771
421.1892773
421.1992775
421.2092777
421.219278
421.2292782
421.2392784
421.2492786
421.2592788
421.2692791
421.2792793
421.2892795
421.2992797
421.3092799
421.3192802
421.3292804
421.3392806
421.3492808
421.359281
421.3692813
421.3792815
421.3892817
421.3992819
421.4092821
421.4192824
421.4292826
421.4392828
421.449283
421.4592832
421.4692835
421.4792837
421.4892839
421.4992841
421.5092843
421.5192846
421.5292848
421.539285
421.5492852
421.5592854
421.5692857
421.5792859
421.5892861
421.5992863
421.6092865
421.6192868
421.629287
421.6392872
421.6492874
421.6592876
421.6692879
421.6792881
421.6892883
421.6992885
421.7092888
421.719289
421.7292892
421.7392894
421.7492896
421.7592899
421.7692901
421.7792903
421.7892905
421.7992907
421.809291
421.8192912
421.8292914
421.8392916
421.8492918
421.8592921
421.8692923
421.8792925
421.8892927
421.8992929
421.9092932
421.9192934
421.9292936
421.9392938
421.949294
421.9592943
421.9692945
421.9792947
421.9892949
421.9992951
422.0092954
422.0192956
422.0292958
422.039296
422.0492962
422.0592965
422.0692967
422.0792969
422.0892971
422.0992973
422.1092976
422.1192978
422.129298
422.1392982
422.1492984
422.1592987
422.1692989
422.1792991
422.1892993
422.1992995
422.2092998
422.2193
422.2293002
422.2393004
422.2493006
422.2593009
422.2693011
422.2793013
422.2893015
422.2993017
422.309302
422.3193022
422.3293024
422.3393026
422.3493028
422.3593031
422.3693033
422.3793035
422.3893037
422.3993039
422.4093042
422.4193044
422.4293046
422.4393048
422.4493051
422.4593053
422.4693055
422.4793057
422.4893059
422.4993062
422.5093064
422.5193066
422.5293068
422.539307
422.5493073
422.5593075
422.5693077
422.5793079
422.5893081
422.5993084
422.6093086
422.6193088
422.629309
422.6393092
422.6493095
422.6593097
422.6693099
422.6793101
422.6893103
422.6993106
422.7093108
422.719311
422.7293112
422.7393114
422.7493117
422.7593119
422.7693121
422.7793123
422.7893125
422.7993128
422.809313
422.8193132
422.8293134
422.8393136
422.8493139
422.8593141
422.8693143
422.8793145
422.8893147
422.899315
422.9093152
422.9193154
422.9293156
422.9393158
422.9493161
422.9593163
422.9693165
422.9793167
422.9893169
422.9993172
423.0093174
423.0193176
423.0293178
423.039318
423.0493183
423.0593185
423.0693187
423.0793189
423.0893191
423.0993194
423.1093196
423.1193198
423.12932
423.1393202
423.1493205
423.1593207
423.1693209
423.1793211
423.1893214
423.1993216
423.2093218
423.219322
423.2293222
423.2393225
423.2493227
423.2593229
423.2693231
423.2793233
423.2893236
423.2993238
423.309324
423.3193242
423.3293244
423.3393247
423.3493249
423.3593251
423.3693253
423.3793255
423.3893258
423.399326
423.4093262
423.4193264
423.4293266
423.4393269
423.4493271
423.4593273
423.4693275
423.4793277
423.489328
423.4993282
423.5093284
423.5193286
423.5293288
423.5393291
423.5493293
423.5593295
423.5693297
423.5793299
423.5893302
423.5993304
423.6093306
423.6193308
423.629331
423.6393313
423.6493315
423.6593317
423.6693319
423.6793321
423.6893324
423.6993326
423.7093328
423.719333
423.7293332
423.7393335
423.7493337
423.7593339
423.7693341
423.7793343
423.7893346
423.7993348
423.809335
423.8193352
423.8293354
423.8393357
423.8493359
423.8593361
423.8693363
423.8793365
423.8893368
423.899337
423.9093372
423.9193374
423.9293377
423.9393379
423.9493381
423.9593383
423.9693385
423.9793388
423.989339
423.9993392
424.0093394
424.0193396
424.0293399
424.0393401
424.0493403
424.0593405
424.0693407
424.079341
424.0893412
424.0993414
424.1093416
424.1193418
424.1293421
424.1393423
424.1493425
424.1593427
424.1693429
424.1793432
424.1893434
424.1993436
424.2093438
424.219344
424.2293443
424.2393445
424.2493447
424.2593449
424.2693451
424.2793454
424.2893456
424.2993458
424.309346
424.3193462
424.3293465
424.3393467
424.3493469
424.3593471
424.3693473
424.3793476
424.3893478
424.399348
424.4093482
424.4193484
424.4293487
424.4393489
424.4493491
424.4593493
424.4693495
424.4793498
424.48935
424.4993502
424.5093504
424.5193506
424.5293509
424.5393511
424.5493513
424.5593515
424.5693517
424.579352
424.5893522
424.5993524
424.6093526
424.6193528
424.6293531
424.6393533
424.6493535
424.6593537
424.669354
424.6793542
424.6893544
424.6993546
424.7093548
424.7193551
424.7293553
424.7393555
424.7493557
424.7593559
424.7693562
424.7793564
424.7893566
424.7993568
424.809357
424.8193573
424.8293575
424.8393577
424.8493579
424.8593581
424.8693584
424.8793586
424.8893588
424.899359
424.9093592
424.9193595
424.9293597
424.9393599
424.9493601
424.9593603
424.9693606
424.9793608
424.989361
424.9993612
425.0093614
425.0193617
425.0293619
425.0393621
425.0493623
425.0593625
425.0693628
425.079363
425.0893632
425.0993634
425.1093636
425.1193639
425.1293641
425.1393643
425.1493645
425.1593647
425.169365
425.1793652
425.1893654
425.1993656
425.2093658
425.2193661
425.2293663
425.2393665
425.2493667
425.2593669
425.2693672
425.2793674
425.2893676
425.2993678
425.309368
425.3193683
425.3293685
425.3393687
425.3493689
425.3593691
425.3693694
425.3793696
425.3893698
425.39937
425.4093703
425.4193705
425.4293707
425.4393709
425.4493711
425.4593714
425.4693716
425.4793718
425.489372
425.4993722
425.5093725
425.5193727
425.5293729
425.5393731
425.5493733
425.5593736
425.5693738
425.579374
425.5893742
425.5993744
425.6093747
425.6193749
425.6293751
425.6393753
425.6493755
425.6593758
425.669376
425.6793762
425.6893764
425.6993766
425.7093769
425.7193771
425.7293773
425.7393775
425.7493777
425.759378
425.7693782
425.7793784
425.7893786
425.7993788
425.8093791
425.8193793
425.8293795
425.8393797
425.8493799
425.8593802
425.8693804
425.8793806
425.8893808
425.899381
425.9093813
425.9193815
425.9293817
425.9393819
425.9493821
425.9593824
425.9693826
425.9793828
425.989383
425.9993832
426.0093835
426.0193837
426.0293839
426.0393841
426.0493843
426.0593846
426.0693848
426.079385
426.0893852
426.0993854
426.1093857
426.1193859
426.1293861
426.1393863
426.1493866
426.1593868
426.169387
426.1793872
426.1893874
426.1993877
426.2093879
426.2193881
426.2293883
426.2393885
426.2493888
426.259389
426.2693892
426.2793894
426.2893896
426.2993899
426.3093901
426.3193903
426.3293905
426.3393907
426.349391
426.3593912
426.3693914
426.3793916
426.3893918
426.3993921
426.4093923
426.4193925
426.4293927
426.4393929
426.4493932
426.4593934
426.4693936
426.4793938
426.489394
426.4993943
426.5093945
426.5193947
426.5293949
426.5393951
426.5493954
426.5593956
426.5693958
426.579396
426.5893962
426.5993965
426.6093967
426.6193969
426.6293971
426.6393973
426.6493976
426.6593978
426.669398
426.6793982
426.6893984
426.6993987
426.7093989
426.7193991
426.7293993
426.7393995
426.7493998
426.7594
426.7694002
426.7794004
426.7894006
426.7994009
426.8094011
426.8194013
426.8294015
426.8394017
426.849402
426.8594022
426.8694024
426.8794026
426.8894029
426.8994031
426.9094033
426.9194035
426.9294037
426.939404
426.9494042
426.9594044
426.9694046
426.9794048
426.9894051
426.9994053
427.0094055
427.0194057
427.0294059
427.0394062
427.0494064
427.0594066
427.0694068
427.079407
427.0894073
427.0994075
427.1094077
427.1194079
427.1294081
427.1394084
427.1494086
427.1594088
427.169409
427.1794092
427.1894095
427.1994097
427.2094099
427.2194101
427.2294103
427.2394106
427.2494108
427.259411
427.2694112
427.2794114
427.2894117
427.2994119
427.3094121
427.3194123
427.3294125
427.3394128
427.349413
427.3594132
427.3694134
427.3794136
427.3894139
427.3994141
427.4094143
427.4194145
427.4294147
427.439415
427.4494152
427.4594154
427.4694156
427.4794158
427.4894161
427.4994163
427.5094165
427.5194167
427.5294169
427.5394172
427.5494174
427.5594176
427.5694178
427.579418
427.5894183
427.5994185
427.6094187
427.6194189
427.6294192
427.6394194
427.6494196
427.6594198
427.66942
427.6794203
427.6894205
427.6994207
427.7094209
427.7194211
427.7294214
427.7394216
427.7494218
427.759422
427.7694222
427.7794225
427.7894227
427.7994229
427.8094231
427.8194233
427.8294236
427.8394238
427.849424
427.8594242
427.8694244
427.8794247
427.8894249
427.8994251
427.9094253
427.9194255
427.9294258
427.939426
427.9494262
427.9594264
427.9694266
427.9794269
427.9894271
427.9994273
428.0094275
428.0194277
428.029428
428.0394282
428.0494284
428.0594286
428.0694288
428.0794291
428.0894293
428.0994295
428.1094297
428.1194299
428.1294302
428.1394304
428.1494306
428.1594308
428.169431
428.1794313
428.1894315
428.1994317
428.2094319
428.2194321
428.2294324
428.2394326
428.2494328
428.259433
428.2694332
428.2794335
428.2894337
428.2994339
428.3094341
428.3194343
428.3294346
428.3394348
428.349435
428.3594352
428.3694355
428.3794357
428.3894359
428.3994361
428.4094363
428.4194366
428.4294368
428.439437
428.4494372
428.4594374
428.4694377
428.4794379
428.4894381
428.4994383
428.5094385
428.5194388
428.529439
428.5394392
428.5494394
428.5594396
428.5694399
428.5794401
428.5894403
428.5994405
428.6094407
428.619441
428.6294412
428.6394414
428.6494416
428.6594418
428.6694421
428.6794423
428.6894425
428.6994427
428.7094429
428.7194432
428.7294434
428.7394436
428.7494438
428.759444
428.7694443
428.7794445
428.7894447
428.7994449
428.8094451
428.8194454
428.8294456
428.8394458
428.849446
428.8594462
428.8694465
428.8794467
428.8894469
428.8994471
428.9094473
428.9194476
428.9294478
428.939448
428.9494482
428.9594484
428.9694487
428.9794489
428.9894491
428.9994493
429.0094495
429.0194498
429.02945
429.0394502
429.0494504
429.0594506
429.0694509
429.0794511
429.0894513
429.0994515
429.1094518
429.119452
429.1294522
429.1394524
429.1494526
429.1594529
429.1694531
429.1794533
429.1894535
429.1994537
429.209454
429.2194542
429.2294544
429.2394546
429.2494548
429.2594551
429.2694553
429.2794555
429.2894557
429.2994559
429.3094562
429.3194564
429.3294566
429.3394568
429.349457
429.3594573
429.3694575
429.3794577
429.3894579
429.3994581
429.4094584
429.4194586
429.4294588
429.439459
429.4494592
429.4594595
429.4694597
429.4794599
429.4894601
429.4994603
429.5094606
429.5194608
429.529461
429.5394612
429.5494614
429.5594617
429.5694619
429.5794621
429.5894623
429.5994625
429.6094628
429.619463
429.6294632
429.6394634
429.6494636
429.6594639
429.6694641
429.6794643
429.6894645
429.6994647
429.709465
429.7194652
429.7294654
429.7394656
429.7494658
429.7594661
429.7694663
429.7794665
429.7894667
429.7994669
429.8094672
429.8194674
429.8294676
429.8394678
429.849468
429.8594683
429.8694685
429.8794687
429.8894689
429.8994692
429.9094694
429.9194696
429.9294698
429.93947
429.9494703
429.9594705
429.9694707
429.9794709
429.9894711
429.9994714
430.0094716
430.0194718
430.029472
430.0394722
430.0494725
430.0594727
430.0694729
430.0794731
430.0894733
430.0994736
430.1094738
430.119474
430.1294742
430.1394744
430.1494747
430.1594749
430.1694751
430.1794753
430.1894755
430.1994758
430.209476
430.2194762
430.2294764
430.2394766
430.2494769
430.2594771
430.2694773
430.2794775
430.2894777
430.299478
430.3094782
430.3194784
430.3294786
430.3394788
430.3494791
430.3594793
430.3694795
430.3794797
430.3894799
430.3994802
430.4094804
430.4194806
430.4294808
430.439481
430.4494813
430.4594815
430.4694817
430.4794819
430.4894821
430.4994824
430.5094826
430.5194828
430.529483
430.5394832
430.5494835
430.5594837
430.5694839
430.5794841
430.5894843
430.5994846
430.6094848
430.619485
430.6294852
430.6394855
430.6494857
430.6594859
430.6694861
430.6794863
430.6894866
430.6994868
430.709487
430.7194872
430.7294874
430.7394877
430.7494879
430.7594881
430.7694883
430.7794885
430.7894888
430.799489
430.8094892
430.8194894
430.8294896
430.8394899
430.8494901
430.8594903
430.8694905
430.8794907
430.889491
430.8994912
430.9094914
430.9194916
430.9294918
430.9394921
430.9494923
430.9594925
430.9694927
430.9794929
430.9894932
430.9994934
431.0094936
431.0194938
431.029494
431.0394943
431.0494945
431.0594947
431.0694949
431.0794951
431.0894954
431.0994956
431.1094958
431.119496
431.1294962
431.1394965
431.1494967
431.1594969
431.1694971
431.1794973
431.1894976
431.1994978
431.209498
431.2194982
431.2294984
431.2394987
431.2494989
431.2594991
431.2694993
431.2794995
431.2894998
431.2995
431.3095002
431.3195004
431.3295006
431.3395009
431.3495011
431.3595013
431.3695015
431.3795018
431.389502
431.3995022
431.4095024
431.4195026
431.4295029
431.4395031
431.4495033
431.4595035
431.4695037
431.479504
431.4895042
431.4995044
431.5095046
431.5195048
431.5295051
431.5395053
431.5495055
431.5595057
431.5695059
431.5795062
431.5895064
431.5995066
431.6095068
431.619507
431.6295073
431.6395075
431.6495077
431.6595079
431.6695081
431.6795084
431.6895086
431.6995088
431.709509
431.7195092
431.7295095
431.7395097
431.7495099
431.7595101
431.7695103
431.7795106
431.7895108
431.799511
431.8095112
431.8195114
431.8295117
431.8395119
431.8495121
431.8595123
431.8695125
431.8795128
431.889513
431.8995132
431.9095134
431.9195136
431.9295139
431.9395141
431.9495143
431.9595145
431.9695147
431.979515
431.9895152
431.9995154
432.0095156
432.0195158
432.0295161
432.0395163
432.0495165
432.0595167
432.0695169
432.0795172
432.0895174
432.0995176
432.1095178
432.1195181
432.1295183
432.1395185
432.1495187
432.1595189
432.1695192
432.1795194
432.1895196
432.1995198
432.20952
432.2195203
432.2295205
432.2395207
432.2495209
432.2595211
432.2695214
432.2795216
432.2895218
432.299522
432.3095222
432.3195225
432.3295227
432.3395229
432.3495231
432.3595233
432.3695236
432.3795238
432.389524
432.3995242
432.4095244
432.4195247
432.4295249
432.4395251
432.4495253
432.4595255
432.4695258
432.479526
432.4895262
432.4995264
432.5095266
432.5195269
432.5295271
432.5395273
432.5495275
432.5595277
432.569528
432.5795282
432.5895284
432.5995286
432.6095288
432.6195291
432.6295293
432.6395295
432.6495297
432.6595299
432.6695302
432.6795304
432.6895306
432.6995308
432.709531
432.7195313
432.7295315
432.7395317
432.7495319
432.7595321
432.7695324
432.7795326
432.7895328
432.799533
432.8095332
432.8195335
432.8295337
432.8395339
432.8495341
432.8595344
432.8695346
432.8795348
432.889535
432.8995352
432.9095355
432.9195357
432.9295359
432.9395361
432.9495363
432.9595366
432.9695368
432.979537
432.9895372
432.9995374
433.0095377
433.0195379
433.0295381
433.0395383
433.0495385
433.0595388
433.069539
433.0795392
433.0895394
433.0995396
433.1095399
433.1195401
433.1295403
433.1395405
433.1495407
433.159541
433.1695412
433.1795414
433.1895416
433.1995418
433.2095421
433.2195423
433.2295425
433.2395427
433.2495429
433.2595432
433.2695434
433.2795436
433.2895438
433.299544
433.3095443
433.3195445
433.3295447
433.3395449
433.3495451
433.3595454
433.3695456
433.3795458
433.389546
433.3995462
433.4095465
433.4195467
433.4295469
433.4395471
433.4495473
433.4595476
433.4695478
433.479548
433.4895482
433.4995484
433.5095487
433.5195489
433.5295491
433.5395493
433.5495495
433.5595498
433.56955
433.5795502
433.5895504
433.5995507
433.6095509
433.6195511
433.6295513
433.6395515
433.6495518
433.659552
433.6695522
433.6795524
433.6895526
433.6995529
433.7095531
433.7195533
433.7295535
433.7395537
433.749554
433.7595542
433.7695544
433.7795546
433.7895548
433.7995551
433.8095553
433.8195555
433.8295557
433.8395559
433.8495562
433.8595564
433.8695566
433.8795568
433.889557
433.8995573
433.9095575
433.9195577
433.9295579
433.9395581
433.9495584
433.9595586
433.9695588
433.979559
433.9895592
433.9995595
434.0095597
434.0195599
434.0295601
434.0395603
434.0495606
434.0595608
434.069561
434.0795612
434.0895614
434.0995617
434.1095619
434.1195621
434.1295623
434.1395625
434.1495628
434.159563
434.1695632
434.1795634
434.1895636
434.1995639
434.2095641
434.2195643
434.2295645
434.2395647
434.249565
434.2595652
434.2695654
434.2795656
434.2895658
434.2995661
434.3095663
434.3195665
434.3295667
434.339567
434.3495672
434.3595674
434.3695676
434.3795678
434.3895681
434.3995683
434.4095685
434.4195687
434.4295689
434.4395692
434.4495694
434.4595696
434.4695698
434.47957
434.4895703
434.4995705
434.5095707
434.5195709
434.5295711
434.5395714
434.5495716
434.5595718
434.569572
434.5795722
434.5895725
434.5995727
434.6095729
434.6195731
434.6295733
434.6395736
434.6495738
434.659574
434.6695742
434.6795744
434.6895747
434.6995749
434.7095751
434.7195753
434.7295755
434.7395758
434.749576
434.7595762
434.7695764
434.7795766
434.7895769
434.7995771
434.8095773
434.8195775
434.8295777
434.839578
434.8495782
434.8595784
434.8695786
434.8795788
434.8895791
434.8995793
434.9095795
434.9195797
434.9295799
434.9395802
434.9495804
434.9595806
434.9695808
434.979581
434.9895813
434.9995815
435.0095817
435.0195819
435.0295821
435.0395824
435.0495826
435.0595828
435.069583
435.0795833
435.0895835
435.0995837
435.1095839
435.1195841
435.1295844
435.1395846
435.1495848
435.159585
435.1695852
435.1795855
435.1895857
435.1995859
435.2095861
435.2195863
435.2295866
435.2395868
435.249587
435.2595872
435.2695874
435.2795877
435.2895879
435.2995881
435.3095883
435.3195885
435.3295888
435.339589
435.3495892
435.3595894
435.3695896
435.3795899
435.3895901
435.3995903
435.4095905
435.4195907
435.429591
435.4395912
435.4495914
435.4595916
435.4695918
435.4795921
435.4895923
435.4995925
435.5095927
435.5195929
435.5295932
435.5395934
435.5495936
435.5595938
435.569594
435.5795943
435.5895945
435.5995947
435.6095949
435.6195951
435.6295954
435.6395956
435.6495958
435.659596
435.6695962
435.6795965
435.6895967
435.6995969
435.7095971
435.7195973
435.7295976
435.7395978
435.749598
435.7595982
435.7695984
435.7795987
435.7895989
435.7995991
435.8095993
435.8195996
435.8295998
435.8396
435.8496002
435.8596004
435.8696007
435.8796009
435.8896011
435.8996013
435.9096015
435.9196018
435.929602
435.9396022
435.9496024
435.9596026
435.9696029
435.9796031
435.9896033
435.9996035
436.0096037
436.019604
436.0296042
436.0396044
436.0496046
436.0596048
436.0696051
436.0796053
436.0896055
436.0996057
436.1096059
436.1196062
436.1296064
436.1396066
436.1496068
436.159607
436.1696073
436.1796075
436.1896077
436.1996079
436.2096081
436.2196084
436.2296086
436.2396088
436.249609
436.2596092
436.2696095
436.2796097
436.2896099
436.2996101
436.3096103
436.3196106
436.3296108
436.339611
436.3496112
436.3596114
436.3696117
436.3796119
436.3896121
436.3996123
436.4096125
436.4196128
436.429613
436.4396132
436.4496134
436.4596136
436.4696139
436.4796141
436.4896143
436.4996145
436.5096147
436.519615
436.5296152
436.5396154
436.5496156
436.5596159
436.5696161
436.5796163
436.5896165
436.5996167
436.609617
436.6196172
436.6296174
436.6396176
436.6496178
436.6596181
436.6696183
436.6796185
436.6896187
436.6996189
436.7096192
436.7196194
436.7296196
436.7396198
436.74962
436.7596203
436.7696205
436.7796207
436.7896209
436.7996211
436.8096214
436.8196216
436.8296218
436.839622
436.8496222
436.8596225
436.8696227
436.8796229
436.8896231
436.8996233
436.9096236
436.9196238
436.929624
436.9396242
436.9496244
436.9596247
436.9696249
436.9796251
436.9896253
436.9996255
437.0096258
437.019626
437.0296262
437.0396264
437.0496266
437.0596269
437.0696271
437.0796273
437.0896275
437.0996277
437.109628
437.1196282
437.1296284
437.1396286
437.1496288
437.1596291
437.1696293
437.1796295
437.1896297
437.1996299
437.2096302
437.2196304
437.2296306
437.2396308
437.249631
437.2596313
437.2696315
437.2796317
437.2896319
437.2996322
437.3096324
437.3196326
437.3296328
437.339633
437.3496333
437.3596335
437.3696337
437.3796339
437.3896341
437.3996344
437.4096346
437.4196348
437.429635
437.4396352
437.4496355
437.4596357
437.4696359
437.4796361
437.4896363
437.4996366
437.5096368
437.519637
437.5296372
437.5396374
437.5496377
437.5596379
437.5696381
437.5796383
437.5896385
437.5996388
437.609639
437.6196392
437.6296394
437.6396396
437.6496399
437.6596401
437.6696403
437.6796405
437.6896407
437.699641
437.7096412
437.7196414
437.7296416
437.7396418
437.7496421
437.7596423
437.7696425
437.7796427
437.7896429
437.7996432
437.8096434
437.8196436
437.8296438
437.839644
437.8496443
437.8596445
437.8696447
437.8796449
437.8896451
437.8996454
437.9096456
437.9196458
437.929646
437.9396462
437.9496465
437.9596467
437.9696469
437.9796471
437.9896473
437.9996476
438.0096478
438.019648
438.0296482
438.0396485
438.0496487
438.0596489
438.0696491
438.0796493
438.0896496
438.0996498
438.10965
438.1196502
438.1296504
438.1396507
438.1496509
438.1596511
438.1696513
438.1796515
438.1896518
438.199652
438.2096522
438.2196524
438.2296526
438.2396529
438.2496531
438.2596533
438.2696535
438.2796537
438.289654
438.2996542
438.3096544
438.3196546
438.3296548
438.3396551
438.3496553
438.3596555
438.3696557
438.3796559
438.3896562
438.3996564
438.4096566
438.4196568
438.429657
438.4396573
438.4496575
438.4596577
438.4696579
438.4796581
438.4896584
438.4996586
438.5096588
438.519659
438.5296592
438.5396595
438.5496597
438.5596599
438.5696601
438.5796603
438.5896606
438.5996608
438.609661
438.6196612
438.6296614
438.6396617
438.6496619
438.6596621
438.6696623
438.6796625
438.6896628
438.699663
438.7096632
438.7196634
438.7296636
438.7396639
438.7496641
438.7596643
438.7696645
438.7796648
438.789665
438.7996652
438.8096654
438.8196656
438.8296659
438.8396661
438.8496663
438.8596665
438.8696667
438.879667
438.8896672
438.8996674
438.9096676
438.9196678
438.9296681
438.9396683
438.9496685
438.9596687
438.9696689
438.9796692
438.9896694
438.9996696
439.0096698
439.01967
439.0296703
439.0396705
439.0496707
439.0596709
439.0696711
439.0796714
439.0896716
439.0996718
439.109672
439.1196722
439.1296725
439.1396727
439.1496729
439.1596731
439.1696733
439.1796736
439.1896738
439.199674
439.2096742
439.2196744
439.2296747
439.2396749
439.2496751
439.2596753
439.2696755
439.2796758
439.289676
439.2996762
439.3096764
439.3196766
439.3296769
439.3396771
439.3496773
439.3596775
439.3696777
439.379678
439.3896782
439.3996784
439.4096786
439.4196788
439.4296791
439.4396793
439.4496795
439.4596797
439.4696799
439.4796802
439.4896804
439.4996806
439.5096808
439.5196811
439.5296813
439.5396815
439.5496817
439.5596819
439.5696822
439.5796824
439.5896826
439.5996828
439.609683
439.6196833
439.6296835
439.6396837
439.6496839
439.6596841
439.6696844
439.6796846
439.6896848
439.699685
439.7096852
439.7196855
439.7296857
439.7396859
439.7496861
439.7596863
439.7696866
439.7796868
439.789687
439.7996872
439.8096874
439.8196877
439.8296879
439.8396881
439.8496883
439.8596885
439.8696888
439.879689
439.8896892
439.8996894
439.9096896
439.9196899
439.9296901
439.9396903
439.9496905
439.9596907
439.969691
439.9796912
439.9896914
439.9996916
440.0096918
440.0196921
440.0296923
440.0396925
440.0496927
440.0596929
440.0696932
440.0796934
440.0896936
440.0996938
440.109694
440.1196943
440.1296945
440.1396947
440.1496949
440.1596951
440.1696954
440.1796956
440.1896958
440.199696
440.2096962
440.2196965
440.2296967
440.2396969
440.2496971
440.2596974
440.2696976
440.2796978
440.289698
440.2996982
440.3096985
440.3196987
440.3296989
440.3396991
440.3496993
440.3596996
440.3696998
440.3797
440.3897002
440.3997004
440.4097007
440.4197009
440.4297011
440.4397013
440.4497015
440.4597018
440.469702
440.4797022
440.4897024
440.4997026
440.5097029
440.5197031
440.5297033
440.5397035
440.5497037
440.559704
440.5697042
440.5797044
440.5897046
440.5997048
440.6097051
440.6197053
440.6297055
440.6397057
440.6497059
440.6597062
440.6697064
440.6797066
440.6897068
440.699707
440.7097073
440.7197075
440.7297077
440.7397079
440.7497081
440.7597084
440.7697086
440.7797088
440.789709
440.7997092
440.8097095
440.8197097
440.8297099
440.8397101
440.8497103
440.8597106
440.8697108
440.879711
440.8897112
440.8997114
440.9097117
440.9197119
440.9297121
440.9397123
440.9497125
440.9597128
440.969713
440.9797132
440.9897134
440.9997137
441.0097139
441.0197141
441.0297143
441.0397145
441.0497148
441.059715
441.0697152
441.0797154
441.0897156
441.0997159
441.1097161
441.1197163
441.1297165
441.1397167
441.149717
441.1597172
441.1697174
441.1797176
441.1897178
441.1997181
441.2097183
441.2197185
441.2297187
441.2397189
441.2497192
441.2597194
441.2697196
441.2797198
441.28972
441.2997203
441.3097205
441.3197207
441.3297209
441.3397211
441.3497214
441.3597216
441.3697218
441.379722
441.3897222
441.3997225
441.4097227
441.4197229
441.4297231
441.4397233
441.4497236
441.4597238
441.469724
441.4797242
441.4897244
441.4997247
441.5097249
441.5197251
441.5297253
441.5397255
441.5497258
441.559726
441.5697262
441.5797264
441.5897266
441.5997269
441.6097271
441.6197273
441.6297275
441.6397277
441.649728
441.6597282
441.6697284
441.6797286
441.6897288
441.6997291
441.7097293
441.7197295
441.7297297
441.7397299
441.7497302
441.7597304
441.7697306
441.7797308
441.7897311
441.7997313
441.8097315
441.8197317
441.8297319
441.8397322
441.8497324
441.8597326
441.8697328
441.879733
441.8897333
441.8997335
441.9097337
441.9197339
441.9297341
441.9397344
441.9497346
441.9597348
441.969735
441.9797352
441.9897355
441.9997357
442.0097359
442.0197361
442.0297363
442.0397366
442.0497368
442.059737
442.0697372
442.0797374
442.0897377
442.0997379
442.1097381
442.1197383
442.1297385
442.1397388
442.149739
442.1597392
442.1697394
442.1797396
442.1897399
442.1997401
442.2097403
442.2197405
442.2297407
442.239741
442.2497412
442.2597414
442.2697416
442.2797418
442.2897421
442.2997423
442.3097425
442.3197427
442.3297429
442.3397432
442.3497434
442.3597436
442.3697438
442.379744
442.3897443
442.3997445
442.4097447
442.4197449
442.4297451
442.4397454
442.4497456
442.4597458
442.469746
442.4797462
442.4897465
442.4997467
442.5097469
442.5197471
442.5297474
442.5397476
442.5497478
442.559748
442.5697482
442.5797485
442.5897487
442.5997489
442.6097491
442.6197493
442.6297496
442.6397498
442.64975
442.6597502
442.6697504
442.6797507
442.6897509
442.6997511
442.7097513
442.7197515
442.7297518
442.739752
442.7497522
442.7597524
442.7697526
442.7797529
442.7897531
442.7997533
442.8097535
442.8197537
442.829754
442.8397542
442.8497544
442.8597546
442.8697548
442.8797551
442.8897553
442.8997555
442.9097557
442.9197559
442.9297562
442.9397564
442.9497566
442.9597568
442.969757
442.9797573
442.9897575
442.9997577
443.0097579
443.0197581
443.0297584
443.0397586
443.0497588
443.059759
443.0697592
443.0797595
443.0897597
443.0997599
443.1097601
443.1197603
443.1297606
443.1397608
443.149761
443.1597612
443.1697614
443.1797617
443.1897619
443.1997621
443.2097623
443.2197625
443.2297628
443.239763
443.2497632
443.2597634
443.2697637
443.2797639
443.2897641
443.2997643
443.3097645
443.3197648
443.329765
443.3397652
443.3497654
443.3597656
443.3697659
443.3797661
443.3897663
443.3997665
443.4097667
443.419767
443.4297672
443.4397674
443.4497676
443.4597678
443.4697681
443.4797683
443.4897685
443.4997687
443.5097689
443.5197692
443.5297694
443.5397696
443.5497698
443.55977
443.5697703
443.5797705
443.5897707
443.5997709
443.6097711
443.6197714
443.6297716
443.6397718
443.649772
443.6597722
443.6697725
443.6797727
443.6897729
443.6997731
443.7097733
443.7197736
443.7297738
443.739774
443.7497742
443.7597744
443.7697747
443.7797749
443.7897751
443.7997753
443.8097755
443.8197758
443.829776
443.8397762
443.8497764
443.8597766
443.8697769
443.8797771
443.8897773
443.8997775
443.9097777
443.919778
443.9297782
443.9397784
443.9497786
443.9597788
443.9697791
443.9797793
443.9897795
443.9997797
444.00978
444.0197802
444.0297804
444.0397806
444.0497808
444.0597811
444.0697813
444.0797815
444.0897817
444.0997819
444.1097822
444.1197824
444.1297826
444.1397828
444.149783
444.1597833
444.1697835
444.1797837
444.1897839
444.1997841
444.2097844
444.2197846
444.2297848
444.239785
444.2497852
444.2597855
444.2697857
444.2797859
444.2897861
444.2997863
444.3097866
444.3197868
444.329787
444.3397872
444.3497874
444.3597877
444.3697879
444.3797881
444.3897883
444.3997885
444.4097888
444.419789
444.4297892
444.4397894
444.4497896
444.4597899
444.4697901
444.4797903
444.4897905
444.4997907
444.509791
444.5197912
444.5297914
444.5397916
444.5497918
444.5597921
444.5697923
444.5797925
444.5897927
444.5997929
444.6097932
444.6197934
444.6297936
444.6397938
444.649794
444.6597943
444.6697945
444.6797947
444.6897949
444.6997951
444.7097954
444.7197956
444.7297958
444.739796
444.7497963
444.7597965
444.7697967
444.7797969
444.7897971
444.7997974
444.8097976
444.8197978
444.829798
444.8397982
444.8497985
444.8597987
444.8697989
444.8797991
444.8897993
444.8997996
444.9097998
444.9198
444.9298002
444.9398004
444.9498007
444.9598009
444.9698011
444.9798013
444.9898015
444.9998018
445.009802
445.0198022
445.0298024
445.0398026
445.0498029
445.0598031
445.0698033
445.0798035
445.0898037
445.099804
445.1098042
445.1198044
445.1298046
445.1398048
445.1498051
445.1598053
445.1698055
445.1798057
445.1898059
445.1998062
445.2098064
445.2198066
445.2298068
445.239807
445.2498073
445.2598075
445.2698077
445.2798079
445.2898081
445.2998084
445.3098086
445.3198088
445.329809
445.3398092
445.3498095
445.3598097
445.3698099
445.3798101
445.3898103
445.3998106
445.4098108
445.419811
445.4298112
445.4398114
445.4498117
445.4598119
445.4698121
445.4798123
445.4898126
445.4998128
445.509813
445.5198132
445.5298134
445.5398137
445.5498139
445.5598141
445.5698143
445.5798145
445.5898148
445.599815
445.6098152
445.6198154
445.6298156
445.6398159
445.6498161
445.6598163
445.6698165
445.6798167
445.689817
445.6998172
445.7098174
445.7198176
445.7298178
445.7398181
445.7498183
445.7598185
445.7698187
445.7798189
445.7898192
445.7998194
445.8098196
445.8198198
445.82982
445.8398203
445.8498205
445.8598207
445.8698209
445.8798211
445.8898214
445.8998216
445.9098218
445.919822
445.9298222
445.9398225
445.9498227
445.9598229
445.9698231
445.9798233
445.9898236
445.9998238
446.009824
446.0198242
446.0298244
446.0398247
446.0498249
446.0598251
446.0698253
446.0798255
446.0898258
446.099826
446.1098262
446.1198264
446.1298266
446.1398269
446.1498271
446.1598273
446.1698275
446.1798277
446.189828
446.1998282
446.2098284
446.2198286
446.2298289
446.2398291
446.2498293
446.2598295
446.2698297
446.27983
446.2898302
446.2998304
446.3098306
446.3198308
446.3298311
446.3398313
446.3498315
446.3598317
446.3698319
446.3798322
446.3898324
446.3998326
446.4098328
446.419833
446.4298333
446.4398335
446.4498337
446.4598339
446.4698341
446.4798344
446.4898346
446.4998348
446.509835
446.5198352
446.5298355
446.5398357
446.5498359
446.5598361
446.5698363
446.5798366
446.5898368
446.599837
446.6098372
446.6198374
446.6298377
446.6398379
446.6498381
446.6598383
446.6698385
446.6798388
446.689839
446.6998392
446.7098394
446.7198396
446.7298399
446.7398401
446.7498403
446.7598405
446.7698407
446.779841
446.7898412
446.7998414
446.8098416
446.8198418
446.8298421
446.8398423
446.8498425
446.8598427
446.8698429
446.8798432
446.8898434
446.8998436
446.9098438
446.919844
446.9298443
446.9398445
446.9498447
446.9598449
446.9698452
446.9798454
446.9898456
446.9998458
447.009846
447.0198463
447.0298465
447.0398467
447.0498469
447.0598471
447.0698474
447.0798476
447.0898478
447.099848
447.1098482
447.1198485
447.1298487
447.1398489
447.1498491
447.1598493
447.1698496
447.1798498
447.18985
447.1998502
447.2098504
447.2198507
447.2298509
447.2398511
447.2498513
447.2598515
447.2698518
447.279852
447.2898522
447.2998524
447.3098526
447.3198529
447.3298531
447.3398533
447.3498535
447.3598537
447.369854
447.3798542
447.3898544
447.3998546
447.4098548
447.4198551
447.4298553
447.4398555
447.4498557
447.4598559
447.4698562
447.4798564
447.4898566
447.4998568
447.509857
447.5198573
447.5298575
447.5398577
447.5498579
447.5598581
447.5698584
447.5798586
447.5898588
447.599859
447.6098592
447.6198595
447.6298597
447.6398599
447.6498601
447.6598603
447.6698606
447.6798608
447.689861
447.6998612
447.7098615
447.7198617
447.7298619
447.7398621
447.7498623
447.7598626
447.7698628
447.779863
447.7898632
447.7998634
447.8098637
447.8198639
447.8298641
447.8398643
447.8498645
447.8598648
447.869865
447.8798652
447.8898654
447.8998656
447.9098659
447.9198661
447.9298663
447.9398665
447.9498667
447.959867
447.9698672
447.9798674
447.9898676
447.9998678
448.0098681
448.0198683
448.0298685
448.0398687
448.0498689
448.0598692
448.0698694
448.0798696
448.0898698
448.09987
448.1098703
448.1198705
448.1298707
448.1398709
448.1498711
448.1598714
448.1698716
448.1798718
448.189872
448.1998722
448.2098725
448.2198727
448.2298729
448.2398731
448.2498733
448.2598736
448.2698738
448.279874
448.2898742
448.2998744
448.3098747
448.3198749
448.3298751
448.3398753
448.3498755
448.3598758
448.369876
448.3798762
448.3898764
448.3998766
448.4098769
448.4198771
448.4298773
448.4398775
448.4498778
448.459878
448.4698782
448.4798784
448.4898786
448.4998789
448.5098791
448.5198793
448.5298795
448.5398797
448.54988
448.5598802
448.5698804
448.5798806
448.5898808
448.5998811
448.6098813
448.6198815
448.6298817
448.6398819
448.6498822
448.6598824
448.6698826
448.6798828
448.689883
448.6998833
448.7098835
448.7198837
448.7298839
448.7398841
448.7498844
448.7598846
448.7698848
448.779885
448.7898852
448.7998855
448.8098857
448.8198859
448.8298861
448.8398863
448.8498866
448.8598868
448.869887
448.8798872
448.8898874
448.8998877
448.9098879
448.9198881
448.9298883
448.9398885
448.9498888
448.959889
448.9698892
448.9798894
448.9898896
448.9998899
449.0098901
449.0198903
449.0298905
449.0398907
449.049891
449.0598912
449.0698914
449.0798916
449.0898918
449.0998921
449.1098923
449.1198925
449.1298927
449.1398929
449.1498932
449.1598934
449.1698936
449.1798938
449.1898941
449.1998943
449.2098945
449.2198947
449.2298949
449.2398952
449.2498954
449.2598956
449.2698958
449.279896
449.2898963
449.2998965
449.3098967
449.3198969
449.3298971
449.3398974
449.3498976
449.3598978
449.369898
449.3798982
449.3898985
449.3998987
449.4098989
449.4198991
449.4298993
449.4398996
449.4498998
449.4599
449.4699002
449.4799004
449.4899007
449.4999009
449.5099011
449.5199013
449.5299015
449.5399018
449.549902
449.5599022
449.5699024
449.5799026
449.5899029
449.5999031
449.6099033
449.6199035
449.6299037
449.639904
449.6499042
449.6599044
449.6699046
449.6799048
449.6899051
449.6999053
449.7099055
449.7199057
449.7299059
449.7399062
449.7499064
449.7599066
449.7699068
449.779907
449.7899073
449.7999075
449.8099077
449.8199079
449.8299081
449.8399084
449.8499086
449.8599088
449.869909
449.8799092
449.8899095
449.8999097
449.9099099
449.9199101
449.9299104
449.9399106
449.9499108
449.959911
449.9699112
449.9799115
449.9899117
449.9999119
450.0099121
450.0199123
450.0299126
450.0399128
450.049913
450.0599132
450.0699134
450.0799137
450.0899139
450.0999141
450.1099143
450.1199145
450.1299148
450.139915
450.1499152
450.1599154
450.1699156
450.1799159
450.1899161
450.1999163
450.2099165
450.2199167
450.229917
450.2399172
450.2499174
450.2599176
450.2699178
450.2799181
450.2899183
450.2999185
450.3099187
450.3199189
450.3299192
450.3399194
450.3499196
450.3599198
450.36992
450.3799203
450.3899205
450.3999207
450.4099209
450.4199211
450.4299214
450.4399216
450.4499218
450.459922
450.4699222
450.4799225
450.4899227
450.4999229
450.5099231
450.5199233
450.5299236
450.5399238
450.549924
450.5599242
450.5699244
450.5799247
450.5899249
450.5999251
450.6099253
450.6199255
450.6299258
450.639926
450.6499262
450.6599264
450.6699267
450.6799269
450.6899271
450.6999273
450.7099275
450.7199278
450.729928
450.7399282
450.7499284
450.7599286
450.7699289
450.7799291
450.7899293
450.7999295
450.8099297
450.81993
450.8299302
450.8399304
450.8499306
450.8599308
450.8699311
450.8799313
450.8899315
450.8999317
450.9099319
450.9199322
450.9299324
450.9399326
450.9499328
450.959933
450.9699333
450.9799335
450.9899337
450.9999339
451.0099341
451.0199344
451.0299346
451.0399348
451.049935
451.0599352
451.0699355
451.0799357
451.0899359
451.0999361
451.1099363
451.1199366
451.1299368
451.139937
451.1499372
451.1599374
451.1699377
451.1799379
451.1899381
451.1999383
451.2099385
451.2199388
451.229939
451.2399392
451.2499394
451.2599396
451.2699399
451.2799401
451.2899403
451.2999405
451.3099407
451.319941
451.3299412
451.3399414
451.3499416
451.3599418
451.3699421
451.3799423
451.3899425
451.3999427
451.409943
451.4199432
451.4299434
451.4399436
451.4499438
451.4599441
451.4699443
451.4799445
451.4899447
451.4999449
451.5099452
451.5199454
451.5299456
451.5399458
451.549946
451.5599463
451.5699465
451.5799467
451.5899469
451.5999471
451.6099474
451.6199476
451.6299478
451.639948
451.6499482
451.6599485
451.6699487
451.6799489
451.6899491
451.6999493
451.7099496
451.7199498
451.72995
451.7399502
451.7499504
451.7599507
451.7699509
451.7799511
451.7899513
451.7999515
451.8099518
451.819952
451.8299522
451.8399524
451.8499526
451.8599529
451.8699531
451.8799533
451.8899535
451.8999537
451.909954
451.9199542
451.9299544
451.9399546
451.9499548
451.9599551
451.9699553
451.9799555
451.9899557
451.9999559
452.0099562
452.0199564
452.0299566
452.0399568
452.049957
452.0599573
452.0699575
452.0799577
452.0899579
452.0999581
452.1099584
452.1199586
452.1299588
452.139959
452.1499593
452.1599595
452.1699597
452.1799599
452.1899601
452.1999604
452.2099606
452.2199608
452.229961
452.2399612
452.2499615
452.2599617
452.2699619
452.2799621
452.2899623
452.2999626
452.3099628
452.319963
452.3299632
452.3399634
452.3499637
452.3599639
452.3699641
452.3799643
452.3899645
452.3999648
452.409965
452.4199652
452.4299654
452.4399656
452.4499659
452.4599661
452.4699663
452.4799665
452.4899667
452.499967
452.5099672
452.5199674
452.5299676
452.5399678
452.5499681
452.5599683
452.5699685
452.5799687
452.5899689
452.5999692
452.6099694
452.6199696
452.6299698
452.63997
452.6499703
452.6599705
452.6699707
452.6799709
452.6899711
452.6999714
452.7099716
452.7199718
452.729972
452.7399722
452.7499725
452.7599727
452.7699729
452.7799731
452.7899733
452.7999736
452.8099738
452.819974
452.8299742
452.8399744
452.8499747
452.8599749
452.8699751
452.8799753
452.8899756
452.8999758
452.909976
452.9199762
452.9299764
452.9399767
452.9499769
452.9599771
452.9699773
452.9799775
452.9899778
452.999978
453.0099782
453.0199784
453.0299786
453.0399789
453.0499791
453.0599793
453.0699795
453.0799797
453.08998
453.0999802
453.1099804
453.1199806
453.1299808
453.1399811
453.1499813
453.1599815
453.1699817
453.1799819
453.1899822
453.1999824
453.2099826
453.2199828
453.229983
453.2399833
453.2499835
453.2599837
453.2699839
453.2799841
453.2899844
453.2999846
453.3099848
453.319985
453.3299852
453.3399855
453.3499857
453.3599859
453.3699861
453.3799863
453.3899866
453.3999868
453.409987
453.4199872
453.4299874
453.4399877
453.4499879
453.4599881
453.4699883
453.4799885
453.4899888
453.499989
453.5099892
453.5199894
453.5299896
453.5399899
453.5499901
453.5599903
453.5699905
453.5799907
453.589991
453.5999912
453.6099914
453.6199916
453.6299919
453.6399921
453.6499923
453.6599925
453.6699927
453.679993
453.6899932
453.6999934
453.7099936
453.7199938
453.7299941
453.7399943
453.7499945
453.7599947
453.7699949
453.7799952
453.7899954
453.7999956
453.8099958
453.819996
453.8299963
453.8399965
453.8499967
453.8599969
453.8699971
453.8799974
453.8899976
453.8999978
453.909998
453.9199982
453.9299985
453.9399987
453.9499989
453.9599991
453.9699993
453.9799996
453.9899998
454
